persona_run_id,persona_code,block_order,blinded_item_id,paraphrase_mn,example_situation_mn,recall_period_usable,selected_response,response_options_fit,ambiguous_word_or_phrase,asks_more_than_one_thing,judgmental_or_shaming,socially_desirable_answer_obvious,missing_not_applicable_option,response_confidence_1_5,observable_decision_summary,synthetic_review_only,status_label
SPR-SP01,SP01,1,B013,Идэж байгаагаа хэсэг хугацааны дараа л мэдсэн.,Хичээлийн завсарлагаар утсаа үзэж байхдаа зууш идэж эхэлснээ дараа нь анзаарна.,true,Бага зэрэг тохирно,true,хэсэг хугацааны дараа,false,false,false,false,4,Утсаа үзэх үед анзааралгүй идэж эхлэх нь хааяа тохиолдож болох тул бага зэрэг тохирно гэж сонгов.,true,AI-REVISED CANDIDATE ITEM BANK ONLY | NOT HUMAN-REVIEWED | NOT PSYCHOMETRICALLY VALIDATED | NOT A CLINICAL OR PSYCHOLOGICAL DIAGNOSIS | NOT READY FOR PRODUCTION PSYCHOMETRIC CLAIMS
SPR-SP01,SP01,2,B016,Цадсан ч идэхээ болих эсэхээ шийдэхэд хэцүү байсан.,Кафед хоол идсэний дараа цадсан ч үлдсэнийг нь идэх үү гэж эргэлзэнэ.,true,Ховор,true,хэцүү,false,false,false,false,3,Цадсан үедээ идэхээ зогсоох тухай эргэлзэх нь ховор гэж сонгов.,true,AI-REVISED CANDIDATE ITEM BANK ONLY | NOT HUMAN-REVIEWED | NOT PSYCHOMETRICALLY VALIDATED | NOT A CLINICAL OR PSYCHOLOGICAL DIAGNOSIS | NOT READY FOR PRODUCTION PSYCHOMETRIC CLAIMS
SPR-SP01,SP01,3,B033,Тодорхой газар очихоороо бодолгүй идэх зүйл авсан.,Дэлгүүрийн кассын дэргэд очоод чихэр рүү шууд гараа сунгана.,true,Бага зэрэг тохирно,true,тодорхой газар,false,false,false,false,4,Кассын дэргэдэх зуушийг шууд авах нь хааяа байж болох тул бага зэрэг тохирно гэж сонгов.,true,AI-REVISED CANDIDATE ITEM BANK ONLY | NOT HUMAN-REVIEWED | NOT PSYCHOMETRICALLY VALIDATED | NOT A CLINICAL OR PSYCHOLOGICAL DIAGNOSIS | NOT READY FOR PRODUCTION PSYCHOMETRIC CLAIMS
SPR-SP01,SP01,4,B009,Өмнөх хариулттай адил сонголт хийх ёстой юм шиг санагдсан.,Ойролцоо асуултуудад дараалан хариулахдаа өмнөх сонголтоо давтах хэрэгтэй мэт бодогдоно.,true,Бага зэрэг санал нийлнэ,true,адил сонголт хийх ёстой,false,false,false,false,3,Асуултууд ойролцоо санагдахад өмнөх сонголтоо давтах ёстой мэт бага зэрэг санагдаж болно.,true,AI-REVISED CANDIDATE ITEM BANK ONLY | NOT HUMAN-REVIEWED | NOT PSYCHOMETRICALLY VALIDATED | NOT A CLINICAL OR PSYCHOLOGICAL DIAGNOSIS | NOT READY FOR PRODUCTION PSYCHOMETRIC CLAIMS
SPR-SP01,SP01,5,B018,Бодсоноосоо илүү идсэн.,Найзуудтайгаа хооллоод анх төлөвлөснөөсөө илүү порц иднэ.,true,Ховор,true,эхэндээ иднэ гэж бодсоноосоо,false,false,false,false,4,Найзуудтайгаа хооллох үед илүү идэх нь ховор гэж сонгов.,true,AI-REVISED CANDIDATE ITEM BANK ONLY | NOT HUMAN-REVIEWED | NOT PSYCHOMETRICALLY VALIDATED | NOT A CLINICAL OR PSYCHOLOGICAL DIAGNOSIS | NOT READY FOR PRODUCTION PSYCHOMETRIC CLAIMS
SPR-SP01,SP01,6,B036,Хоолны сурталчилгаа үзсэний дараа хоолны тухай бодсоор байсан.,Сошиалаар хоолны бичлэг үзсэний дараа дараа нь юу идэхээ бодно.,true,Заримдаа,true,бодол үргэлжилсэн,false,false,false,false,4,Сошиалын хоолны сурталчилгаа харсны дараа хоол бодогдох нь заримдаа тохиолдоно гэж сонгов.,true,AI-REVISED CANDIDATE ITEM BANK ONLY | NOT HUMAN-REVIEWED | NOT PSYCHOMETRICALLY VALIDATED | NOT A CLINICAL OR PSYCHOLOGICAL DIAGNOSIS | NOT READY FOR PRODUCTION PSYCHOMETRIC CLAIMS
SPR-SP01,SP01,7,B030,Нэг удаа төлөвлөгөөгөө алгассан ч дараа нь дахин үргэлжлүүлсэн.,Хоолны тодорхой төлөвлөгөө алгасаад дараагийн хоолондоо буцаад дагана.,true,Ийм нөхцөл тохиолдоогүй,true,төлөвлөгөөгөө,false,false,false,false,5,Өмнө нь хоолны төлөвлөгөө барьж байгаагүй тул ийм нөхцөл тохиолдоогүй гэж сонгов.,true,AI-REVISED CANDIDATE ITEM BANK ONLY | NOT HUMAN-REVIEWED | NOT PSYCHOMETRICALLY VALIDATED | NOT A CLINICAL OR PSYCHOLOGICAL DIAGNOSIS | NOT READY FOR PRODUCTION PSYCHOMETRIC CLAIMS
SPR-SP01,SP01,8,B032,Ядарсан үедээ хоолны төлөвлөгөөнийхөө зарим хэсгийг хийж чадна гэдэгтээ хэр итгэлтэй вэ?,Ядарсан орой хоолны төлөвлөгөөний дагуу ядаж нэг сонголтыг хийх эсэхээ төсөөлнө.,true,Ийм нөхцөл тохиолдоогүй,true,хэсэгчлэн хэрэгжүүлэх,false,false,false,false,5,Хоолны төлөвлөгөө барьж байгаагүй тул энэ нөхцөл тохиолдоогүй гэж сонгов.,true,AI-REVISED CANDIDATE ITEM BANK ONLY | NOT HUMAN-REVIEWED | NOT PSYCHOMETRICALLY VALIDATED | NOT A CLINICAL OR PSYCHOLOGICAL DIAGNOSIS | NOT READY FOR PRODUCTION PSYCHOMETRIC CLAIMS
SPR-SP01,SP01,9,B001,Маш их сульдсаны дараа л өлссөнөө мэдсэн.,Хичээл ба ажилтай өдөр удаан юм идээгүйгээ дараа нь бие сулрахаар анзаарна.,true,Ховор,true,маш их сульдсаны,false,false,false,false,4,Завгүй өдөр хоол алгасах нь ховор тул ховор гэж сонгов.,true,AI-REVISED CANDIDATE ITEM BANK ONLY | NOT HUMAN-REVIEWED | NOT PSYCHOMETRICALLY VALIDATED | NOT A CLINICAL OR PSYCHOLOGICAL DIAGNOSIS | NOT READY FOR PRODUCTION PSYCHOMETRIC CLAIMS
SPR-SP01,SP01,10,B017,Төлөвлөгөөгөө дагаагүй өдрөө бүтэлгүйтсэн гэж бодсон.,Хоолны төлөвлөгөөнөөс өөр зүйл идсэн өдрөө өөрийгөө бүтэлгүйтсэн гэж үзнэ.,true,Ийм нөхцөл тохиолдоогүй,true,бүтэлгүйтсэн,false,true,false,false,5,Өмнө нь хоолны төлөвлөгөө барьж байгаагүй тул ийм нөхцөл тохиолдоогүй гэж сонгов.,true,AI-REVISED CANDIDATE ITEM BANK ONLY | NOT HUMAN-REVIEWED | NOT PSYCHOMETRICALLY VALIDATED | NOT A CLINICAL OR PSYCHOLOGICAL DIAGNOSIS | NOT READY FOR PRODUCTION PSYCHOMETRIC CLAIMS
SPR-SP01,SP01,11,B024,Төлөвлөснөөс өөр идсэний дараа дараагийн хоолондоо төлөвлөгөөгөө үргэлжлүүлээгүй.,Нэг хоолонд төлөвлөгөөнөөс өөр идсэний дараа дараагийн хоолондоо төлөвлөгөөгөө дагахгүй орхино.,true,Ийм нөхцөл тохиолдоогүй,true,төлөвлөснөөс өөр идсэн,false,false,false,false,5,Өмнө нь хоолны төлөвлөгөө барьж байгаагүй тул ийм нөхцөл тохиолдоогүй гэж сонгов.,true,AI-REVISED CANDIDATE ITEM BANK ONLY | NOT HUMAN-REVIEWED | NOT PSYCHOMETRICALLY VALIDATED | NOT A CLINICAL OR PSYCHOLOGICAL DIAGNOSIS | NOT READY FOR PRODUCTION PSYCHOMETRIC CLAIMS
SPR-SP02,SP02,1,B034,Нэг байнга хийдэг зүйлээ дуусгахаар өөрийн эрхгүй юм идэж эхэлдэг.,Оройн ээлжээ тараад гэртээ ороход өлсөөгүй байсан ч шууд зууш авдаг.,true,Ихэнхдээ тохирно,true,Тогтмол хийдэг нэг зүйл,false,false,false,false,4,Ээлж тарсны дараа зууш авах байдал олонтоо давтагддаг тул энэ хариуг сонгов.,true,AI-REVISED CANDIDATE ITEM BANK ONLY | NOT HUMAN-REVIEWED | NOT PSYCHOMETRICALLY VALIDATED | NOT A CLINICAL OR PSYCHOLOGICAL DIAGNOSIS | NOT READY FOR PRODUCTION PSYCHOMETRIC CLAIMS
SPR-SP02,SP02,2,B035,Завгүй үедээ өмнө нь сонгож тавьсан амархан хоолоо идсэн.,Ажлын завсарлага богино үед гэрээс авчирсан энгийн хоолоо идэхийн оронд заримдаа бэлэн зүйл авдаг.,true,Заримдаа,true,,false,false,false,false,4,Сүүлийн 14 хоногт урьдчилан сонгосон хоол байсан үедээ заримдаа хэрэглэсэн.,true,AI-REVISED CANDIDATE ITEM BANK ONLY | NOT HUMAN-REVIEWED | NOT PSYCHOMETRICALLY VALIDATED | NOT A CLINICAL OR PSYCHOLOGICAL DIAGNOSIS | NOT READY FOR PRODUCTION PSYCHOMETRIC CLAIMS
SPR-SP02,SP02,3,B040,Байнга давтагддаг үед идэхээсээ өмнө юу сонгохоо боддог.,Ажлын ойролцоох дэлгүүрт ороод шууд авахын оронд юу идэхээ түр боддог.,true,Дунд зэрэг тохирно,true,Давтагддаг нөхцөл,false,false,false,false,3,Заримдаа түр бодож сонгодог ч яарсан үедээ шууд авдаг тул дунд хариулт сонгов.,true,AI-REVISED CANDIDATE ITEM BANK ONLY | NOT HUMAN-REVIEWED | NOT PSYCHOMETRICALLY VALIDATED | NOT A CLINICAL OR PSYCHOLOGICAL DIAGNOSIS | NOT READY FOR PRODUCTION PSYCHOMETRIC CLAIMS
SPR-SP02,SP02,4,B015,Энэ асуулгын зарим асуулт бараг адилхан санагдсан.,Одоогийн асуулгыг бөглөхөд хоол харах болон идэхээ бодох тухай хэдэн асуулт төстэй санагдсан.,true,Дунд зэрэг санал нийлнэ,true,Хэт төстэй,false,false,false,false,4,Одоогийн асуулгын үеэр хэдэн асуулт төстэй санагдсан ч бүгд адил байгаагүй.,true,AI-REVISED CANDIDATE ITEM BANK ONLY | NOT HUMAN-REVIEWED | NOT PSYCHOMETRICALLY VALIDATED | NOT A CLINICAL OR PSYCHOLOGICAL DIAGNOSIS | NOT READY FOR PRODUCTION PSYCHOMETRIC CLAIMS
SPR-SP02,SP02,5,B004,Идэж байхдаа цааш идэх үү гэж бодоод түр зогсож чадсан.,"Хоолны порцоо дуусгахаас өмнө халбагаа тавьж, дахиад идэх эсэхээ бодсон.",true,Заримдаа,true,,false,false,false,false,4,Сүүлийн 14 хоногт хооллож байхдаа хэд хэдэн удаа түр зогссон ч тогтмол байгаагүй.,true,AI-REVISED CANDIDATE ITEM BANK ONLY | NOT HUMAN-REVIEWED | NOT PSYCHOMETRICALLY VALIDATED | NOT A CLINICAL OR PSYCHOLOGICAL DIAGNOSIS | NOT READY FOR PRODUCTION PSYCHOMETRIC CLAIMS
SPR-SP02,SP02,6,B005,Хоол хараад татагдсан ч анхаарлаа өөр юм руу шилжүүлж чадсан.,Лангуун дээрх амттанг хараад авахыг хүссэн ч ажилдаа буцаад анхаарсан.,true,Ховор,true,Анхаарлаа өөр зүйлд буцаах,false,false,false,false,3,Сүүлийн 14 хоногт хоол харахад анхаарлаа өөр тийш шилжүүлсэн тохиолдол цөөн байсан.,true,AI-REVISED CANDIDATE ITEM BANK ONLY | NOT HUMAN-REVIEWED | NOT PSYCHOMETRICALLY VALIDATED | NOT A CLINICAL OR PSYCHOLOGICAL DIAGNOSIS | NOT READY FOR PRODUCTION PSYCHOMETRIC CLAIMS
SPR-SP02,SP02,7,B010,Биеэсээ болж тавгүй байсан ч хүссэн зүйлдээ оролцсон.,Найзуудтайгаа гарахдаа биеийнхээ талаар тавгүй санагдсан ч хамт явсан.,true,Ийм нөхцөл тохиолдоогүй,true,Биеийнхээ талаар тавгүй,false,false,true,false,4,Сүүлийн 30 хоногт биеийнхээ талаар тавгүйрхээд оролцох эсэхээ шийдэх нөхцөл гараагүй.,true,AI-REVISED CANDIDATE ITEM BANK ONLY | NOT HUMAN-REVIEWED | NOT PSYCHOMETRICALLY VALIDATED | NOT A CLINICAL OR PSYCHOLOGICAL DIAGNOSIS | NOT READY FOR PRODUCTION PSYCHOMETRIC CLAIMS
SPR-SP02,SP02,8,B031,Маш их өлсөхөөсөө өмнө өлсөж эхэлснээ мэдсэн.,Урт ээлжийн дундуур гэдэс өлсөж эхэлснийг анзаарсан ч завсарлага хүртэл хүлээсэн.,true,Ховор,true,Өлсөлт хэт хүчтэй,false,false,false,false,4,Сүүлийн 14 хоногт их өлсөхөөсөө өмнө анзаарсан удаа цөөн байсан.,true,AI-REVISED CANDIDATE ITEM BANK ONLY | NOT HUMAN-REVIEWED | NOT PSYCHOMETRICALLY VALIDATED | NOT A CLINICAL OR PSYCHOLOGICAL DIAGNOSIS | NOT READY FOR PRODUCTION PSYCHOMETRIC CLAIMS
SPR-SP02,SP02,9,B037,Төлөвлөөгүй юм идсэн ч дараагийн хоолноосоо хэвийн сонголтдоо буцаж чадна гэж хэр итгэж байна вэ?,Ээлжийн үеэр төлөвлөөгүй түргэн хоол идсэний дараа оройн хоолондоо өмнөх сонголтоо дагахыг төсөөлөв.,true,Дунд зэрэг итгэлтэй,true,Эргэн орж чадна,false,false,true,false,4,Төлөвлөөгүй зүйл идсэний дараа заримдаа дараагийн хоолондоо өмнөх сонголтдоо буцдаг тул дунд хариулт сонгов.,true,AI-REVISED CANDIDATE ITEM BANK ONLY | NOT HUMAN-REVIEWED | NOT PSYCHOMETRICALLY VALIDATED | NOT A CLINICAL OR PSYCHOLOGICAL DIAGNOSIS | NOT READY FOR PRODUCTION PSYCHOMETRIC CLAIMS
SPR-SP02,SP02,10,B014,Уурлаж эсвэл бухимдсаны дараа юм идсэн.,Ажлын хүнд ээлжийн дараа бухимдаад гэртээ ирэн зууш идсэн.,true,Заримдаа,true,,false,false,true,false,4,Сүүлийн 14 хоногт уурлаж бухимдсаны дараа хэд хэдэн удаа юм идсэн.,true,AI-REVISED CANDIDATE ITEM BANK ONLY | NOT HUMAN-REVIEWED | NOT PSYCHOMETRICALLY VALIDATED | NOT A CLINICAL OR PSYCHOLOGICAL DIAGNOSIS | NOT READY FOR PRODUCTION PSYCHOMETRIC CLAIMS
SPR-SP03,SP03,1,B023,Танил газар байхдаа өөрөө анзааралгүй идэж эхэлсэн.,Гэрээсээ ажиллаж байхдаа ширээн дээрх зуушнаас анзааралгүй авч идэх.,true,Дунд зэрэг тохирно,true,бодолгүйгээр,false,false,false,false,4,Танил орчинд ажиллах үед зууш идэх нь заримдаа тохиолдоно.,true,AI-REVISED CANDIDATE ITEM BANK ONLY | NOT HUMAN-REVIEWED | NOT PSYCHOMETRICALLY VALIDATED | NOT A CLINICAL OR PSYCHOLOGICAL DIAGNOSIS | NOT READY FOR PRODUCTION PSYCHOMETRIC CLAIMS
SPR-SP03,SP03,2,B028,"Идэж байхдаа зогсох уу, үргэлжлүүлэх үү гэдгээ удирдахад хэцүү байсан.",Оройн хоолны дараа амттан идэхээ зогсоох эсэхээ шийдэхэд гацах.,true,Заримдаа,true,удирдахад,true,false,false,false,3,Идэж байх үедээ үргэлжлүүлэх эсэхээ шийдэхэд заримдаа хэцүү байна.,true,AI-REVISED CANDIDATE ITEM BANK ONLY | NOT HUMAN-REVIEWED | NOT PSYCHOMETRICALLY VALIDATED | NOT A CLINICAL OR PSYCHOLOGICAL DIAGNOSIS | NOT READY FOR PRODUCTION PSYCHOMETRIC CLAIMS
SPR-SP03,SP03,3,B014,Уурлаж эсвэл бухимдсаны дараа юм идсэн.,Ажлын чатны маргааны дараа амттан авч идэх.,true,Заримдаа,true,,false,false,false,false,5,Бухимдсан үеийн дараа юм идэх нь заримдаа тохиолдсон.,true,AI-REVISED CANDIDATE ITEM BANK ONLY | NOT HUMAN-REVIEWED | NOT PSYCHOMETRICALLY VALIDATED | NOT A CLINICAL OR PSYCHOLOGICAL DIAGNOSIS | NOT READY FOR PRODUCTION PSYCHOMETRIC CLAIMS
SPR-SP03,SP03,4,B041,Өлсөж байгаагаа мэдсэн ч идэж эхлэх эсэхээ шийдэхэд хэцүү байсан.,Ажлын дундуур өлссөнөө мэдсэн ч шууд хооллох уу гэдгээ шийдэхгүй байх.,true,Ховор,true,,false,false,false,false,4,Өлссөнөө мэдсэн ч хооллож эхлэх шийдвэр ховорхон удааширсан.,true,AI-REVISED CANDIDATE ITEM BANK ONLY | NOT HUMAN-REVIEWED | NOT PSYCHOMETRICALLY VALIDATED | NOT A CLINICAL OR PSYCHOLOGICAL DIAGNOSIS | NOT READY FOR PRODUCTION PSYCHOMETRIC CLAIMS
SPR-SP03,SP03,5,B020,Бэлтгэл их шаардсан болохоор төлөвлөсөн зүйлээ хойшлуулсан.,Хоол бэлдэхэд олон зүйл хэрэгтэй санагдаад төлөвлөсөн хоолоо дараа болгох.,true,Олон удаа,true,олон бэлтгэл,false,false,false,false,4,Бэлтгэл ихтэй санагдсан үед төлөвлөсөн хооллолтоо олон удаа хойшлуулсан.,true,AI-REVISED CANDIDATE ITEM BANK ONLY | NOT HUMAN-REVIEWED | NOT PSYCHOMETRICALLY VALIDATED | NOT A CLINICAL OR PSYCHOLOGICAL DIAGNOSIS | NOT READY FOR PRODUCTION PSYCHOMETRIC CLAIMS
SPR-SP03,SP03,6,B036,Хоолны сурталчилгаа үзсэний дараа хоолны бодол үргэлжилсэн.,Сошиал дээр хоолны реклам үзээд дараа нь хоол бодогдох.,true,Олон удаа,true,,false,false,false,false,5,Хоолны сурталчилгаа үзсэний дараа хоолны тухай бодол олон удаа үргэлжилсэн.,true,AI-REVISED CANDIDATE ITEM BANK ONLY | NOT HUMAN-REVIEWED | NOT PSYCHOMETRICALLY VALIDATED | NOT A CLINICAL OR PSYCHOLOGICAL DIAGNOSIS | NOT READY FOR PRODUCTION PSYCHOMETRIC CLAIMS
SPR-SP03,SP03,7,B009,Асуултад хариулахдаа өмнөх хариулттайгаа ижил сонголт хийх хэрэгтэй мэт санагдсан.,Дараагийн асуултад өмнөх сонголтоо давтах ёстой юм шиг мэдрэгдэх.,true,Бага зэрэг санал нийлнэ,true,адил сонголт,false,false,false,false,4,Хариулах явцад өмнөх сонголтоо дагах ёстой мэт бага зэрэг санагдсан.,true,AI-REVISED CANDIDATE ITEM BANK ONLY | NOT HUMAN-REVIEWED | NOT PSYCHOMETRICALLY VALIDATED | NOT A CLINICAL OR PSYCHOLOGICAL DIAGNOSIS | NOT READY FOR PRODUCTION PSYCHOMETRIC CLAIMS
SPR-SP03,SP03,8,B012,Төлөвлөөгүй зүйл идсэний дараа тэр өдрийн хоолны төлөвлөгөөгөө орхисон.,Төлөвлөөгүй амттан идсэний дараа өдрийн бусад хоолоо төлөвлөхөө болих.,true,Заримдаа,true,төлөвлөснөөс өөр,false,false,false,false,4,Төлөвлөөгүй зүйл идсэний дараа тухайн өдрийн хоолны төлөвлөгөө заримдаа орхигдсон.,true,AI-REVISED CANDIDATE ITEM BANK ONLY | NOT HUMAN-REVIEWED | NOT PSYCHOMETRICALLY VALIDATED | NOT A CLINICAL OR PSYCHOLOGICAL DIAGNOSIS | NOT READY FOR PRODUCTION PSYCHOMETRIC CLAIMS
SPR-SP03,SP03,9,B026,Завгүй үед тохирох хоол сонгож чадна гэдэгтээ хэр итгэлтэй вэ?,Ажил олонтой өдөр бэлэн сонголтуудаас өөрт тохирох хоол сонгох.,true,Дунд зэрэг итгэлтэй,true,тохирох,false,false,false,false,4,Завгүй үед тохирох хоол сонгоно гэдэгтээ дунд зэрэг итгэлтэй байна.,true,AI-REVISED CANDIDATE ITEM BANK ONLY | NOT HUMAN-REVIEWED | NOT PSYCHOMETRICALLY VALIDATED | NOT A CLINICAL OR PSYCHOLOGICAL DIAGNOSIS | NOT READY FOR PRODUCTION PSYCHOMETRIC CLAIMS
SPR-SP03,SP03,10,B006,Ядарсан үедээ сонгосон хооллолтын нэг энгийн алхмыг хийж чадна гэдэгтээ хэр итгэлтэй вэ?,Урт ажлын өдрийн дараа урьдчилж сонгосон хялбар хоолоо бэлдэх.,true,Их итгэлтэй,true,энгийн алхам,false,false,false,false,4,Ядарсан үедээ сонгосон нэг энгийн алхмыг хийхдээ их итгэлтэй байна.,true,AI-REVISED CANDIDATE ITEM BANK ONLY | NOT HUMAN-REVIEWED | NOT PSYCHOMETRICALLY VALIDATED | NOT A CLINICAL OR PSYCHOLOGICAL DIAGNOSIS | NOT READY FOR PRODUCTION PSYCHOMETRIC CLAIMS
SPR-SP04,SP04,1,B023,Дассан газар байхдаа өөрийн мэдэлгүй идэж эхэлсэн.,Гэртээ хүүхдүүдийн үлдээсэн боовыг хараад нэгийг авч идсэн.,false,Бага зэрэг тохирно,true,танил орчин,false,false,false,false,4,Ерөнхий хугацаа тодорхойгүй ч асуултыг ойлгож сонголт хийсэн.,true,AI-REVISED CANDIDATE ITEM BANK ONLY | NOT HUMAN-REVIEWED | NOT PSYCHOMETRICALLY VALIDATED | NOT A CLINICAL OR PSYCHOLOGICAL DIAGNOSIS | NOT READY FOR PRODUCTION PSYCHOMETRIC CLAIMS
SPR-SP04,SP04,2,B016,Цадсанаа мэдсэн ч идэхээ болиход хэцүү байсан.,Оройн хоолонд цадсан ч тавган дээрхээ дуусгах гэж үргэлжлүүлэн идсэн.,true,Ховор,true,,false,false,false,false,4,14 хоногийн хугацаа болон хариултын сонголтууд тодорхой байсан.,true,AI-REVISED CANDIDATE ITEM BANK ONLY | NOT HUMAN-REVIEWED | NOT PSYCHOMETRICALLY VALIDATED | NOT A CLINICAL OR PSYCHOLOGICAL DIAGNOSIS | NOT READY FOR PRODUCTION PSYCHOMETRIC CLAIMS
SPR-SP04,SP04,3,B035,Завгүй үедээ өмнө нь бодож тавьсан амархан хоолоо сонгосон.,Ажил ихтэй өдөр гэрт байсан чанасан өндөг талхаа идсэн.,true,Заримдаа,true,энгийн хоолны хувилбар,false,false,true,false,4,Жишээ бодож хариулсан ч ямар хоолыг энгийн гэж үзэх нь хүн бүрт өөр байж болно.,true,AI-REVISED CANDIDATE ITEM BANK ONLY | NOT HUMAN-REVIEWED | NOT PSYCHOMETRICALLY VALIDATED | NOT A CLINICAL OR PSYCHOLOGICAL DIAGNOSIS | NOT READY FOR PRODUCTION PSYCHOMETRIC CLAIMS
SPR-SP04,SP04,4,B029,Биеийнхээ харагдах байдалд санаа зовж олны дунд хийх зүйлээс татгалзсан.,Баярын үеэр зураг авахуулах дургүйгээс хамтын зурагт ороогүй.,true,Ховор,true,хүмүүсийн дунд хийх үйл ажиллагаа,false,false,false,false,4,30 хоногийг санаж хариулсан ч үйл ажиллагаа гэдэг нь өргөн утгатай байв.,true,AI-REVISED CANDIDATE ITEM BANK ONLY | NOT HUMAN-REVIEWED | NOT PSYCHOMETRICALLY VALIDATED | NOT A CLINICAL OR PSYCHOLOGICAL DIAGNOSIS | NOT READY FOR PRODUCTION PSYCHOMETRIC CLAIMS
SPR-SP04,SP04,5,B022,Бусадтай хооллохдоо өөрөө хоолоо сонгож чадна гэдэгтээ хэр итгэлтэй вэ?,Айлд хооллохдоо идэх хэмжээгээ өөрөө сонгох.,true,Дунд зэрэг итгэлтэй,true,өөрийн сонголт,false,false,true,false,3,Төсөөлж хариулж болсон ч өөрийн сонголт гэдэгт хоолны төрөл эсвэл хэмжээний аль нь орох нь тодорхойгүй.,true,AI-REVISED CANDIDATE ITEM BANK ONLY | NOT HUMAN-REVIEWED | NOT PSYCHOMETRICALLY VALIDATED | NOT A CLINICAL OR PSYCHOLOGICAL DIAGNOSIS | NOT READY FOR PRODUCTION PSYCHOMETRIC CLAIMS
SPR-SP04,SP04,6,B003,Тавгүй санагдах үед хоол идэлгүй тэр мэдрэмжээ хэсэг тэвчсэн.,Уур хүрсэн үед юм идэхийн оронд гадаа хэсэг алхсан.,true,Ийм нөхцөл тохиолдоогүй,true,таагүй мэдрэмж,false,false,true,false,4,14 хоногт ийм тохиолдол байгаагүй гэсэн бэлэн сонголтыг ашигласан.,true,AI-REVISED CANDIDATE ITEM BANK ONLY | NOT HUMAN-REVIEWED | NOT PSYCHOMETRICALLY VALIDATED | NOT A CLINICAL OR PSYCHOLOGICAL DIAGNOSIS | NOT READY FOR PRODUCTION PSYCHOMETRIC CLAIMS
SPR-SP04,SP04,7,B011,Хоолны дэгээс жаахан гарахад бүх зүйл талаар болсон мэт санагдсан.,Төлөвлөснөөсөө нэг амттан илүү идээд цааш баримтлах хэрэггүй мэт бодсон.,true,Ийм нөхцөл тохиолдоогүй,true,хоолны дүрэм,false,false,false,false,4,Хоолны дүрэм баримталсан тохиолдолгүй тул тохирох сонголтыг ашигласан.,true,AI-REVISED CANDIDATE ITEM BANK ONLY | NOT HUMAN-REVIEWED | NOT PSYCHOMETRICALLY VALIDATED | NOT A CLINICAL OR PSYCHOLOGICAL DIAGNOSIS | NOT READY FOR PRODUCTION PSYCHOMETRIC CLAIMS
SPR-SP04,SP04,8,B010,Биеэсээ санаа зовсон ч хүссэн ажилдаа оролцсон.,Биеийнхээ төрхөөс зовсон ч нутгийн баярын бүжигт орсон.,true,Заримдаа,true,тавгүй байсан,false,false,true,false,4,30 хоногийн доторх жишээг санаж хариултын давтамжийг сонгосон.,true,AI-REVISED CANDIDATE ITEM BANK ONLY | NOT HUMAN-REVIEWED | NOT PSYCHOMETRICALLY VALIDATED | NOT A CLINICAL OR PSYCHOLOGICAL DIAGNOSIS | NOT READY FOR PRODUCTION PSYCHOMETRIC CLAIMS
SPR-SP04,SP04,9,B026,Завгүй үед тохирох хоол сонгож чадна гэдэгтээ хэр итгэлтэй вэ?,Хүүхдээ харж ажлаа амжуулах зуур хурдан бэлдэх хоол сонгох.,true,Бага зэрэг итгэлтэй,true,тохирох сонголт,false,false,true,false,3,Нөхцөлийг төсөөлж чадсан ч тохирох хоол гэж юуг хэлэх нь тодорхойгүй байв.,true,AI-REVISED CANDIDATE ITEM BANK ONLY | NOT HUMAN-REVIEWED | NOT PSYCHOMETRICALLY VALIDATED | NOT A CLINICAL OR PSYCHOLOGICAL DIAGNOSIS | NOT READY FOR PRODUCTION PSYCHOMETRIC CLAIMS
SPR-SP04,SP04,10,B040,Давтагддаг үед идэхээсээ өмнө юу сонгохоо бодсон.,Орой бүр цай уухдаа боов авахын өмнө идэх эсэхээ бодсон.,false,Дунд зэрэг тохирно,true,давтагддаг нөхцөл,false,false,true,false,4,Ерөнхий хугацаа бүдэг боловч давтагддаг нэг жишээг бодож хариулсан.,true,AI-REVISED CANDIDATE ITEM BANK ONLY | NOT HUMAN-REVIEWED | NOT PSYCHOMETRICALLY VALIDATED | NOT A CLINICAL OR PSYCHOLOGICAL DIAGNOSIS | NOT READY FOR PRODUCTION PSYCHOMETRIC CLAIMS
SPR-SP05,SP05,1,B018,Эхэндээ идэхээр бодсоноосоо илүү идсэн.,Орой ажил тараад нэг порц авсан ч идэж дуусаад дахин нэмээд идсэн.,true,Олон удаа,true,байхгүй,false,false,false,false,5,Хариултын сонголтууд давтамжийг ойлгомжтой ялгаж байна.,true,AI-REVISED CANDIDATE ITEM BANK ONLY | NOT HUMAN-REVIEWED | NOT PSYCHOMETRICALLY VALIDATED | NOT A CLINICAL OR PSYCHOLOGICAL DIAGNOSIS | NOT READY FOR PRODUCTION PSYCHOMETRIC CLAIMS
SPR-SP05,SP05,2,B019,Завгүй өдөрт зориулж хоолны төлөвлөгөөнийхөө амархан хувилбарыг урьдчилж бэлдсэн.,Ажлын ачаалалтай өдөр идэхээр салат эсвэл бэлэн хоолоо өмнөх орой нь бэлдсэн.,true,Заримдаа,true,энгийн хувилбар,false,false,true,false,4,Урьдчилж бэлдэх үйлдэл тодорхой боловч энгийн гэдэг нь хүн бүрт өөр байж болно.,true,AI-REVISED CANDIDATE ITEM BANK ONLY | NOT HUMAN-REVIEWED | NOT PSYCHOMETRICALLY VALIDATED | NOT A CLINICAL OR PSYCHOLOGICAL DIAGNOSIS | NOT READY FOR PRODUCTION PSYCHOMETRIC CLAIMS
SPR-SP05,SP05,3,B032,Ядарсан үедээ төлөвлөгөөгөө бүрэн биш ч хэсэгчлэн дагаж чадна гэдэгтээ хэр итгэлтэй вэ?,Ажлын дараа ядарсан ч оройн хоолноосоо зөвхөн төлөвлөсөн хэмжээгээр идэж чадна гэж бодох.,true,Дунд зэрэг итгэлтэй,true,хэсэгчлэн хэрэгжүүлэх,false,false,true,false,4,Ядарсан үеийн төсөөлсөн нөхцөл болон итгэлийн түвшнийг сонгож болно.,true,AI-REVISED CANDIDATE ITEM BANK ONLY | NOT HUMAN-REVIEWED | NOT PSYCHOMETRICALLY VALIDATED | NOT A CLINICAL OR PSYCHOLOGICAL DIAGNOSIS | NOT READY FOR PRODUCTION PSYCHOMETRIC CLAIMS
SPR-SP05,SP05,4,B003,Таагүй мэдрэмж төрөхөд идэхгүйгээр тэр мэдрэмжээ хэсэг тэвчсэн.,Сэтгэл дундуур үедээ зууш авахын оронд хэдэн минут өөр зүйл хийж өнгөрөөсөн.,true,Ховор,true,таагүй мэдрэмж,false,false,true,false,4,Нэг үйл явдлын давтамжийг асууж байгаа ч таагүй мэдрэмжийн утга өргөн байна.,true,AI-REVISED CANDIDATE ITEM BANK ONLY | NOT HUMAN-REVIEWED | NOT PSYCHOMETRICALLY VALIDATED | NOT A CLINICAL OR PSYCHOLOGICAL DIAGNOSIS | NOT READY FOR PRODUCTION PSYCHOMETRIC CLAIMS
SPR-SP05,SP05,5,B011,Хоолны дүрмээс жаахан зөрөхөд бүх зүйл талаар боллоо гэж санагдсан.,Төлөвлөөгүй амттан идсэний дараа өнөөдрийн хооллолт бүхэлдээ алдагдлаа гэж бодсон.,true,Олон удаа,true,хоолны дүрэм,false,false,false,false,5,Жижиг зөрчил гарсны дараах мэдрэмжийг давтамжаар хариулахад ойлгомжтой байна.,true,AI-REVISED CANDIDATE ITEM BANK ONLY | NOT HUMAN-REVIEWED | NOT PSYCHOMETRICALLY VALIDATED | NOT A CLINICAL OR PSYCHOLOGICAL DIAGNOSIS | NOT READY FOR PRODUCTION PSYCHOMETRIC CLAIMS
SPR-SP05,SP05,6,B042,Өдөр бүрийн нэг давтагддаг үйлдлийн дараа өөрөө ч анзааралгүй юм иддэг.,Компьютерийн өмнө ажлаа дуусгасны дараа шууд амттан авдаг.,true,Ихэнхдээ тохирно,true,бодолгүйгээр,false,false,false,false,5,Давтагддаг үйлдлийн дараах идэх үйлдлийг ерөнхий байдлаар үнэлэхэд тохиромжтой байна.,true,AI-REVISED CANDIDATE ITEM BANK ONLY | NOT HUMAN-REVIEWED | NOT PSYCHOMETRICALLY VALIDATED | NOT A CLINICAL OR PSYCHOLOGICAL DIAGNOSIS | NOT READY FOR PRODUCTION PSYCHOMETRIC CLAIMS
SPR-SP05,SP05,7,B021,Стресстэй өдөр хоолны төлөвлөгөөгөө дагаж чадна гэдэгтээ хэр итгэлтэй вэ?,Ажил дээр дарамттай өдөр байсан ч төлөвлөсөн оройн хоолоо идэж чадна гэж бодох.,true,Бага зэрэг итгэлтэй,true,стресстэй өдөр,false,false,true,false,5,Төсөөлсөн нөхцөлд итгэлийн түвшнийг сонгох сонголтууд тодорхой байна.,true,AI-REVISED CANDIDATE ITEM BANK ONLY | NOT HUMAN-REVIEWED | NOT PSYCHOMETRICALLY VALIDATED | NOT A CLINICAL OR PSYCHOLOGICAL DIAGNOSIS | NOT READY FOR PRODUCTION PSYCHOMETRIC CLAIMS
SPR-SP05,SP05,8,B038,Идэж байхдаа таатай цадсан үеэ анзаарсан.,Хоол идэж байхдаа хангалттай боллоо гэж мэдрээд зогссон.,true,Заримдаа,true,таатайгаар цадсан,false,false,true,false,4,Идэж байх үеийн мэдрэмжийг эргэн санаж давтамжаар хариулж болно.,true,AI-REVISED CANDIDATE ITEM BANK ONLY | NOT HUMAN-REVIEWED | NOT PSYCHOMETRICALLY VALIDATED | NOT A CLINICAL OR PSYCHOLOGICAL DIAGNOSIS | NOT READY FOR PRODUCTION PSYCHOMETRIC CLAIMS
SPR-SP05,SP05,9,B008,Төлөвлөснөөс өөр хооллосон ч дараагийн хоолондоо хэвийн байдлаар хооллосон.,Өдрийн хоолондоо төлөвлөөгүй зүйл идсэн ч оройн хоолондоо дахин төлөвлөгөөндөө орсон.,true,Ховор,true,хэвийн хооллолт,false,false,true,false,4,Дараагийн хоолонд юу хийснээ давтамжаар хариулахад ойлгомжтой боловч хэвийн гэдэг нь өргөн утгатай.,true,AI-REVISED CANDIDATE ITEM BANK ONLY | NOT HUMAN-REVIEWED | NOT PSYCHOMETRICALLY VALIDATED | NOT A CLINICAL OR PSYCHOLOGICAL DIAGNOSIS | NOT READY FOR PRODUCTION PSYCHOMETRIC CLAIMS
SPR-SP05,SP05,10,B027,Хоолны үнэр үнэртээд идэхээр шийдсэн.,Кафены хоолны үнэр үнэртээд өлсөөгүй байсан ч юм идэхээр авсан.,true,Олон удаа,true,байхгүй,false,false,false,false,5,Үнэрийн дараа идэх шийдвэр гарсан эсэхийг давтамжаар хариулахад ойлгомжтой байна.,true,AI-REVISED CANDIDATE ITEM BANK ONLY | NOT HUMAN-REVIEWED | NOT PSYCHOMETRICALLY VALIDATED | NOT A CLINICAL OR PSYCHOLOGICAL DIAGNOSIS | NOT READY FOR PRODUCTION PSYCHOMETRIC CLAIMS
SPR-SP05,SP05,11,B025,Зууш сонгохдоо үнэхээр идэх хүсэлтэй эсэхээ бодолгүй авсан.,Дэлгүүрийн кассан дээр шоколад хараад идмээр байгаа эсэхээ бодолгүй авсан.,true,Ихэнхдээ тохирно,true,идэх хүсэл,false,false,false,false,5,Зууш сонгох үеийн ердийн үйлдлийг сонголтуудаар тодорхой үнэлж болно.,true,AI-REVISED CANDIDATE ITEM BANK ONLY | NOT HUMAN-REVIEWED | NOT PSYCHOMETRICALLY VALIDATED | NOT A CLINICAL OR PSYCHOLOGICAL DIAGNOSIS | NOT READY FOR PRODUCTION PSYCHOMETRIC CLAIMS
SPR-SP06,SP06,1,B040,Байнга давтагддаг үед идэх зүйлээ урьдчилж бодож сонгосон.,Шөнийн ээлжийн завсарлага бүрт лангуунаас юу авахаа идэхээсээ өмнө бодсон.,true,Дунд зэрэг тохирно,true,Давтагддаг нөхцөл,false,false,true,false,4,Ерөнхий хугацааг давтагддаг ажлын завсарлагатай холбон дунд сонголт хийсэн.,true,AI-REVISED CANDIDATE ITEM BANK ONLY | NOT HUMAN-REVIEWED | NOT PSYCHOMETRICALLY VALIDATED | NOT A CLINICAL OR PSYCHOLOGICAL DIAGNOSIS | NOT READY FOR PRODUCTION PSYCHOMETRIC CLAIMS
SPR-SP06,SP06,2,B014,Уурлаж эсвэл бухимдсаны дараа хоол идсэн.,Ажлын хуваарь гэнэт солигдоход бухимдаад гэртээ ирэн зууш идсэн.,true,Заримдаа,true,,false,false,true,false,5,14 хоногийн дотор тохиолдсон жишээг санаж давтамжийн дунд сонголт хийсэн.,true,AI-REVISED CANDIDATE ITEM BANK ONLY | NOT HUMAN-REVIEWED | NOT PSYCHOMETRICALLY VALIDATED | NOT A CLINICAL OR PSYCHOLOGICAL DIAGNOSIS | NOT READY FOR PRODUCTION PSYCHOMETRIC CLAIMS
SPR-SP06,SP06,3,B041,Өлссөнөө мэдсэн ч яг идэх үү гэж шийдэхэд амаргүй байсан.,Шөнийн ээлжийн үеэр өлссөн ч завсарлага удахгүй дуусах тул идэх эсэхдээ эргэлзсэн.,true,Олон удаа,true,идэж эхлэх эсэхээ шийдэх,false,false,false,false,4,14 хоногийн ээлжийн хэд хэдэн үеийг санаж өндөр давтамж сонгосон; шийдвэрийн хэллэг бага зэрэг өргөн санагдсан.,true,AI-REVISED CANDIDATE ITEM BANK ONLY | NOT HUMAN-REVIEWED | NOT PSYCHOMETRICALLY VALIDATED | NOT A CLINICAL OR PSYCHOLOGICAL DIAGNOSIS | NOT READY FOR PRODUCTION PSYCHOMETRIC CLAIMS
SPR-SP06,SP06,4,B015,Энэ асуулгын асуултууд хэт адилхан мэт байсан.,Хоол идсэн үеийн тухай хэд хэдэн асуултыг уншаад өмнөхтэй төстэй санагдсан.,true,Дунд зэрэг санал нийлнэ,true,хэт төстэй,false,false,false,false,4,Одоогийн асуулгуудын зарим нь төстэй боловч бүгд адил биш гэж үзэн дунд сонголт хийсэн.,true,AI-REVISED CANDIDATE ITEM BANK ONLY | NOT HUMAN-REVIEWED | NOT PSYCHOMETRICALLY VALIDATED | NOT A CLINICAL OR PSYCHOLOGICAL DIAGNOSIS | NOT READY FOR PRODUCTION PSYCHOMETRIC CLAIMS
SPR-SP06,SP06,5,B020,Бэлтгэх ажил их байсан болохоор хийхээр төлөвлөснөө дараа болгосон.,Ээлжийн өмнө хоол бэлтгэхэд олон зүйл хэрэгтэй санагдаж маргааш болтол хойшлуулсан.,true,Олон удаа,true,төлөвлөснөө,false,false,true,false,4,14 хоногийн завгүй хуваарьт хэд хэдэн хойшлуулсан үе таарч өндөр давтамж сонгосон; юу төлөвлөснийг асуулт тодорхойлоогүй.,true,AI-REVISED CANDIDATE ITEM BANK ONLY | NOT HUMAN-REVIEWED | NOT PSYCHOMETRICALLY VALIDATED | NOT A CLINICAL OR PSYCHOLOGICAL DIAGNOSIS | NOT READY FOR PRODUCTION PSYCHOMETRIC CLAIMS
SPR-SP06,SP06,6,B002,Гуниглах үед хоол идсэний дараа түр зуур арай тайван болсон.,Ахмад гэр бүлийн хүний асаргаанд санаа зовсон орой юм идээд хэсэгхэн тайвширсан.,true,Заримдаа,true,,false,false,false,false,4,14 хоногийн дотор зарим удаа тохиолдсон жишээнд тулгуурлан дунд давтамж сонгосон.,true,AI-REVISED CANDIDATE ITEM BANK ONLY | NOT HUMAN-REVIEWED | NOT PSYCHOMETRICALLY VALIDATED | NOT A CLINICAL OR PSYCHOLOGICAL DIAGNOSIS | NOT READY FOR PRODUCTION PSYCHOMETRIC CLAIMS
SPR-SP06,SP06,7,B023,Дассан газартаа байхдаа сайн бодолгүй идэж эхэлсэн.,Шөнийн ээлжийн танил амралтын өрөөнд байсан зуушнаас анзааралгүй авч идсэн.,true,Дунд зэрэг тохирно,true,бодолгүйгээр,false,false,true,false,4,Ерөнхий хугацааг танил ажлын орчинтой холбон дунд сонголт хийсэн; бодолгүй гэдэг нь хэмжээгүй хэллэг санагдсан.,true,AI-REVISED CANDIDATE ITEM BANK ONLY | NOT HUMAN-REVIEWED | NOT PSYCHOMETRICALLY VALIDATED | NOT A CLINICAL OR PSYCHOLOGICAL DIAGNOSIS | NOT READY FOR PRODUCTION PSYCHOMETRIC CLAIMS
SPR-SP06,SP06,8,B039,Хоол гарын дор байсан ч идэхгүй байхаа сонгож чадна гэдэгтээ хэр итгэлтэй вэ?,Амралтын өрөөний ширээн дээр амттан байхад авахгүй өнгөрөхийг төсөөлсөн.,true,Дунд зэрэг итгэлтэй,true,идэх эсэхээ сонгож чадна,false,false,true,false,4,Төсөөлсөн танил нөхцөлд идэх эсэхийн сонголтыг дунд зэргийн итгэлтэй гэж хариулсан.,true,AI-REVISED CANDIDATE ITEM BANK ONLY | NOT HUMAN-REVIEWED | NOT PSYCHOMETRICALLY VALIDATED | NOT A CLINICAL OR PSYCHOLOGICAL DIAGNOSIS | NOT READY FOR PRODUCTION PSYCHOMETRIC CLAIMS
SPR-SP06,SP06,9,B006,Ядарсан үед сонгосон хооллолтын нэг амархан алхмыг хийж чадна гэдэгтээ хэр итгэлтэй вэ?,Шөнийн ээлжийн дараа ядарсан ч ус уух эсвэл бэлдсэн хоолоо авахыг төсөөлсөн.,true,Их итгэлтэй,true,хооллолтын нэг энгийн алхам,false,false,true,false,4,Нэг энгийн алхмын жишээг өөрөө сонгон төсөөлөөд өндөр итгэлтэй гэсэн хариулт өгсөн.,true,AI-REVISED CANDIDATE ITEM BANK ONLY | NOT HUMAN-REVIEWED | NOT PSYCHOMETRICALLY VALIDATED | NOT A CLINICAL OR PSYCHOLOGICAL DIAGNOSIS | NOT READY FOR PRODUCTION PSYCHOMETRIC CLAIMS
SPR-SP06,SP06,10,B024,Нэг удаа төлөвлөөгүй зүйл идсэний дараа дараагийн хоолондоо төлөвлөгөөгөө дагаагүй.,Ээлжийн үеэр төлөвлөөгүй зууш идээд дараагийн хоолондоо бэлдсэн хоолоо сонгоогүй.,true,Заримдаа,true,төлөвлөгөөгөө үргэлжлүүлээгүй,false,false,true,false,4,14 хоногийн зарим тохиолдлыг санаж дунд давтамж сонгосон; үргэлжлүүлэх гэдэг нь яг ямар үйлдлийг хэлснийг өөрөө тайлбарласан.,true,AI-REVISED CANDIDATE ITEM BANK ONLY | NOT HUMAN-REVIEWED | NOT PSYCHOMETRICALLY VALIDATED | NOT A CLINICAL OR PSYCHOLOGICAL DIAGNOSIS | NOT READY FOR PRODUCTION PSYCHOMETRIC CLAIMS
SPR-SP07,SP07,1,B035,Завгүй үедээ урьдчилж бодсон хялбар хоолоо сонгож идсэн.,Мал дагаж яваад завгүй болсон өдөр өмнө нь сонгосон хялбар хоол байсан эсэхээ бодно.,true,Огт байгаагүй,false,урьдчилан сонгосон энгийн хоолны хувилбар,false,false,false,true,4,Завгүй байх нь тохирох боловч урьдчилан сонгосон хоол байгаагүй тул эхний сонголтыг авсан.,true,AI-REVISED CANDIDATE ITEM BANK ONLY | NOT HUMAN-REVIEWED | NOT PSYCHOMETRICALLY VALIDATED | NOT A CLINICAL OR PSYCHOLOGICAL DIAGNOSIS | NOT READY FOR PRODUCTION PSYCHOMETRIC CLAIMS
SPR-SP07,SP07,2,B039,Идэх юм ойр байхад идэх эсэхээ өөрөө шийдэж чадна гэдэгтээ хэр итгэлтэй вэ?,Гэрт бэлэн хоол ойр байхад идэх эсэхээ өөрөө шийдэх байдлаа төсөөлнө.,true,Дунд зэрэг итгэлтэй,true,Идэх зүйл,false,false,false,false,4,Ойр байгаа идэх зүйлийн тухай төсөөлөхөд дунд зэргийн итгэлтэй гэсэн сонголтыг авсан.,true,AI-REVISED CANDIDATE ITEM BANK ONLY | NOT HUMAN-REVIEWED | NOT PSYCHOMETRICALLY VALIDATED | NOT A CLINICAL OR PSYCHOLOGICAL DIAGNOSIS | NOT READY FOR PRODUCTION PSYCHOMETRIC CLAIMS
SPR-SP07,SP07,3,B032,Ядарсан үедээ хоолны төлөвлөгөөгөө бүхэлд нь биш ч багахан хэмжээгээр дагаж чадна гэдэгтээ хэр итгэлтэй вэ?,Удаан ажилласны дараа хоолны төлөвлөгөө байвал түүнээсээ ядаж нэг хэсгийг нь хийх эсэхээ төсөөлнө.,false,Бага зэрэг итгэлтэй,false,хооллолтын төлөвлөгөө,false,false,false,true,3,Ядарсан үеийг төсөөлж болох ч хоолны төлөвлөгөө тодорхой биш тул бага зэрэг итгэлтэй гэсэн сонголтыг авсан.,true,AI-REVISED CANDIDATE ITEM BANK ONLY | NOT HUMAN-REVIEWED | NOT PSYCHOMETRICALLY VALIDATED | NOT A CLINICAL OR PSYCHOLOGICAL DIAGNOSIS | NOT READY FOR PRODUCTION PSYCHOMETRIC CLAIMS
SPR-SP07,SP07,4,B008,Төлөвлөөгүй хоол идсэн ч дараагийн хоолон дээрээ ердийнхөөрөө идсэн.,Өмнө нь хоолоо төлөвлөөгүй бол энэ асуултад таарах тохиолдлыг олоход бэрх байна.,false,Огт байгаагүй,false,хэвийн хооллолт,false,false,false,true,3,Өмнөх хоолны төлөвлөгөө байхгүй тул өгүүлсэн тохиолдол таараагүй гэж сонгосон.,true,AI-REVISED CANDIDATE ITEM BANK ONLY | NOT HUMAN-REVIEWED | NOT PSYCHOMETRICALLY VALIDATED | NOT A CLINICAL OR PSYCHOLOGICAL DIAGNOSIS | NOT READY FOR PRODUCTION PSYCHOMETRIC CLAIMS
SPR-SP07,SP07,5,B041,Өлсөж байгаагаа мэдсэн ч идэх үү гэдгээ шийдэхэд хэцүү байсан.,"Ажил дундуур өлссөнөө мэдээд шууд идэх үү, дараа идэх үү гэж эргэлзсэн үеэ санана.",true,Ховор,true,,false,false,false,false,4,Сүүлийн 14 хоногт ийм шийдвэр гаргахад бэрх үе ховор байсан гэж сонгосон.,true,AI-REVISED CANDIDATE ITEM BANK ONLY | NOT HUMAN-REVIEWED | NOT PSYCHOMETRICALLY VALIDATED | NOT A CLINICAL OR PSYCHOLOGICAL DIAGNOSIS | NOT READY FOR PRODUCTION PSYCHOMETRIC CLAIMS
SPR-SP07,SP07,6,B018,Анх иднэ гэж бодсоноосоо илүү их идсэн.,Хооллож эхлэхдээ бодсон хэмжээнээсээ илүү идсэн өдрөө санана.,true,Ховор,true,,false,false,true,false,4,Сүүлийн 14 хоногт бодсоноосоо илүү идсэн тохиолдол ховор гэж сонгосон.,true,AI-REVISED CANDIDATE ITEM BANK ONLY | NOT HUMAN-REVIEWED | NOT PSYCHOMETRICALLY VALIDATED | NOT A CLINICAL OR PSYCHOLOGICAL DIAGNOSIS | NOT READY FOR PRODUCTION PSYCHOMETRIC CLAIMS
SPR-SP07,SP07,7,B013,Идэж эхэлснээ хэсэг өнгөрсний дараа л мэдсэн.,Өдөр тутам хооллож эхэлснээ шууд анзаардаг эсэхээ бодно.,true,Бага зэрэг тохирно,true,,false,false,true,false,4,Ерөнхийдөө энэ өгүүлбэр бага зэрэг тохирно гэсэн сонголтыг авсан.,true,AI-REVISED CANDIDATE ITEM BANK ONLY | NOT HUMAN-REVIEWED | NOT PSYCHOMETRICALLY VALIDATED | NOT A CLINICAL OR PSYCHOLOGICAL DIAGNOSIS | NOT READY FOR PRODUCTION PSYCHOMETRIC CLAIMS
SPR-SP07,SP07,8,B027,Хоолны үнэр үнэртээд идэхээр шийдсэн.,Гэрийн хоолны үнэр үнэртэхэд идэхээр шийдсэн үеэ сүүлийн 14 хоногоос санана.,true,Заримдаа,true,,false,false,false,false,4,Сүүлийн 14 хоногт хоолны үнэрээс болж идэхээр шийдсэн нь заримдаа байсан гэж сонгосон.,true,AI-REVISED CANDIDATE ITEM BANK ONLY | NOT HUMAN-REVIEWED | NOT PSYCHOMETRICALLY VALIDATED | NOT A CLINICAL OR PSYCHOLOGICAL DIAGNOSIS | NOT READY FOR PRODUCTION PSYCHOMETRIC CLAIMS
SPR-SP07,SP07,9,B033,Тодорхой газар очихоороо бодолгүйгээр идэх юм руу гараа сунгасан.,Гэрийн нэг газар эсвэл дэлгүүрт очиход шууд идэх юм авах зуршил байдаг эсэхээ бодно.,false,Бага зэрэг тохирно,false,Тодорхой газар болоход,false,false,true,false,3,Тодорхой газар гэсэн хэллэг өргөн санагдсан тул өгүүлбэр бага зэрэг тохирно гэж сонгосон.,true,AI-REVISED CANDIDATE ITEM BANK ONLY | NOT HUMAN-REVIEWED | NOT PSYCHOMETRICALLY VALIDATED | NOT A CLINICAL OR PSYCHOLOGICAL DIAGNOSIS | NOT READY FOR PRODUCTION PSYCHOMETRIC CLAIMS
SPR-SP07,SP07,10,B009,Энэ асуултад хариулахдаа өмнөх хариулттайгаа ижил сонголт хийх ёстой юм шиг санагдсан.,Нэг асуултад хариулсны дараа дараагийн асуултад мөн адилхан сонголт хийх ёстой мэт мэдрэмж төрсөн эсэхээ бодно.,true,Бага зэрэг санал нийлнэ,true,,false,false,false,false,4,Одоогийн асуулгад өмнөх хариултыг дагах ёстой мэт мэдрэмж бага зэрэг төрсөн гэж сонгосон.,true,AI-REVISED CANDIDATE ITEM BANK ONLY | NOT HUMAN-REVIEWED | NOT PSYCHOMETRICALLY VALIDATED | NOT A CLINICAL OR PSYCHOLOGICAL DIAGNOSIS | NOT READY FOR PRODUCTION PSYCHOMETRIC CLAIMS
SPR-SP08,SP08,1,B031,Өлсгөлөн маш хүчтэй болохоос өмнө би өлсөж эхэлснээ мэдэрсэн.,"Ажилдаа анхаараад сууж байхдаа гэдэс бага зэрэг хонхолзож эхлэхийг анзаарч, дараа нь хооллосон.",true,Заримдаа,true,хэт хүчтэй,false,false,true,false,4,"14 хоногийн хугацааг ойлгомжтой хэрэглэж, тохиолдлын давтамжийг “Заримдаа” гэж сонгов.",true,AI-REVISED CANDIDATE ITEM BANK ONLY | NOT HUMAN-REVIEWED | NOT PSYCHOMETRICALLY VALIDATED | NOT A CLINICAL OR PSYCHOLOGICAL DIAGNOSIS | NOT READY FOR PRODUCTION PSYCHOMETRIC CLAIMS
SPR-SP08,SP08,2,B014,Уурлаж эсвэл бухимдсаны дараа би юм идсэн.,"Ажлын захиалга гэнэт өөрчлөгдсөний дараа бухимдаж, өлсөөгүй ч зууш идсэн.",true,Заримдаа,true,юм идсэн,false,false,true,false,4,"Уурласан эсвэл бухимдсан үеийг хамтад нь нэг төрлийн боломж гэж авч, “Заримдаа” гэж сонгов.",true,AI-REVISED CANDIDATE ITEM BANK ONLY | NOT HUMAN-REVIEWED | NOT PSYCHOMETRICALLY VALIDATED | NOT A CLINICAL OR PSYCHOLOGICAL DIAGNOSIS | NOT READY FOR PRODUCTION PSYCHOMETRIC CLAIMS
SPR-SP08,SP08,3,B011,Хоолны дүрмээ жаахан зөрчихөд бүх оролдлого нурсан юм шиг надад санагдсан.,Төлөвлөөгүй амттан идсэний дараа тэр өдрийн хооллолтоо аль хэдийн алдсан мэт бодсон.,true,Олон удаа,true,бүх зүйл бүтэлгүйтсэн,false,true,true,false,5,“Бүх зүйл бүтэлгүйтсэн” гэдэг өргөн хүрээтэй хэллэгийг тухайн өдрийн хоолны оролдлого гэж ойлгон “Олон удаа” гэж сонгов.,true,AI-REVISED CANDIDATE ITEM BANK ONLY | NOT HUMAN-REVIEWED | NOT PSYCHOMETRICALLY VALIDATED | NOT A CLINICAL OR PSYCHOLOGICAL DIAGNOSIS | NOT READY FOR PRODUCTION PSYCHOMETRIC CLAIMS
SPR-SP08,SP08,4,B012,Төлөвлөөгүй зүйл идсэнийхээ дараа тэр өдрийн үлдсэн хоолны төлөвлөгөөг дагахаа больсон.,"Өдрийн хоолонд төлөвлөснөөс өөр зүйл идээд, оройн хоолоо ч төлөвлөгөөгүй сонгосон.",true,Олон удаа,true,хоолны төлөвлөгөөгөө орхисон,false,false,true,false,5,“Орхисон” гэдгийг өдрийн үлдсэн төлөвлөгөөг дагахаа больсон гэж ойлгон “Олон удаа” гэж сонгов.,true,AI-REVISED CANDIDATE ITEM BANK ONLY | NOT HUMAN-REVIEWED | NOT PSYCHOMETRICALLY VALIDATED | NOT A CLINICAL OR PSYCHOLOGICAL DIAGNOSIS | NOT READY FOR PRODUCTION PSYCHOMETRIC CLAIMS
SPR-SP08,SP08,5,B021,Стресс ихтэй өдөр хоолны төлөвлөгөөгөө баримталж чадна гэдэгт би хэр итгэлтэй байна вэ?,Шахуу хугацаатай хэд хэдэн ажил давхцсан өдөр урьдчилан сонгосон хоолоо идэж байгаагаар төсөөлсөн.,true,Бага зэрэг итгэлтэй,true,хоолны төлөвлөгөө,false,false,true,false,4,"Төсөөлсөн стресстэй өдрийг ашиглаж, өгөгдсөн итгэлийн шатлалаас “Бага зэрэг итгэлтэй” гэж сонгов.",true,AI-REVISED CANDIDATE ITEM BANK ONLY | NOT HUMAN-REVIEWED | NOT PSYCHOMETRICALLY VALIDATED | NOT A CLINICAL OR PSYCHOLOGICAL DIAGNOSIS | NOT READY FOR PRODUCTION PSYCHOMETRIC CLAIMS
SPR-SP08,SP08,6,B017,Төлөвлөгөөгөө яг мөрдөөгүй өдрөө би бүтэлгүй өдөр гэж тооцсон.,Төлөвлөсөн цагаасаа орой хооллосныхоо дараа тэр өдрийн төлөвлөгөө амжилтгүй болсон гэж үзсэн.,true,Олон удаа,true,яг дагаагүй,false,true,true,false,5,“Яг дагаагүй” гэдгийг хугацаа эсвэл сонголтоос ямар нэг зөрүү гарсан гэж ойлгон “Олон удаа” гэж сонгов.,true,AI-REVISED CANDIDATE ITEM BANK ONLY | NOT HUMAN-REVIEWED | NOT PSYCHOMETRICALLY VALIDATED | NOT A CLINICAL OR PSYCHOLOGICAL DIAGNOSIS | NOT READY FOR PRODUCTION PSYCHOMETRIC CLAIMS
SPR-SP08,SP08,7,B034,Байнга хийдэг нэг үйлдэл дуусахад би бодолгүйгээр идэж эхэлдэг.,Орой ажлын компьютераа хаасны дараа гал тогооноос зууш авах нь шууд дараагийн үйлдэл болсон.,true,Ихэнхдээ тохирно,true,тогтмол хийдэг нэг зүйл,false,false,true,false,4,"Нэг давтагддаг ажлын төгсгөлийг жишиг болгож, ерөнхий тохирлыг “Ихэнхдээ тохирно” гэж сонгов.",true,AI-REVISED CANDIDATE ITEM BANK ONLY | NOT HUMAN-REVIEWED | NOT PSYCHOMETRICALLY VALIDATED | NOT A CLINICAL OR PSYCHOLOGICAL DIAGNOSIS | NOT READY FOR PRODUCTION PSYCHOMETRIC CLAIMS
SPR-SP08,SP08,8,B006,Ядарсан үедээ урьдчилан сонгосон хооллолтын нэг хялбар алхмыг хийж чадна гэдэгт би хэр итгэлтэй байна вэ?,Орой ядарсан үедээ хоол захиалахын өмнө ус уух гэсэн сонгосон алхмаа хийж байгаагаар төсөөлсөн.,true,Дунд зэрэг итгэлтэй,true,нэг энгийн алхам,false,false,true,false,4,"Жишээ болгон нэг тодорхой алхам сонгож, итгэлийн түвшнийг “Дунд зэрэг итгэлтэй” гэж тэмдэглэв.",true,AI-REVISED CANDIDATE ITEM BANK ONLY | NOT HUMAN-REVIEWED | NOT PSYCHOMETRICALLY VALIDATED | NOT A CLINICAL OR PSYCHOLOGICAL DIAGNOSIS | NOT READY FOR PRODUCTION PSYCHOMETRIC CLAIMS
SPR-SP08,SP08,9,B030,Төлөвлөгөөгөө нэг удаа алгассан ч дараагийн боломж дээр буцаад үргэлжлүүлсэн.,Нэг оройн хоол төлөвлөгөөнөөс гарсан ч маргааш өглөө сонгосон хооллолтоо дахин эхэлсэн.,true,Заримдаа,true,дараагийн удаа,false,false,true,false,5,“Дараагийн удаа” гэдгийг дараагийн хооллох боломж гэж ойлгон “Заримдаа” гэж сонгов.,true,AI-REVISED CANDIDATE ITEM BANK ONLY | NOT HUMAN-REVIEWED | NOT PSYCHOMETRICALLY VALIDATED | NOT A CLINICAL OR PSYCHOLOGICAL DIAGNOSIS | NOT READY FOR PRODUCTION PSYCHOMETRIC CLAIMS
SPR-SP08,SP08,10,B009,Энэ асуулгыг бөглөхдөө өмнөхтэйгээ ижил хариулт сонгох хэрэгтэй юм шиг надад санагдсан.,Ойролцоо утгатай хоёр асуултыг дараалан хараад өмнөх сонголтоо давтах ёстой эсэхэд эргэлзсэн.,true,Бага зэрэг санал нийлнэ,true,адил сонголт,false,false,true,false,5,"Одоогийн асуулгын үеийн мэдрэмжийг шууд үнэлж, “Бага зэрэг санал нийлнэ” гэж сонгов.",true,AI-REVISED CANDIDATE ITEM BANK ONLY | NOT HUMAN-REVIEWED | NOT PSYCHOMETRICALLY VALIDATED | NOT A CLINICAL OR PSYCHOLOGICAL DIAGNOSIS | NOT READY FOR PRODUCTION PSYCHOMETRIC CLAIMS
SPR-SP08,SP08,11,B027,"Хоолны үнэр нөлөөлж, би идэхээр шийдсэн.",Кафены хажуугаар өнгөрөхдөө шинэхэн боовны үнэр үнэртээд нэгийг авч идсэн.,true,Олон удаа,true,идэхээр шийдсэн,false,false,true,false,5,"Үнэрийн дараа идэх сонголт хийсэн тохиолдлыг тоолж, “Олон удаа” гэж сонгов.",true,AI-REVISED CANDIDATE ITEM BANK ONLY | NOT HUMAN-REVIEWED | NOT PSYCHOMETRICALLY VALIDATED | NOT A CLINICAL OR PSYCHOLOGICAL DIAGNOSIS | NOT READY FOR PRODUCTION PSYCHOMETRIC CLAIMS
SPR-SP09,SP09,1,B025,Зууш сонгохдоо үнэхээр өлсөж эсвэл идэх хүсэлтэй байгаа эсэхээ шалгалгүй сонгосон.,Ажлын завсарлагаар лангуун дээрх зуушнаас шууд авсан.,true,Ихэнхдээ тохирно,true,false,false,false,false,false,4,Завсарлага богино бөгөөд бэлэн зууш ойрхон байх үед шууд сонгох нь энэ хүний хэвшилтэй нийцнэ.,true,AI-REVISED CANDIDATE ITEM BANK ONLY | NOT HUMAN-REVIEWED | NOT PSYCHOMETRICALLY VALIDATED | NOT A CLINICAL OR PSYCHOLOGICAL DIAGNOSIS | NOT READY FOR PRODUCTION PSYCHOMETRIC CLAIMS
SPR-SP09,SP09,2,B027,Хоолны үнэр үнэртэхээр идэхээр шийдсэн.,Ажлаасаа харих замд шинэхэн боовны үнэр үнэртээд авч идсэн.,true,Олон удаа,true,false,false,false,false,false,4,Өдөр тутмын явж өнгөрдөг газар хоолны үнэр таарах үед идэх шийдвэр олонтаа гарч болно.,true,AI-REVISED CANDIDATE ITEM BANK ONLY | NOT HUMAN-REVIEWED | NOT PSYCHOMETRICALLY VALIDATED | NOT A CLINICAL OR PSYCHOLOGICAL DIAGNOSIS | NOT READY FOR PRODUCTION PSYCHOMETRIC CLAIMS
SPR-SP09,SP09,3,B029,Биеийн төрхдөө санаа зовсноос болж бусадтай хамт хийх үйл ажиллагаанд оролцоогүй.,Найзуудын хамтын дасгал эсвэл арга хэмжээнд очихоос татгалзсан.,true,Заримдаа,true,false,false,false,false,false,3,Хүмүүсийн дунд байх зарим үйл ажиллагаанаас зайлсхийх тохиолдол гарч болох ч бүх нөхцөлд биш.,true,AI-REVISED CANDIDATE ITEM BANK ONLY | NOT HUMAN-REVIEWED | NOT PSYCHOMETRICALLY VALIDATED | NOT A CLINICAL OR PSYCHOLOGICAL DIAGNOSIS | NOT READY FOR PRODUCTION PSYCHOMETRIC CLAIMS
SPR-SP09,SP09,4,B033,Тодорхой газарт очихоороо бодолгүйгээр идэх зүйл авсан.,Ажлын ойролцоох дэлгүүрт ороод кассын дэргэдэх амттанаас авсан.,true,Ихэнхдээ тохирно,true,Тодорхой газар,false,false,false,false,3,Ажил болон зорчих замын тогтмол газруудад идэх зүйл рүү шууд гараа сунгах нь тохирно; аль газар гэдэг нь тодорхойгүй байна.,true,AI-REVISED CANDIDATE ITEM BANK ONLY | NOT HUMAN-REVIEWED | NOT PSYCHOMETRICALLY VALIDATED | NOT A CLINICAL OR PSYCHOLOGICAL DIAGNOSIS | NOT READY FOR PRODUCTION PSYCHOMETRIC CLAIMS
SPR-SP09,SP09,5,B002,Гунигтай үед хоол идэхэд түр тайвширсан мэт санагдсан.,Орой хүүхдээ унтуулсны дараа гунигтай санагдахад амттан идсэн.,true,Олон удаа,true,false,false,false,false,false,4,Таагүй сэтгэл хөдлөл болон ачаалалтай өдрийн дараа хоол идэх нь түр тайвшрахтай олонтаа холбоотой байна.,true,AI-REVISED CANDIDATE ITEM BANK ONLY | NOT HUMAN-REVIEWED | NOT PSYCHOMETRICALLY VALIDATED | NOT A CLINICAL OR PSYCHOLOGICAL DIAGNOSIS | NOT READY FOR PRODUCTION PSYCHOMETRIC CLAIMS
SPR-SP09,SP09,6,B007,Таагүй мэдрэмж төрөхөд хоол идэхийн оронд өөр аргаар өөрийгөө тайвшруулсан.,Стресстэй үед богино алхах эсвэл хүнтэй ярилцахаар оролдсон.,true,Ховор,true,false,false,false,true,false,3,Өөр аргаар тайвшрах боломж заримдаа гардаг боловч цагийн дарамттай үед тэр бүр хийхэд хүндрэлтэй.,true,AI-REVISED CANDIDATE ITEM BANK ONLY | NOT HUMAN-REVIEWED | NOT PSYCHOMETRICALLY VALIDATED | NOT A CLINICAL OR PSYCHOLOGICAL DIAGNOSIS | NOT READY FOR PRODUCTION PSYCHOMETRIC CLAIMS
SPR-SP09,SP09,7,B039,Идэх зүйл ойрхон байхад идэх эсэхээ өөрөө сонгож чадна гэдэгтээ хэр итгэлтэй вэ?,Ажлын ширээн дээр амттан байхад идэхгүй байхаар шийдэх.,true,Бага зэрэг итгэлтэй,true,false,false,false,true,false,4,Идэх зүйл ойрхон байх нь шийдвэрт нөлөөлдөг тул ийм үед өөрийгөө удирдах итгэл бага зэрэг байна.,true,AI-REVISED CANDIDATE ITEM BANK ONLY | NOT HUMAN-REVIEWED | NOT PSYCHOMETRICALLY VALIDATED | NOT A CLINICAL OR PSYCHOLOGICAL DIAGNOSIS | NOT READY FOR PRODUCTION PSYCHOMETRIC CLAIMS
SPR-SP09,SP09,8,B037,Төлөвлөснөөс өөр идсэний дараа дараагийн хоолондоо төлөвлөгөөндөө буцаж орж чадна гэдэгтээ хэр итгэлтэй вэ?,Төлөвлөөгүй амттан идсэний дараа оройн хоолоо төлөвлөснөөрөө идэх.,true,Дунд зэрэг итгэлтэй,true,false,false,false,true,false,4,Нэг удаагийн өөрчлөлтийн дараа дараагийн хоолондоо буцах боломж бий гэж дунд зэрэг итгэнэ.,true,AI-REVISED CANDIDATE ITEM BANK ONLY | NOT HUMAN-REVIEWED | NOT PSYCHOMETRICALLY VALIDATED | NOT A CLINICAL OR PSYCHOLOGICAL DIAGNOSIS | NOT READY FOR PRODUCTION PSYCHOMETRIC CLAIMS
SPR-SP09,SP09,9,B016,Цадсанаа мэдсэн ч идэхээ зогсоох эсэхээ шийдэхэд хэцүү байсан.,Оройн хоолны дараа цадсан ч үлдсэн хоолоо үргэлжлүүлэн идсэн.,true,Олон удаа,true,false,false,false,false,false,4,Цадах дохиог анзаарсан ч идэхээ зогсоох шийдвэр хэцүү болох нь энэ хүний хариулттай нийцнэ.,true,AI-REVISED CANDIDATE ITEM BANK ONLY | NOT HUMAN-REVIEWED | NOT PSYCHOMETRICALLY VALIDATED | NOT A CLINICAL OR PSYCHOLOGICAL DIAGNOSIS | NOT READY FOR PRODUCTION PSYCHOMETRIC CLAIMS
SPR-SP09,SP09,10,B024,Төлөвлөснөөс өөр идсэний дараа дараагийн хоолондоо төлөвлөгөөгөө үргэлжлүүлээгүй.,Өдрийн завсарлагаар төлөвлөөгүй хоол идсэний дараа оройн хоолны төлөвлөгөөгөө орхисон.,true,Заримдаа,true,false,false,false,false,false,4,Төлөвлөөгүй идсэний дараа дараагийн хоолны төлөвлөгөө алдагдах нь заримдаа тохиолдоно.,true,AI-REVISED CANDIDATE ITEM BANK ONLY | NOT HUMAN-REVIEWED | NOT PSYCHOMETRICALLY VALIDATED | NOT A CLINICAL OR PSYCHOLOGICAL DIAGNOSIS | NOT READY FOR PRODUCTION PSYCHOMETRIC CLAIMS
SPR-SP09,SP09,11,B004,Идэж байхдаа үргэлжлүүлэх эсэхээ бодохын тулд түр зогсож чадсан.,Хоол идэж байхдаа цадсан эсэхээ шалгахаар хэсэг завсарласан.,true,Ховор,true,false,false,false,true,false,3,Идэхээ үргэлжлүүлэхээсээ өмнө түр зогсож бодох нь хааяа боломжтой боловч ихэнхдээ биш.,true,AI-REVISED CANDIDATE ITEM BANK ONLY | NOT HUMAN-REVIEWED | NOT PSYCHOMETRICALLY VALIDATED | NOT A CLINICAL OR PSYCHOLOGICAL DIAGNOSIS | NOT READY FOR PRODUCTION PSYCHOMETRIC CLAIMS
SPR-SP10,SP10,1,B028,"Хооллож байхдаа хэзээ болихоо шийдэж, тэр шийдвэрээ дагахад надад хэцүү байсан.",Оройн хоолны үеэр цадсанаа анзаарсан ч үргэлжлүүлэн идэх эсэхээ шийдэхэд төвөгтэй байх.,true,Огт байгаагүй,true,"""удирдахад"" гэдэг нь шийдвэр гаргах уу, үйлдлээ зогсоох уу гэдгийг ялгахгүй байна",false,false,true,false,4,"“Огт байгаагүй” сонголтыг тэмдэглэв; 14 хоногийн хугацаа тодорхой, харин хүсэмжит хариултын чиглэл шууд харагдана.",true,AI-REVISED CANDIDATE ITEM BANK ONLY | NOT HUMAN-REVIEWED | NOT PSYCHOMETRICALLY VALIDATED | NOT A CLINICAL OR PSYCHOLOGICAL DIAGNOSIS | NOT READY FOR PRODUCTION PSYCHOMETRIC CLAIMS
SPR-SP10,SP10,2,B008,Төлөвлөөгүй зүйл идсэн ч дараагийн хоолноосоо ердийн төлөвлөгөөндөө буцсан.,Өдрийн цайгаар төлөвлөөгүй амттан идээд оройн хоолоо урьдын төлөвлөгөөний дагуу идэх.,true,Олон удаа,true,"""хэвийн хооллолт"" нь яг ямар хооллолтыг хэлж байгааг тодорхойлоогүй",false,false,true,false,4,“Олон удаа” сонголтыг тэмдэглэв; үйл явдал ба дараагийн хоолны дараалал ойлгомжтой ч “хэвийн” гэсэн үг тодорхой бус.,true,AI-REVISED CANDIDATE ITEM BANK ONLY | NOT HUMAN-REVIEWED | NOT PSYCHOMETRICALLY VALIDATED | NOT A CLINICAL OR PSYCHOLOGICAL DIAGNOSIS | NOT READY FOR PRODUCTION PSYCHOMETRIC CLAIMS
SPR-SP10,SP10,3,B031,Маш их өлсөхөөсөө өмнө өлсөж эхэлснээ мэдэрсэн.,Үдийн хоолноос өмнө ходоод хонхолзож эхлэхийг анзаараад өлсгөлөн хүчтэй болохоос өмнө хооллох.,true,Олон удаа,true,"""хэт хүчтэй"" өлсөлтийн босго хүн бүрт өөр байж болно",false,false,true,false,4,"“Олон удаа” сонголтыг тэмдэглэв; хугацаа болон давтамжийн сонголтууд хэрэглэж болохоор, эерэг чиглэл нь ил байна.",true,AI-REVISED CANDIDATE ITEM BANK ONLY | NOT HUMAN-REVIEWED | NOT PSYCHOMETRICALLY VALIDATED | NOT A CLINICAL OR PSYCHOLOGICAL DIAGNOSIS | NOT READY FOR PRODUCTION PSYCHOMETRIC CLAIMS
SPR-SP10,SP10,4,B037,Төлөвлөгөөнөөсөө өөр зүйл идсэн бол дараагийн хоолноосоо буцаад хэвийн горимдоо орж чадна гэдэгтээ хэр итгэлтэй байна вэ?,Зочны дайллагад төлөвлөөгүй хоол идсэний дараа дараагийн хоолоо төлөвлөсөн байдлаар иднэ гэж төсөөлөх.,true,Их итгэлтэй,false,"""эргэн орж"" гэдэг нь ямар тодорхой төлөвлөгөө, үйлдэлд буцахыг заагаагүй",false,false,true,false,4,“Их итгэлтэй” сонголтыг тэмдэглэв; төсөөлөх заавар ойлгомжтой боловч “тохиолдоогүй” сонголт нь төсөөлөн хариулах заавартай нийцэхгүй.,true,AI-REVISED CANDIDATE ITEM BANK ONLY | NOT HUMAN-REVIEWED | NOT PSYCHOMETRICALLY VALIDATED | NOT A CLINICAL OR PSYCHOLOGICAL DIAGNOSIS | NOT READY FOR PRODUCTION PSYCHOMETRIC CLAIMS
SPR-SP10,SP10,5,B019,"Ажил ихтэй үед дагахад амархан, хялбаршуулсан хоолны төлөвлөгөөгөө урьдчилан бэлдсэн.",Хурал олонтой өдрийн өмнө авч явах энгийн өдрийн хоол бэлдэх.,true,Заримдаа,true,"""энгийн хувилбар"" гэж яг юуг өөрчлөхийг тодорхойлоогүй",false,false,true,false,4,“Заримдаа” сонголтыг тэмдэглэв; 14 хоногийн хугацаа хэрэглэхэд хялбар ч бэлтгэсэн хувилбарын утга өргөн.,true,AI-REVISED CANDIDATE ITEM BANK ONLY | NOT HUMAN-REVIEWED | NOT PSYCHOMETRICALLY VALIDATED | NOT A CLINICAL OR PSYCHOLOGICAL DIAGNOSIS | NOT READY FOR PRODUCTION PSYCHOMETRIC CLAIMS
SPR-SP10,SP10,6,B021,Дарамт ихтэй өдөр ч хоолны төлөвлөгөөгөө мөрдөж чадна гэдэгтээ хэр итгэлтэй байна вэ?,Ажил дээр яаралтай асуудал гарсан өдөр төлөвлөсөн хоолоо идэж чадна гэж төсөөлөх.,true,Дунд зэрэг итгэлтэй,false,"""стресстэй өдөр"" болон дагах ""хоолны төлөвлөгөө""-ний хүрээ тодорхойгүй",false,false,true,false,4,“Дунд зэрэг итгэлтэй” сонголтыг тэмдэглэв; төсөөлөх нөхцөл хэрэглэж болохоор боловч “тохиолдоогүй” сонголт заавартай нийцэхгүй.,true,AI-REVISED CANDIDATE ITEM BANK ONLY | NOT HUMAN-REVIEWED | NOT PSYCHOMETRICALLY VALIDATED | NOT A CLINICAL OR PSYCHOLOGICAL DIAGNOSIS | NOT READY FOR PRODUCTION PSYCHOMETRIC CLAIMS
SPR-SP10,SP10,7,B033,Нэг танил газарт очихоороо сайн бодолгүйгээр идэх зүйл шууд авдаг.,Телевизийн өрөөнд орох бүрдээ ширээн дээрх зуушнаас өөрийн эрхгүй авах.,true,Бага зэрэг тохирно,true,"""тодорхой газар"" болон ""бодолгүйгээр"" гэдэг нь олон янзаар ойлгогдоно",false,false,true,false,4,“Бага зэрэг тохирно” сонголтыг тэмдэглэв; ерөнхий давтагддаг байдлыг үнэлэх сонголтууд тохирч байгаа ч хүсэмжит чиглэл ил.,true,AI-REVISED CANDIDATE ITEM BANK ONLY | NOT HUMAN-REVIEWED | NOT PSYCHOMETRICALLY VALIDATED | NOT A CLINICAL OR PSYCHOLOGICAL DIAGNOSIS | NOT READY FOR PRODUCTION PSYCHOMETRIC CLAIMS
SPR-SP10,SP10,8,B005,"Хоол нүдэнд өртөхөд анхаарлаа түүнээс салгаж, хийж байсан зүйлдээ төвлөрч чадсан.",Ажлын ширээн дээр амттан харагдсан ч дэлгэц дээрх ажилдаа дахин анхаарах.,true,Олон удаа,true,"""буцааж"" гэдэг нь анхаарал өмнө нь юунд байсан тухай далд нөхцөл шаардана",false,false,true,false,4,"“Олон удаа” сонголтыг тэмдэглэв; 14 хоногийн хүрээ ойлгомжтой, хүсэмжит хариултын чиглэл шууд харагдана.",true,AI-REVISED CANDIDATE ITEM BANK ONLY | NOT HUMAN-REVIEWED | NOT PSYCHOMETRICALLY VALIDATED | NOT A CLINICAL OR PSYCHOLOGICAL DIAGNOSIS | NOT READY FOR PRODUCTION PSYCHOMETRIC CLAIMS
SPR-SP10,SP10,9,B034,Байнга хийдэг нэг үйлдэл дуусахад араас нь юм идэх дадал автоматаар эхэлдэг.,Орой мэдээ үзэж дуусмагц өлссөн эсэхээ бодолгүй зууш авах.,true,Бага зэрэг тохирно,true,"""тогтмол хийдэг нэг зүйл"" болон үйлдэл ""өөрөө эхэлдэг"" гэсэн хэллэг тодорхой бус",false,false,true,false,4,“Бага зэрэг тохирно” сонголтыг тэмдэглэв; давтагддаг нөхцөлд зориулсан хариултууд тохирч байгаа ч хүсэмжит чиглэл ил.,true,AI-REVISED CANDIDATE ITEM BANK ONLY | NOT HUMAN-REVIEWED | NOT PSYCHOMETRICALLY VALIDATED | NOT A CLINICAL OR PSYCHOLOGICAL DIAGNOSIS | NOT READY FOR PRODUCTION PSYCHOMETRIC CLAIMS
SPR-SP10,SP10,10,B007,Таагүй санагдсан үедээ хоол идэлгүй өөр аргаар тайвширсан.,Ажлын маргааны дараа зууш идэхийн оронд алхах эсвэл ойрын хүнтэйгээ ярилцах.,true,Олон удаа,true,"""таагүй мэдрэмж"" болон ""өөр аргаар"" гэдэг нь маш өргөн хүрээтэй",false,false,true,false,4,“Олон удаа” сонголтыг тэмдэглэв; 14 хоногийн хүрээ хэрэглэж болохоор ч хүсэмжит хариултын чиглэл ил байна.,true,AI-REVISED CANDIDATE ITEM BANK ONLY | NOT HUMAN-REVIEWED | NOT PSYCHOMETRICALLY VALIDATED | NOT A CLINICAL OR PSYCHOLOGICAL DIAGNOSIS | NOT READY FOR PRODUCTION PSYCHOMETRIC CLAIMS
SPR-SP11,SP11,1,B025,Зууш сонгохдоо үнэхээр өлсөж эсвэл идмээр байгаа эсэхээ бодолгүй сонгосон.,Гэрийн ажил дундуур цайны юм авахдаа өлсөөгүй ч шууд боорцог авсан.,true,Дунд зэрэг тохирно,true,идэх хүсэл,false,false,false,false,3,Зууш ойр байх үе байдаг ч өдөр тутмын сонголт нь боломж болон айлд бэлэн байгаа хоолноос шалтгаална.,true,AI-REVISED CANDIDATE ITEM BANK ONLY | NOT HUMAN-REVIEWED | NOT PSYCHOMETRICALLY VALIDATED | NOT A CLINICAL OR PSYCHOLOGICAL DIAGNOSIS | NOT READY FOR PRODUCTION PSYCHOMETRIC CLAIMS
SPR-SP11,SP11,2,B007,Таагүй санагдсан үед хоол идэхийн оронд өөр зүйл хийж өөрийгөө тайвшруулсан.,Хүүхэд өвдөөд санаа зовсон үед хоол идэхийн оронд ус зөөж эсвэл хамаатантайгаа ярьсан.,true,Заримдаа,true,таагүй мэдрэмж,false,false,false,false,3,Таагүй үе гардаг боловч тайвшруулах арга нь тухайн үед хийх ажил болон хүнтэй ярилцах боломжтой эсэхээс хамаарна.,true,AI-REVISED CANDIDATE ITEM BANK ONLY | NOT HUMAN-REVIEWED | NOT PSYCHOMETRICALLY VALIDATED | NOT A CLINICAL OR PSYCHOLOGICAL DIAGNOSIS | NOT READY FOR PRODUCTION PSYCHOMETRIC CLAIMS
SPR-SP11,SP11,3,B016,Цадсанаа мэдсэн ч хоолоо зогсоох уу гэдгээ шийдэхэд хэцүү байсан.,Оройн хоолонд цадсан ч хоол үлдээх үү эсвэл дуусгах уу гэж эргэлзсэн.,true,Ховор,true,цадсанаа анзаарсан,false,false,false,false,4,Хоол ховордож болох үед үлдээхээс зайлсхийх бодол төрж болох ч ийм шийдвэр байнга гарахгүй.,true,AI-REVISED CANDIDATE ITEM BANK ONLY | NOT HUMAN-REVIEWED | NOT PSYCHOMETRICALLY VALIDATED | NOT A CLINICAL OR PSYCHOLOGICAL DIAGNOSIS | NOT READY FOR PRODUCTION PSYCHOMETRIC CLAIMS
SPR-SP11,SP11,4,B020,Бэлтгэх юм их санагдсан учраас хийхээр төлөвлөснөө хойшлуулсан.,"Хоол бэлтгэхийн өмнө ус авчрах, гал түлэх хэрэгтэй болоод өөрийн хийхээр бодсон ажлыг хойшлуулсан.",true,Олон удаа,true,олон бэлтгэл,false,false,false,false,4,Өндөр асаргааны ачаалал болон гэрийн ажлууд давхцахад бэлтгэл ихтэй зүйлс хойшлогдож болно.,true,AI-REVISED CANDIDATE ITEM BANK ONLY | NOT HUMAN-REVIEWED | NOT PSYCHOMETRICALLY VALIDATED | NOT A CLINICAL OR PSYCHOLOGICAL DIAGNOSIS | NOT READY FOR PRODUCTION PSYCHOMETRIC CLAIMS
SPR-SP11,SP11,5,B028,Идэж байхдаа зогсох уу үргэлжлүүлэх үү гэдгээ барихад хэцүү байсан.,Ядарсан орой хооллосныхоо дараа дахин идэх үү гэж шийдэж чадаагүй.,true,Ховор,true,удирдахад,false,false,false,false,3,"Идэх хэмжээ нь бэлэн хоол, өлсгөлөн, хамт хооллож буй хүмүүсээс шалтгаалж болох тул асуултын үг нь ерөнхий санагдана.",true,AI-REVISED CANDIDATE ITEM BANK ONLY | NOT HUMAN-REVIEWED | NOT PSYCHOMETRICALLY VALIDATED | NOT A CLINICAL OR PSYCHOLOGICAL DIAGNOSIS | NOT READY FOR PRODUCTION PSYCHOMETRIC CLAIMS
SPR-SP11,SP11,6,B038,Идэж байхдаа таатай сайхан цадсанаа мэдэрсэн.,Өдрийн ажил хийсний дараа хооллоод хангалттай боллоо гэж мэдэрсэн.,true,Заримдаа,true,таатайгаар цадсан,false,false,false,false,3,"Цадсан мэдрэмжийг анзаарах боломжтой ч ""таатайгаар"" гэдэг нь хүн бүрт өөрөөр ойлгогдож болно.",true,AI-REVISED CANDIDATE ITEM BANK ONLY | NOT HUMAN-REVIEWED | NOT PSYCHOMETRICALLY VALIDATED | NOT A CLINICAL OR PSYCHOLOGICAL DIAGNOSIS | NOT READY FOR PRODUCTION PSYCHOMETRIC CLAIMS
SPR-SP11,SP11,7,B036,Хоолны сурталчилгаа үзсэний дараа хоолны тухай бодол удаан үргэлжилсэн.,Утсаар богино бичлэг үзэхэд хоолны зар гараад дараа нь идэх юм бодогдсон.,true,Ийм нөхцөл тохиолдоогүй,true,сурталчилгаа,false,false,false,false,5,"Интернет, телевизийн хэрэглээ бага тул сүүлийн 14 хоногт хоолны сурталчилгаа үзэх нөхцөл гараагүй гэж сонгосон.",true,AI-REVISED CANDIDATE ITEM BANK ONLY | NOT HUMAN-REVIEWED | NOT PSYCHOMETRICALLY VALIDATED | NOT A CLINICAL OR PSYCHOLOGICAL DIAGNOSIS | NOT READY FOR PRODUCTION PSYCHOMETRIC CLAIMS
SPR-SP11,SP11,8,B002,Гунигтай үед хоол идэхэд түр зуур арай тайвширсан мэт санагдсан.,Санаа зовсон өдөр цайтай хоол идсэний дараа түр арай дээрдсэн мэт санагдсан.,true,Ховор,true,гунигтай,false,false,false,false,4,Хоолыг таагүй мэдрэмжээ намжаахын тулд сонгох нь энэ дүрд ховор тохиолдол гэж сонгосон.,true,AI-REVISED CANDIDATE ITEM BANK ONLY | NOT HUMAN-REVIEWED | NOT PSYCHOMETRICALLY VALIDATED | NOT A CLINICAL OR PSYCHOLOGICAL DIAGNOSIS | NOT READY FOR PRODUCTION PSYCHOMETRIC CLAIMS
SPR-SP11,SP11,9,B006,Ядарсан үедээ хооллолттой холбоотой нэг амархан хийх зүйлээ хийж чадна гэдэгтээ хэр итгэлтэй вэ?,Ядарсан орой ус уух эсвэл хоолны хэмжээгээ багасгах зэрэг нэг энгийн зүйлийг хийхээр бодсон.,true,Дунд зэрэг итгэлтэй,true,хооллолтын нэг энгийн алхам,false,false,true,false,3,Ядарсан үед өөрийн сонгосон энгийн алхам юу болох нь тодорхойгүй тул итгэлээ дунд зэрэг гэж сонгосон.,true,AI-REVISED CANDIDATE ITEM BANK ONLY | NOT HUMAN-REVIEWED | NOT PSYCHOMETRICALLY VALIDATED | NOT A CLINICAL OR PSYCHOLOGICAL DIAGNOSIS | NOT READY FOR PRODUCTION PSYCHOMETRIC CLAIMS
SPR-SP11,SP11,10,B023,Танил газар байхдаа бодолгүйгээр идэж эхэлсэн.,Гэртээ цай бэлдэж байхдаа өлсөөгүй ч ширээн дээрх идээнээс авч идэж эхэлсэн.,true,Бага зэрэг тохирно,true,танил орчин,false,false,false,false,3,Гэрийн танил орчинд идэх зүйл бэлэн байвал шууд амсах үе байж болох ч тогтмол биш.,true,AI-REVISED CANDIDATE ITEM BANK ONLY | NOT HUMAN-REVIEWED | NOT PSYCHOMETRICALLY VALIDATED | NOT A CLINICAL OR PSYCHOLOGICAL DIAGNOSIS | NOT READY FOR PRODUCTION PSYCHOMETRIC CLAIMS
SPR-SP11,SP11,11,B012,Төлөвлөснөөсөө өөр хоол идсэний дараа тухайн өдрийн хоолны төлөвлөгөөгөө болисон.,Зочин ирээд төлөвлөөгүй хоол идсэний дараа тэр өдрийн хоолны бодсоноо дагахгүй болсон.,true,Ховор,true,хоолны төлөвлөгөө,false,false,false,false,3,Өдөр тутам нарийн хоолны төлөвлөгөө гаргадаг эсэх нь тодорхой биш ч төлөвлөгөө байсан тохиолдлыг бодож хариулж болно.,true,AI-REVISED CANDIDATE ITEM BANK ONLY | NOT HUMAN-REVIEWED | NOT PSYCHOMETRICALLY VALIDATED | NOT A CLINICAL OR PSYCHOLOGICAL DIAGNOSIS | NOT READY FOR PRODUCTION PSYCHOMETRIC CLAIMS
SPR-SP12,SP12,1,B022,Бусадтай хооллохдоо юу идэхээ өөрөө сонгож чадна гэдэгтээ хэр итгэлтэй вэ?,Ажлын хүмүүс нэг газар хооллоход бусдын захиалгыг дагалгүй өөрт тохирох хоол сонгох.,true,Дунд зэрэг итгэлтэй,true,,false,false,true,false,4,Хамт хооллох нөхцөл ойлгомжтой бөгөөд дунд түвшний итгэлийг сонгов.,true,AI-REVISED CANDIDATE ITEM BANK ONLY | NOT HUMAN-REVIEWED | NOT PSYCHOMETRICALLY VALIDATED | NOT A CLINICAL OR PSYCHOLOGICAL DIAGNOSIS | NOT READY FOR PRODUCTION PSYCHOMETRIC CLAIMS
SPR-SP12,SP12,2,B041,Өлсөж байгаагаа мэдсэн ч идэх үү үгүй юу гэдгээ шийдэхэд хэцүү байсан.,Жолоо барьж явахдаа өлссөнөө мэдсэн ч зогсож хооллох эсэхээ удаан шийдэх.,true,Заримдаа,true,,false,false,false,false,4,14 хоногийн хугацаа тодорхой бөгөөд ийм шийдвэр заримдаа хэцүү байсан гэж сонгов.,true,AI-REVISED CANDIDATE ITEM BANK ONLY | NOT HUMAN-REVIEWED | NOT PSYCHOMETRICALLY VALIDATED | NOT A CLINICAL OR PSYCHOLOGICAL DIAGNOSIS | NOT READY FOR PRODUCTION PSYCHOMETRIC CLAIMS
SPR-SP12,SP12,3,B018,Анх идэхээр бодсон хэмжээнээсээ хэтрүүлж идсэн.,Орой оройтож хооллоод төлөвлөсөн нэг порцоосоо нэмж идэх.,true,Олон удаа,true,,false,false,false,false,5,Нэг үйлдлийг асуусан бөгөөд 14 хоногт олон удаа тохиолдсон гэж сонгов.,true,AI-REVISED CANDIDATE ITEM BANK ONLY | NOT HUMAN-REVIEWED | NOT PSYCHOMETRICALLY VALIDATED | NOT A CLINICAL OR PSYCHOLOGICAL DIAGNOSIS | NOT READY FOR PRODUCTION PSYCHOMETRIC CLAIMS
SPR-SP12,SP12,4,B007,Тавгүй үедээ хоол идэлгүй өөр аргаар тайвширсан.,Хүнд өдрийн дараа юм идэхийн оронд хэсэг алхах эсвэл хөгжим сонсох.,true,Ховор,true,Таагүй мэдрэмж,false,false,true,false,3,Үйлдэл нь ойлгомжтой ч таагүй мэдрэмж гэдэг нь олон янзаар ойлгогдож болох бөгөөд ховор гэж сонгов.,true,AI-REVISED CANDIDATE ITEM BANK ONLY | NOT HUMAN-REVIEWED | NOT PSYCHOMETRICALLY VALIDATED | NOT A CLINICAL OR PSYCHOLOGICAL DIAGNOSIS | NOT READY FOR PRODUCTION PSYCHOMETRIC CLAIMS
SPR-SP12,SP12,5,B017,Төлөвлөгөөгөө бүрэн мөрдөөгүй өдрөө би бүтэлгүйтлээ гэж бодсон.,Төлөвлөөгүй хоол идсэний дараа тэр өдрийг бүхэлд нь алдсан гэж үзэх.,true,Олон удаа,true,яг дагаагүй,false,true,true,false,4,Яг дагаагүй гэдэг босго тодорхойгүй бөгөөд бүтэлгүйтсэн гэх үг шүүмжлэлтэй сонсогдсон; олон удаа гэж сонгов.,true,AI-REVISED CANDIDATE ITEM BANK ONLY | NOT HUMAN-REVIEWED | NOT PSYCHOMETRICALLY VALIDATED | NOT A CLINICAL OR PSYCHOLOGICAL DIAGNOSIS | NOT READY FOR PRODUCTION PSYCHOMETRIC CLAIMS
SPR-SP12,SP12,6,B005,Хоол хараад анхаарал татагдсан ч өөр зүйлдээ дахин төвлөрч чадсан.,Дэлгүүрийн лангуун дээрх зуушийг хараад авахгүйгээр замдаа анхаарах.,true,Ховор,true,,false,false,true,false,4,Нэг тодорхой үйлдлийг асуусан бөгөөд ийм зүйл ховор тохиолдсон гэж сонгов.,true,AI-REVISED CANDIDATE ITEM BANK ONLY | NOT HUMAN-REVIEWED | NOT PSYCHOMETRICALLY VALIDATED | NOT A CLINICAL OR PSYCHOLOGICAL DIAGNOSIS | NOT READY FOR PRODUCTION PSYCHOMETRIC CLAIMS
SPR-SP12,SP12,7,B025,Зууш сонгохдоо үнэхээр идмээр байгаа эсэхээ бодоогүй.,Шатахуун авахдаа кассны дэргэдэх зуушийг бодолгүй сагсанд хийх.,true,Ихэнхдээ тохирно,true,,false,false,false,false,5,Ерөнхий давтагддаг зан үйлийг ойлгоход хялбар байсан бөгөөд ихэнхдээ тохирно гэж сонгов.,true,AI-REVISED CANDIDATE ITEM BANK ONLY | NOT HUMAN-REVIEWED | NOT PSYCHOMETRICALLY VALIDATED | NOT A CLINICAL OR PSYCHOLOGICAL DIAGNOSIS | NOT READY FOR PRODUCTION PSYCHOMETRIC CLAIMS
SPR-SP12,SP12,8,B019,Завгүй үедээ дагахад амар хооллолтын хувилбарыг өмнө нь бэлдсэн.,Урт ээлжийн өмнө авч явах энгийн хоолоо савлаж бэлдэх.,true,Ховор,true,энгийн хувилбар,false,false,true,false,4,Энгийн хувилбарын утга бага зэрэг нээлттэй боловч үйлдлийг ялгаж болох бөгөөд ховор гэж сонгов.,true,AI-REVISED CANDIDATE ITEM BANK ONLY | NOT HUMAN-REVIEWED | NOT PSYCHOMETRICALLY VALIDATED | NOT A CLINICAL OR PSYCHOLOGICAL DIAGNOSIS | NOT READY FOR PRODUCTION PSYCHOMETRIC CLAIMS
SPR-SP12,SP12,9,B001,Маш их сульдсан хойноо л өлссөнөө мэдсэн.,Удаан жолоодсоны дараа бие сулрах үед сая хоол идээгүйгээ анзаарах.,true,Олон удаа,true,маш их сульдсаны дараа,false,false,false,false,4,Маш их сульдах босго хүн бүрт өөр байж болох ч 14 хоногт олон удаа гэж сонгов.,true,AI-REVISED CANDIDATE ITEM BANK ONLY | NOT HUMAN-REVIEWED | NOT PSYCHOMETRICALLY VALIDATED | NOT A CLINICAL OR PSYCHOLOGICAL DIAGNOSIS | NOT READY FOR PRODUCTION PSYCHOMETRIC CLAIMS
SPR-SP12,SP12,10,B013,Хооллож эхэлснээ нэлээд хойно анзаарсан.,Машинд сууж байхдаа зуушнаас хэд хэдийг идчихээд байгаагаа дараа нь мэдэх.,true,Ихэнхдээ тохирно,true,хэсэг хугацааны дараа,false,false,false,false,5,Хэсэг хугацаа гэдэг нь тодорхойгүй ч давтагддаг үйлдэлд ихэнхдээ тохирно гэж сонгов.,true,AI-REVISED CANDIDATE ITEM BANK ONLY | NOT HUMAN-REVIEWED | NOT PSYCHOMETRICALLY VALIDATED | NOT A CLINICAL OR PSYCHOLOGICAL DIAGNOSIS | NOT READY FOR PRODUCTION PSYCHOMETRIC CLAIMS
SPR-SP12,SP12,11,B021,Стресс ихтэй өдөр ч хоолны төлөвлөгөөгөө баримталж чадна гэдэгтээ хэр итгэлтэй вэ?,Замын түгжрэлтэй урт өдрийн дараа урьдчилсан хоолны сонголтоо дагах.,true,Бага зэрэг итгэлтэй,true,стресстэй өдөр,false,false,true,false,4,Стресстэй өдрийн хэмжээ тодорхойгүй ч нөхцөлийг төсөөлж бага зэрэг итгэлтэй гэж сонгов.,true,AI-REVISED CANDIDATE ITEM BANK ONLY | NOT HUMAN-REVIEWED | NOT PSYCHOMETRICALLY VALIDATED | NOT A CLINICAL OR PSYCHOLOGICAL DIAGNOSIS | NOT READY FOR PRODUCTION PSYCHOMETRIC CLAIMS
SPR-SP13,SP13,1,B001,Маш их сульдсаны дараа л өлссөнөө мэдсэн.,Хичээл зааж болон гэрийн асаргаанд явж байгаад орой маш их сульдсан үедээ өлссөнөө анзаарсан.,true,Заримдаа,true,маш их сульдсан,false,false,false,false,4,Сүүлийн 14 хоногт ийм тохиолдол заримдаа байсан гэж сонгов.,true,AI-REVISED CANDIDATE ITEM BANK ONLY | NOT HUMAN-REVIEWED | NOT PSYCHOMETRICALLY VALIDATED | NOT A CLINICAL OR PSYCHOLOGICAL DIAGNOSIS | NOT READY FOR PRODUCTION PSYCHOMETRIC CLAIMS
SPR-SP13,SP13,2,B004,Идэж байхдаа цааш идэх эсэхээ бодоод түр завсарлаж чадсан.,Оройн хоолны үеэр дахин нэмж идэхийн өмнө хэсэг зогсож бодсон.,true,Заримдаа,true,үргэлжлүүлэх,false,false,true,false,4,Сүүлийн 14 хоногт хоолны үеэр түр зогсож бодсон нь заримдаа байсан гэж сонгов.,true,AI-REVISED CANDIDATE ITEM BANK ONLY | NOT HUMAN-REVIEWED | NOT PSYCHOMETRICALLY VALIDATED | NOT A CLINICAL OR PSYCHOLOGICAL DIAGNOSIS | NOT READY FOR PRODUCTION PSYCHOMETRIC CLAIMS
SPR-SP13,SP13,3,B030,Төлөвлөгөөгөө нэг удаа алгассаны дараа дараагийн удаа дахин баримталсан.,Ажлын болон асаргааны ачааллаас болж нэг хоолны төлөвлөгөө алдагдсан ч дараагийн хоолондоо буцаад төлөвлөсөн сонголт хийсэн.,true,Олон удаа,true,дараагийн удаа,false,false,true,false,4,Сүүлийн 14 хоногт төлөвлөгөө алдсаны дараа дараагийн хоолондоо эргэн орсон нь олон удаа байсан гэж сонгов.,true,AI-REVISED CANDIDATE ITEM BANK ONLY | NOT HUMAN-REVIEWED | NOT PSYCHOMETRICALLY VALIDATED | NOT A CLINICAL OR PSYCHOLOGICAL DIAGNOSIS | NOT READY FOR PRODUCTION PSYCHOMETRIC CLAIMS
SPR-SP13,SP13,4,B036,Хоолны сурталчилгаа үзсэний дараа хоолны тухай бодол удаан үргэлжилсэн.,Утсаар хоолны зар харсны дараа хичээл бэлдэх үедээ ч идэх юм бодогдсоор байсан.,true,Олон удаа,true,үргэлжилсэн,false,false,false,false,4,Сүүлийн 14 хоногт сурталчилгаа үзсэний дараах хоолны бодол олон удаа үргэлжилсэн гэж сонгов.,true,AI-REVISED CANDIDATE ITEM BANK ONLY | NOT HUMAN-REVIEWED | NOT PSYCHOMETRICALLY VALIDATED | NOT A CLINICAL OR PSYCHOLOGICAL DIAGNOSIS | NOT READY FOR PRODUCTION PSYCHOMETRIC CLAIMS
SPR-SP13,SP13,5,B015,Энэ асуултууд хоорондоо хэт адилхан санагдсан.,Асуулгын хэд хэдэн асуулт өмнөх асуулттай ижил утгатай мэт санагдсан.,true,Бага зэрэг санал нийлнэ,true,хэт төстэй,false,false,false,false,3,Одоогийн асуулгын үеэр зарим асуулт төстэй санагдсан ч бүгд давхардсан мэт биш байсан гэж сонгов.,true,AI-REVISED CANDIDATE ITEM BANK ONLY | NOT HUMAN-REVIEWED | NOT PSYCHOMETRICALLY VALIDATED | NOT A CLINICAL OR PSYCHOLOGICAL DIAGNOSIS | NOT READY FOR PRODUCTION PSYCHOMETRIC CLAIMS
SPR-SP13,SP13,6,B038,Идэж байхдаа таатай цадсан мөчөө мэдэрсэн.,Оройн хоолны үеэр цадсанаа таатайгаар мэдэрч хоолоо үргэлжлүүлэхээ түр бодсон.,true,Заримдаа,true,таатайгаар цадсан,false,false,true,false,3,Сүүлийн 14 хоногт цадсан мөчөө анзаарсан нь заримдаа байсан гэж сонгов.,true,AI-REVISED CANDIDATE ITEM BANK ONLY | NOT HUMAN-REVIEWED | NOT PSYCHOMETRICALLY VALIDATED | NOT A CLINICAL OR PSYCHOLOGICAL DIAGNOSIS | NOT READY FOR PRODUCTION PSYCHOMETRIC CLAIMS
SPR-SP13,SP13,7,B024,Төлөвлөснөөс өөр хооллосны дараа дараагийн хоолондоо төлөвлөгөөгөө үргэлжлүүлээгүй.,Айлын ажил болон ядаргаанаас болж төлөвлөөгүй зүйл идсэний дараа дараагийн хоолондоо төлөвлөгөөгөө дагаагүй.,true,Заримдаа,true,төлөвлөснөөс өөр,false,false,false,false,4,Сүүлийн 14 хоногт нэг удаагийн өөр сонголтын дараа дараагийн хоолны төлөвлөгөөгөө үргэлжлүүлээгүй нь заримдаа байсан гэж сонгов.,true,AI-REVISED CANDIDATE ITEM BANK ONLY | NOT HUMAN-REVIEWED | NOT PSYCHOMETRICALLY VALIDATED | NOT A CLINICAL OR PSYCHOLOGICAL DIAGNOSIS | NOT READY FOR PRODUCTION PSYCHOMETRIC CLAIMS
SPR-SP13,SP13,8,B042,Өдөр бүрийн нэг хэвшмэл үйлдлийн дараа бодолгүйгээр юм иддэг.,Хичээл тараад гэртээ ирсний дараа цай бэлдэхдээ автоматаар амттан авч иддэг.,true,Ихэнхдээ тохирно,true,бодолгүйгээр,false,false,false,false,4,Өдөр тутмын давтагддаг үйлдлийн дараа юм идэх нь ихэнхдээ өөрт нь тохирно гэж сонгов.,true,AI-REVISED CANDIDATE ITEM BANK ONLY | NOT HUMAN-REVIEWED | NOT PSYCHOMETRICALLY VALIDATED | NOT A CLINICAL OR PSYCHOLOGICAL DIAGNOSIS | NOT READY FOR PRODUCTION PSYCHOMETRIC CLAIMS
SPR-SP13,SP13,9,B032,Ядарсан үедээ хоолны төлөвлөгөөгөө бүрэн биш ч хэсэгчлэн мөрдөж чадна гэдэгтээ хэр итгэлтэй вэ?,Орой асаргааны ажил ихтэй үед ядарсан ч дараагийн хоолондоо төлөвлөсөн нэг сонголтыг хийхээ төсөөлөв.,true,Дунд зэрэг итгэлтэй,true,хэсэгчлэн хэрэгжүүлж,false,false,true,false,4,Ядарсан нөхцөлд төлөвлөгөөнийхөө зарим хэсгийг хэрэгжүүлэх итгэл дунд зэрэг гэж сонгов.,true,AI-REVISED CANDIDATE ITEM BANK ONLY | NOT HUMAN-REVIEWED | NOT PSYCHOMETRICALLY VALIDATED | NOT A CLINICAL OR PSYCHOLOGICAL DIAGNOSIS | NOT READY FOR PRODUCTION PSYCHOMETRIC CLAIMS
SPR-SP13,SP13,10,B013,Идэж эхэлснээ хэсэг хугацааны дараа л анзаардаг.,Ажлын дараа гэрийн ажил хийж байхдаа юм авч идсэнээ хэдэн хазалтын дараа мэдсэн.,true,Ихэнхдээ тохирно,true,хэсэг хугацааны дараа,false,false,false,false,4,Идэж эхэлснээ дараа нь анзаарах нь ихэнхдээ өөрт нь тохирно гэж сонгов.,true,AI-REVISED CANDIDATE ITEM BANK ONLY | NOT HUMAN-REVIEWED | NOT PSYCHOMETRICALLY VALIDATED | NOT A CLINICAL OR PSYCHOLOGICAL DIAGNOSIS | NOT READY FOR PRODUCTION PSYCHOMETRIC CLAIMS
SPR-SP13,SP13,11,B026,Зав багатай үедээ тохирох хоолны сонголт хийж чадна гэдэгтээ хэр итгэлтэй вэ?,Хичээлийн завсарлага богино бөгөөд гэр бүлийн ажил хүлээж байх үед урьдчилан бэлдсэн хоол эсвэл тохирох сонголт хийхээ төсөөлөв.,true,Дунд зэрэг итгэлтэй,true,тохирох сонголт,false,false,true,false,3,Зав багатай нөхцөлд тохирох хоол сонгох итгэл дунд зэрэг гэж сонгов.,true,AI-REVISED CANDIDATE ITEM BANK ONLY | NOT HUMAN-REVIEWED | NOT PSYCHOMETRICALLY VALIDATED | NOT A CLINICAL OR PSYCHOLOGICAL DIAGNOSIS | NOT READY FOR PRODUCTION PSYCHOMETRIC CLAIMS
SPR-SP14,SP14,1,B012,Төлөвлөөгүй зүйл идчихээрээ тэр өдрийн хоолны дэглэмээ цааш бариагүй.,Ажил сунжраад төлөвлөөгүй хоол идсэний дараа оройн төлөвлөгөөгөө дагахаа больсон өдөр.,true,Заримдаа,true,,false,false,true,false,4,14 хоногийн хугацааг ашиглан заримдаа гэж сонгов; төлөвлөснөөс өөр идэх ба тухайн өдрийн үлдсэн төлөвлөгөөг орхихыг нэг дараалсан нөхцөлөөр ойлгов.,true,AI-REVISED CANDIDATE ITEM BANK ONLY | NOT HUMAN-REVIEWED | NOT PSYCHOMETRICALLY VALIDATED | NOT A CLINICAL OR PSYCHOLOGICAL DIAGNOSIS | NOT READY FOR PRODUCTION PSYCHOMETRIC CLAIMS
SPR-SP14,SP14,2,B020,Хийхэд их бэлтгэл ордог болохоор төлөвлөсөн зүйлээ дараа болгосон.,"Хоол бэлтгэхэд олон юм базаах хэрэгтэй санагдаж, ажлын дараа хийхээ хойшлуулсан.",true,Олон удаа,true,Олон бэлтгэл,false,false,true,false,4,14 хоногийн хугацаанд олон удаа гэж сонгов; бэлтгэл их шаардах гэсэн утгыг ойлгосон ч яг ямар бэлтгэлийг хэлснийг тодорхой бус гэж тэмдэглэв.,true,AI-REVISED CANDIDATE ITEM BANK ONLY | NOT HUMAN-REVIEWED | NOT PSYCHOMETRICALLY VALIDATED | NOT A CLINICAL OR PSYCHOLOGICAL DIAGNOSIS | NOT READY FOR PRODUCTION PSYCHOMETRIC CLAIMS
SPR-SP14,SP14,3,B030,Нэг удаа хийх ёстойгоо хийгээгүй ч дараагийн боломж дээрээ дахин үргэлжлүүлсэн.,Нэг орой төлөвлөсөн хоолоо бариагүй ч маргааш нь төлөвлөгөөндөө буцсан.,true,Заримдаа,true,Дараагийн удаа,true,false,true,false,3,14 хоногийг санаж заримдаа гэж сонгов; алгассан үйлдэл болон дараа нь эргэн үргэлжлүүлсэн үйлдлийг хамтад нь асууж байна гэж тэмдэглэв.,true,AI-REVISED CANDIDATE ITEM BANK ONLY | NOT HUMAN-REVIEWED | NOT PSYCHOMETRICALLY VALIDATED | NOT A CLINICAL OR PSYCHOLOGICAL DIAGNOSIS | NOT READY FOR PRODUCTION PSYCHOMETRIC CLAIMS
SPR-SP14,SP14,4,B017,Төлөвлөгөөгөө ягштал бариагүй өдрөө би бүтэлгүйтлээ гэж бодсон.,Төлөвлөсөн хоолноосоо өөр зүйл идээд тэр өдрийг амжилтгүй болсон гэж үзсэн.,true,Ховор,true,Бүтэлгүйтсэн,false,true,true,false,4,14 хоногийн хугацаанд ховор гэж сонгов; бүтэлгүйтсэн гэдэг үгийг шүүмжилсэн өнгөтэй бөгөөд хүсүүштэй хариу илэрхий гэж тэмдэглэв.,true,AI-REVISED CANDIDATE ITEM BANK ONLY | NOT HUMAN-REVIEWED | NOT PSYCHOMETRICALLY VALIDATED | NOT A CLINICAL OR PSYCHOLOGICAL DIAGNOSIS | NOT READY FOR PRODUCTION PSYCHOMETRIC CLAIMS
SPR-SP14,SP14,5,B010,Биеэсээ болж тавгүй санагдсан ч хүссэн ажилдаа оролцсон.,Хүмүүстэй хийх ажилд очих үед биеийн төрхдөө эвгүйрхсэн ч оролцсон.,true,Ийм нөхцөл тохиолдоогүй,true,Биеийнхээ талаар тавгүй; хийхийг хүссэн зүйл,false,false,true,false,3,30 хоногийн хугацаанд ийм нөхцөл тохиолдоогүй гэж сонгов; биеийн төрхөөс эвгүйрхэхийг гэмтлийн биеийн зовиураас ялгахад үг нь өргөн гэж тэмдэглэв.,true,AI-REVISED CANDIDATE ITEM BANK ONLY | NOT HUMAN-REVIEWED | NOT PSYCHOMETRICALLY VALIDATED | NOT A CLINICAL OR PSYCHOLOGICAL DIAGNOSIS | NOT READY FOR PRODUCTION PSYCHOMETRIC CLAIMS
SPR-SP14,SP14,6,B029,"Биеийн төрхөндөө санаа зовж, хүмүүс оролцдог ажлаас хол байсан.",Биеийнхээ харагдах байдалд санаа зовсноос баяр ёслол эсвэл нийтийн ажилд очоогүй.,true,Огт байгаагүй,true,Хүмүүсийн дунд хийх үйл ажиллагаа,false,false,true,false,4,30 хоногийн хугацаанд огт байгаагүй гэж сонгов; олон нийтийн ямар үйл ажиллагааг хамруулж байгааг өргөн гэж тэмдэглэв.,true,AI-REVISED CANDIDATE ITEM BANK ONLY | NOT HUMAN-REVIEWED | NOT PSYCHOMETRICALLY VALIDATED | NOT A CLINICAL OR PSYCHOLOGICAL DIAGNOSIS | NOT READY FOR PRODUCTION PSYCHOMETRIC CLAIMS
SPR-SP14,SP14,7,B022,Бусадтай хооллохдоо өөрийнхөөрөө хоолоо сонгож чадна гэдэгтээ хэр итгэлтэй байна вэ?,Айлын найр эсвэл хамтын хоолон дээр өөрт тохирох хоолоо сонгох нөхцөлийг төсөөлсөн.,true,Дунд зэрэг итгэлтэй,true,Өөрийн сонголт,false,false,true,false,3,"Төсөөлсөн нөхцөлд дунд зэрэг итгэлтэй гэж сонгов; өөрийн сонголт гэдэг нь хоолны төрөл, хэмжээ эсвэл татгалзахыг хэлж байгаа эсэх тодорхой бус гэж тэмдэглэв.",true,AI-REVISED CANDIDATE ITEM BANK ONLY | NOT HUMAN-REVIEWED | NOT PSYCHOMETRICALLY VALIDATED | NOT A CLINICAL OR PSYCHOLOGICAL DIAGNOSIS | NOT READY FOR PRODUCTION PSYCHOMETRIC CLAIMS
SPR-SP14,SP14,8,B042,Өдөр бүр хийдэг нэг зүйлийнхээ араас өөрөө ч анзааралгүй юм иддэг.,Өдрийн ажлаа дуусгаад гэрт орох бүрдээ бодолгүйгээр жижиг зүйл идэх.,true,Бага зэрэг тохирно,true,Нэг үйлдэл; бодолгүйгээр,false,false,true,false,3,Ерөнхий хэв маягийг бодож бага зэрэг тохирно гэж сонгов; ямар давтагддаг үйлдэл болон ямар хэмжээнд анзаараагүй идэхийг хэлснийг тодорхой бус гэж тэмдэглэв.,true,AI-REVISED CANDIDATE ITEM BANK ONLY | NOT HUMAN-REVIEWED | NOT PSYCHOMETRICALLY VALIDATED | NOT A CLINICAL OR PSYCHOLOGICAL DIAGNOSIS | NOT READY FOR PRODUCTION PSYCHOMETRIC CLAIMS
SPR-SP14,SP14,9,B015,Энэ асуулгын зарим асуулт бараг адилхан санагдсан.,"Одоогийн асуулгад төлөвлөгөөг алгасах, орхих тухай хэд хэдэн асуултыг хооронд нь төстэй гэж мэдэрсэн.",true,Дунд зэрэг санал нийлнэ,true,Хэт төстэй,false,false,false,false,4,Одоогийн асуулгын туршлагад тулгуурлан дунд зэрэг санал нийлнэ гэж сонгов; хэт төстэй байх босго нь хүн бүрт өөр байж болохыг тэмдэглэв.,true,AI-REVISED CANDIDATE ITEM BANK ONLY | NOT HUMAN-REVIEWED | NOT PSYCHOMETRICALLY VALIDATED | NOT A CLINICAL OR PSYCHOLOGICAL DIAGNOSIS | NOT READY FOR PRODUCTION PSYCHOMETRIC CLAIMS
SPR-SP14,SP14,10,B031,Өлсгөлөн маш их болохоос өмнө өлсөж эхэлснээ мэдсэн.,Ажлын зав гарахаас өмнө өлсөж байгаагаа анзаарсан ч хооллох цаг нь тогтмол биш байсан.,true,Заримдаа,true,Хэт хүчтэй,false,false,true,false,3,14 хоногийн хугацаанд заримдаа гэж сонгов; өлсөлт хэзээ хэт хүчтэйд тооцогдох нь тодорхой бус гэж тэмдэглэв.,true,AI-REVISED CANDIDATE ITEM BANK ONLY | NOT HUMAN-REVIEWED | NOT PSYCHOMETRICALLY VALIDATED | NOT A CLINICAL OR PSYCHOLOGICAL DIAGNOSIS | NOT READY FOR PRODUCTION PSYCHOMETRIC CLAIMS
SPR-SP14,SP14,11,B040,Байнга давтагддаг үед идэхийн өмнө юу сонгохоо боддог.,Ажлын дараа хооллох бүрдээ гарын дор байгааг шууд идэхээс өмнө сонголтоо нэг бодох.,true,Дунд зэрэг тохирно,true,Давтагддаг нөхцөл; сонголтоо бодож хийсэн,false,false,true,false,3,Ерөнхий хэв маягийг бодож дунд зэрэг тохирно гэж сонгов; ямар нөхцөл давтагдах болон бодож сонгосны шалгуур тодорхой бус гэж тэмдэглэв.,true,AI-REVISED CANDIDATE ITEM BANK ONLY | NOT HUMAN-REVIEWED | NOT PSYCHOMETRICALLY VALIDATED | NOT A CLINICAL OR PSYCHOLOGICAL DIAGNOSIS | NOT READY FOR PRODUCTION PSYCHOMETRIC CLAIMS
SPR-SP15,SP15,1,B019,Завгүй өдөрт зориулж хоолны төлөвлөгөөний энгийн хувилбарыг өмнөөс нь бэлдсэн эсэх.,Өглөө ээлжинд явахаасаа өмнө авч явах энгийн хоолоо бэлдэх.,true,Ховор,true,энгийн хувилбар,false,false,true,false,4,Завгүй ажлын өдрүүдэд урьдчилан хоол бэлдэх нь ховор.,true,AI-REVISED CANDIDATE ITEM BANK ONLY | NOT HUMAN-REVIEWED | NOT PSYCHOMETRICALLY VALIDATED | NOT A CLINICAL OR PSYCHOLOGICAL DIAGNOSIS | NOT READY FOR PRODUCTION PSYCHOMETRIC CLAIMS
SPR-SP15,SP15,2,B005,Хоол харагдахад анхаарлаа өөр зүйл рүү шилжүүлж чадсан эсэх.,Лангуун дээрх амттанг хараад ажлын дараагийн зүйлдээ анхаарлаа хандуулах.,true,Ховор,true,анхаарлаа өөр зүйлд буцаах,false,false,true,false,4,Хоол харагдах үед анхаарлаа өөр зүйлд шилжүүлэх нь ховор.,true,AI-REVISED CANDIDATE ITEM BANK ONLY | NOT HUMAN-REVIEWED | NOT PSYCHOMETRICALLY VALIDATED | NOT A CLINICAL OR PSYCHOLOGICAL DIAGNOSIS | NOT READY FOR PRODUCTION PSYCHOMETRIC CLAIMS
SPR-SP15,SP15,3,B001,Өлссөнөө маш их сульдах хүртлээ анзаараагүй эсэх.,Удаан ээлжийн дараа бие сулрахад л хоол идээгүйгээ мэдэх.,true,Олон удаа,true,маш их сульдах,false,false,false,false,4,Ээлжийн үеэр өлсгөлөнг бие сулрах хүртэл анзаарахгүй өнгөрөх нь олон удаа тохиолдсон.,true,AI-REVISED CANDIDATE ITEM BANK ONLY | NOT HUMAN-REVIEWED | NOT PSYCHOMETRICALLY VALIDATED | NOT A CLINICAL OR PSYCHOLOGICAL DIAGNOSIS | NOT READY FOR PRODUCTION PSYCHOMETRIC CLAIMS
SPR-SP15,SP15,4,B010,Биеийнхээ талаар тавгүй байсан ч хүссэн үйл ажиллагаандаа оролцсон эсэх.,Тавгүй санагдсан өдөр ч найзын уулзалт эсвэл гэр бүлийн арга хэмжээнд очих.,true,Заримдаа,true,хийхийг хүссэн зүйл,false,false,true,false,3,Биеийн талаар тавгүй үедээ хүссэн үйл ажиллагаанд заримдаа оролцсон.,true,AI-REVISED CANDIDATE ITEM BANK ONLY | NOT HUMAN-REVIEWED | NOT PSYCHOMETRICALLY VALIDATED | NOT A CLINICAL OR PSYCHOLOGICAL DIAGNOSIS | NOT READY FOR PRODUCTION PSYCHOMETRIC CLAIMS
SPR-SP15,SP15,5,B022,Бусадтай хооллохдоо өөрийн хоолны сонголтыг хийж чадна гэсэн итгэл.,Ажлын хамт олон хоол захиалах үед өөрт тохирох сонголт хийх.,true,Бага зэрэг итгэлтэй,true,өөрийн сонголт,false,false,true,false,4,Бусадтай хооллох нөхцөлд өөрийн сонголт хийх итгэл бага зэрэг байна.,true,AI-REVISED CANDIDATE ITEM BANK ONLY | NOT HUMAN-REVIEWED | NOT PSYCHOMETRICALLY VALIDATED | NOT A CLINICAL OR PSYCHOLOGICAL DIAGNOSIS | NOT READY FOR PRODUCTION PSYCHOMETRIC CLAIMS
SPR-SP15,SP15,6,B003,Таагүй мэдрэмж төрөхөд идэхийн оронд тэр мэдрэмжийг хэсэг тэсвэрлэсэн эсэх.,Ажил дээр бухимдсаны дараа шууд юм идэхгүйгээр хэсэг хүлээх.,true,Ховор,true,мэдрэмжээ тэсвэрлэх,false,false,true,false,4,Таагүй мэдрэмжийн дараа идэхээ хэсэг хойшлуулах нь ховор.,true,AI-REVISED CANDIDATE ITEM BANK ONLY | NOT HUMAN-REVIEWED | NOT PSYCHOMETRICALLY VALIDATED | NOT A CLINICAL OR PSYCHOLOGICAL DIAGNOSIS | NOT READY FOR PRODUCTION PSYCHOMETRIC CLAIMS
SPR-SP15,SP15,7,B034,Тогтмол хийдэг нэг зүйл дууссаны дараа автоматаар юм идэж эхэлдэг эсэх.,Ажлын ээлж дуусмагц дэлгүүрээс амттан авах.,true,Ихэнхдээ тохирно,true,өөрөө эхэлдэг,false,false,false,false,4,Тогтмол үйлдэл дууссаны дараа юм идэж эхлэх нь ихэнхдээ тохирно.,true,AI-REVISED CANDIDATE ITEM BANK ONLY | NOT HUMAN-REVIEWED | NOT PSYCHOMETRICALLY VALIDATED | NOT A CLINICAL OR PSYCHOLOGICAL DIAGNOSIS | NOT READY FOR PRODUCTION PSYCHOMETRIC CLAIMS
SPR-SP15,SP15,8,B011,Хоолны дүрмээс багахан зөрөхөд бүх зүйл бүтэлгүйтсэн мэт санагдсан эсэх.,Төлөвлөөгүй амттан идсэний дараа тухайн өдрийн хооллолт бүтэлгүйтсэн гэж бодох.,true,Олон удаа,true,бүх зүйл бүтэлгүйтсэн,false,true,false,false,5,Хоолны дүрмээс багахан зөрсний дараа бүх зүйл бүтэлгүйтсэн мэт санагдах нь олон удаа тохиолдсон.,true,AI-REVISED CANDIDATE ITEM BANK ONLY | NOT HUMAN-REVIEWED | NOT PSYCHOMETRICALLY VALIDATED | NOT A CLINICAL OR PSYCHOLOGICAL DIAGNOSIS | NOT READY FOR PRODUCTION PSYCHOMETRIC CLAIMS
SPR-SP15,SP15,9,B026,Зав багатай үед тохирох хоолны сонголт хийж чадна гэсэн итгэл.,Богино завсарлагаар хоол авахдаа тохирох сонголт хийх.,true,Бага зэрэг итгэлтэй,true,тохирох сонголт,false,false,true,false,4,Зав багатай үед хоолны тохирох сонголт хийх итгэл бага зэрэг байна.,true,AI-REVISED CANDIDATE ITEM BANK ONLY | NOT HUMAN-REVIEWED | NOT PSYCHOMETRICALLY VALIDATED | NOT A CLINICAL OR PSYCHOLOGICAL DIAGNOSIS | NOT READY FOR PRODUCTION PSYCHOMETRIC CLAIMS
SPR-SP15,SP15,10,B004,Идэж байхдаа үргэлжлүүлэх эсэхээ бодохоор түр зогсож чадсан эсэх.,Зууш идэж байхдаа цааш идэх эсэхээ бодохоор хэсэг завсарлах.,true,Заримдаа,true,үргэлжлүүлэх эсэхээ бодох,false,false,true,false,4,Идэж байхдаа үргэлжлүүлэх эсэхээ бодохоор түр зогсох нь заримдаа тохиолдсон.,true,AI-REVISED CANDIDATE ITEM BANK ONLY | NOT HUMAN-REVIEWED | NOT PSYCHOMETRICALLY VALIDATED | NOT A CLINICAL OR PSYCHOLOGICAL DIAGNOSIS | NOT READY FOR PRODUCTION PSYCHOMETRIC CLAIMS
SPR-SP16,SP16,1,B035,Завгүй үедээ өмнө нь сонгож бэлдсэн хялбар хоолоо идсэн эсэх.,Оройн уулзалт сунжрахад урьдчилан сонгосон энгийн хоолоо захиалж идэх.,true,Олон удаа,true,энгийн,false,false,true,false,5,"Сүүлийн 14 хоногт завгүй нөхцөл олон гарч, урьдчилан сонгосон хоолны хувилбарыг олон удаа ашигласан гэж хариулав.",true,AI-REVISED CANDIDATE ITEM BANK ONLY | NOT HUMAN-REVIEWED | NOT PSYCHOMETRICALLY VALIDATED | NOT A CLINICAL OR PSYCHOLOGICAL DIAGNOSIS | NOT READY FOR PRODUCTION PSYCHOMETRIC CLAIMS
SPR-SP16,SP16,2,B002,Гуниглах үедээ хоол идээд түр тайвширсан мэт болсон эсэх.,Ажлын таагүй мэдээ авсны дараа гуниглаж байхдаа юм идээд тайвшрах.,true,Огт байгаагүй,true,хэсэг зуур,false,false,true,false,5,Сүүлийн 14 хоногт гунигтай үед хоол идэж түр тайвширсан тохиолдол байгаагүй гэж хариулав.,true,AI-REVISED CANDIDATE ITEM BANK ONLY | NOT HUMAN-REVIEWED | NOT PSYCHOMETRICALLY VALIDATED | NOT A CLINICAL OR PSYCHOLOGICAL DIAGNOSIS | NOT READY FOR PRODUCTION PSYCHOMETRIC CLAIMS
SPR-SP16,SP16,3,B028,Хооллож байхдаа идэхээ болих эсвэл үргэлжлүүлэх шийдвэрээ барихад хэцүү байсан эсэх.,Цадсан мэт санагдсан ч тавган дээрх хоолоо үргэлжлүүлэн идэх эсэхээ шийдэж чадахгүй байх.,true,Огт байгаагүй,true,,false,false,true,false,5,Сүүлийн 14 хоногт хооллож байхдаа зогсох эсвэл үргэлжлүүлэхээ удирдахад хэцүү байгаагүй гэж хариулав.,true,AI-REVISED CANDIDATE ITEM BANK ONLY | NOT HUMAN-REVIEWED | NOT PSYCHOMETRICALLY VALIDATED | NOT A CLINICAL OR PSYCHOLOGICAL DIAGNOSIS | NOT READY FOR PRODUCTION PSYCHOMETRIC CLAIMS
SPR-SP16,SP16,4,B037,Төлөвлөгөөнөөс өөр хоол идсэний дараа дараагийн хоолноос хэвийн төлөвлөгөөндөө буцна гэдэгтээ хэр итгэлтэй байгааг асууж байна.,Бизнесийн оройн хоолонд төлөвлөөгүй зүйл идсэн ч маргаашийн өглөөний хоолоо төлөвлөсний дагуу идэх.,true,Их итгэлтэй,true,эргэн орж чадна,false,false,true,false,5,Төсөөлсөн нөхцөлд төлөвлөгөөнөөс өөр идсэний дараах дараагийн хоолондоо буцаж чадна гэдэгтээ их итгэлтэй гэж хариулав.,true,AI-REVISED CANDIDATE ITEM BANK ONLY | NOT HUMAN-REVIEWED | NOT PSYCHOMETRICALLY VALIDATED | NOT A CLINICAL OR PSYCHOLOGICAL DIAGNOSIS | NOT READY FOR PRODUCTION PSYCHOMETRIC CLAIMS
SPR-SP16,SP16,5,B003,Таагүй мэдрэмж төрөхөд хоол идэлгүйгээр тэр мэдрэмжийг хэсэг хугацаанд даасан эсэх.,Хүнд уулзалтын дараа бухимдсан ч зууш авахгүйгээр мэдрэмж намдахыг хүлээх.,true,Ийм нөхцөл тохиолдоогүй,true,таагүй мэдрэмж,false,false,true,false,4,Сүүлийн 14 хоногт таагүй мэдрэмжээс болж идэхийн оронд тэсвэрлэх шаардлагатай нөхцөл тохиолдоогүй гэж хариулав.,true,AI-REVISED CANDIDATE ITEM BANK ONLY | NOT HUMAN-REVIEWED | NOT PSYCHOMETRICALLY VALIDATED | NOT A CLINICAL OR PSYCHOLOGICAL DIAGNOSIS | NOT READY FOR PRODUCTION PSYCHOMETRIC CLAIMS
SPR-SP16,SP16,6,B042,Өдөр тутмын тогтсон нэг үйлдлийн дараа анзааралгүйгээр иддэг эсэх.,Орой ажлын имэйлээ хаасныхаа дараа бодолгүйгээр ширээн дээрх зуушнаас авах.,false,Бага зэрэг тохирно,true,бодолгүйгээр,false,false,true,false,4,Ерөнхий хэв маягаа бодоход давтагддаг үйлдлийн дараа автоматаар идэх нь өөрт нь бага зэрэг тохирно гэж хариулав.,true,AI-REVISED CANDIDATE ITEM BANK ONLY | NOT HUMAN-REVIEWED | NOT PSYCHOMETRICALLY VALIDATED | NOT A CLINICAL OR PSYCHOLOGICAL DIAGNOSIS | NOT READY FOR PRODUCTION PSYCHOMETRIC CLAIMS
SPR-SP16,SP16,7,B029,Биеийн төрхдөө санаа зовсноосоо болж бусадтай хамт хийх зүйлээс татгалзсан эсэх.,Биеийн төрхөө бодоод хамт олны усан бассейны арга хэмжээнд очихгүй байх.,true,Ховор,true,хүмүүсийн дунд хийх үйл ажиллагаа,false,false,true,false,4,Сүүлийн 30 хоногт биеийн төрхийн санаа зовнилоос шалтгаалан бусадтай хийх үйл ажиллагаанаас ховор зайлсхийсэн гэж хариулав.,true,AI-REVISED CANDIDATE ITEM BANK ONLY | NOT HUMAN-REVIEWED | NOT PSYCHOMETRICALLY VALIDATED | NOT A CLINICAL OR PSYCHOLOGICAL DIAGNOSIS | NOT READY FOR PRODUCTION PSYCHOMETRIC CLAIMS
SPR-SP16,SP16,8,B038,Хооллож байхдаа тухтай цадсанаа анзаарсан эсэх.,"Өдрийн хоолны үеэр өлсөхөө больж, тухтай цадсанаа мэдрээд идэхээ зогсоох.",true,Олон удаа,true,таатайгаар цадсан,false,false,true,false,4,Сүүлийн 14 хоногт хооллох үеэрээ тухтай цадсан мөчөө олон удаа анзаарсан гэж хариулав.,true,AI-REVISED CANDIDATE ITEM BANK ONLY | NOT HUMAN-REVIEWED | NOT PSYCHOMETRICALLY VALIDATED | NOT A CLINICAL OR PSYCHOLOGICAL DIAGNOSIS | NOT READY FOR PRODUCTION PSYCHOMETRIC CLAIMS
SPR-SP16,SP16,9,B008,Төлөвлөөгүй зүйл идсэн ч дараагийн хоолноос ердийн хооллолтдоо буцсан эсэх.,Хүлээн авалт дээр төлөвлөөгүй амттан идсэн ч дараагийн өглөө ердийн өглөөний хоолоо идэх.,true,Олон удаа,true,хэвийн хооллолт,false,false,true,false,5,Сүүлийн 14 хоногт төлөвлөснөөс өөр идсэний дараа дараагийн хоолондоо хэвийн хооллолтдоо олон удаа буцсан гэж хариулав.,true,AI-REVISED CANDIDATE ITEM BANK ONLY | NOT HUMAN-REVIEWED | NOT PSYCHOMETRICALLY VALIDATED | NOT A CLINICAL OR PSYCHOLOGICAL DIAGNOSIS | NOT READY FOR PRODUCTION PSYCHOMETRIC CLAIMS
SPR-SP16,SP16,10,B039,Хоол ойр байхад идэх эсэхээ өөрөө сонгож чадна гэдэгтээ хэр итгэлтэй байгааг асууж байна.,Хурлын ширээн дээр амттан байхад өлсөөгүй бол авахгүй байхаар сонгох.,true,Их итгэлтэй,true,идэх зүйл ойрхон,false,false,true,false,5,Төсөөлсөн нөхцөлд хоол ойр байсан ч идэх эсэхээ сонгож чадна гэдэгтээ их итгэлтэй гэж хариулав.,true,AI-REVISED CANDIDATE ITEM BANK ONLY | NOT HUMAN-REVIEWED | NOT PSYCHOMETRICALLY VALIDATED | NOT A CLINICAL OR PSYCHOLOGICAL DIAGNOSIS | NOT READY FOR PRODUCTION PSYCHOMETRIC CLAIMS
