item_key,source_item_key,construct,facet,version,item_text,behavioral_context,recall_period,response_scale_id,response_options,wording_polarity,scoring_direction,reverse_coded,sensitive,status,revision_type,synthetic_issue_addressed,adjacent_overlap,rationale,requires_human_review,production_ready,status_label,pilot_role,second_pass_gate,adjudication_rationale
EE01-V21,EE01,emotional_eating,stress,2.1,Сүүлийн 14 хоногт стресстсэн үедээ өлсөөгүй байсан ч юм идсэн.,Стресстэй мөч,Сүүлийн 14 хоног,frequency_14d_opportunity_0_4_na,Огт байгаагүй | Ховор | Заримдаа | Олон удаа | Бараг үргэлж | Ийм нөхцөл тохиолдоогүй,barrier_or_difficulty,higher_barrier,false,true,pilot_scored_candidate,unchanged,Whether stress needs a specified threshold,expert_moderate_or_high=15/24;synthesis=moderate,Wording and response mode are candidates for blinded AI pretesting; construct preservation remains a human and empirical decision.,true,false,AI-REVISED CANDIDATE ITEM BANK ONLY | NOT HUMAN-REVIEWED | NOT PSYCHOMETRICALLY VALIDATED | NOT A CLINICAL OR PSYCHOLOGICAL DIAGNOSIS | NOT READY FOR PRODUCTION PSYCHOMETRIC CLAIMS,scored_core_candidate,not_required_unchanged,Unchanged candidate retained for human review; first-panel retain proposal is not validity evidence.
EE02-V21,EE02,emotional_eating,sadness,2.1,Гунигтай үед хоол идэхээр хэсэг зуур тайвширсан мэт санагдсан.,Гунигтай мөч,Сүүлийн 14 хоног,frequency_14d_opportunity_0_4_na,Огт байгаагүй | Ховор | Заримдаа | Олон удаа | Бараг үргэлж | Ийм нөхцөл тохиолдоогүй,barrier_or_difficulty,higher_barrier,false,true,pilot_scored_candidate,minor_rewrite,Temporary relief can be read as outcome rather than eating motive; social-desirability cue; judgment/shame cue; construct overlap,expert_moderate_or_high=23/24;synthesis=moderate,Wording and response mode are candidates for blinded AI pretesting; construct preservation remains a human and empirical decision.,true,false,AI-REVISED CANDIDATE ITEM BANK ONLY | NOT HUMAN-REVIEWED | NOT PSYCHOMETRICALLY VALIDATED | NOT A CLINICAL OR PSYCHOLOGICAL DIAGNOSIS | NOT READY FOR PRODUCTION PSYCHOMETRIC CLAIMS,scored_core_candidate,pass,All four paraphrases retained sadness-linked eating and temporary relief; scale and recall fit all four personas; overlap fell from 23/24 to 8/16.
EE03-V21,EE03,emotional_eating,boredom,2.1,Уйдсан үедээ хийх зүйл хайхын оронд юм идэж эхэлсэн.,Уйдсан мөч,Сүүлийн 14 хоног,frequency_14d_opportunity_0_4_na,Огт байгаагүй | Ховор | Заримдаа | Олон удаа | Бараг үргэлж | Ийм нөхцөл тохиолдоогүй,barrier_or_difficulty,higher_barrier,false,false,pilot_scored_candidate,unchanged,Whether behavioral substitution is part of the facet,expert_moderate_or_high=22/24;synthesis=moderate,Wording and response mode are candidates for blinded AI pretesting; construct preservation remains a human and empirical decision.,true,false,AI-REVISED CANDIDATE ITEM BANK ONLY | NOT HUMAN-REVIEWED | NOT PSYCHOMETRICALLY VALIDATED | NOT A CLINICAL OR PSYCHOLOGICAL DIAGNOSIS | NOT READY FOR PRODUCTION PSYCHOMETRIC CLAIMS,scored_core_candidate,not_required_unchanged,Unchanged candidate retained for human review; first-panel retain proposal is not validity evidence.
EE04-V21,EE04,emotional_eating,loneliness,2.1,Ганцаардсан мэдрэмж төрөхөд идэх хүсэл нэмэгдсэн.,Ганцаардсан мөч,Сүүлийн 14 хоног,frequency_14d_opportunity_0_4_na,Огт байгаагүй | Ховор | Заримдаа | Олон удаа | Бараг үргэлж | Ийм нөхцөл тохиолдоогүй,barrier_or_difficulty,higher_barrier,false,true,pilot_scored_candidate,unchanged,Whether loneliness wording needs contextual anchoring,expert_moderate_or_high=11/24;synthesis=low,Wording and response mode are candidates for blinded AI pretesting; construct preservation remains a human and empirical decision.,true,false,AI-REVISED CANDIDATE ITEM BANK ONLY | NOT HUMAN-REVIEWED | NOT PSYCHOMETRICALLY VALIDATED | NOT A CLINICAL OR PSYCHOLOGICAL DIAGNOSIS | NOT READY FOR PRODUCTION PSYCHOMETRIC CLAIMS,scored_core_candidate,not_required_unchanged,Unchanged candidate retained for human review; first-panel retain proposal is not validity evidence.
EE05-V21,EE05,emotional_eating,frustration,2.1,Уурласан эсвэл бухимдсаны дараа юм идсэн.,Уур бухимдал,Сүүлийн 14 хоног,frequency_14d_opportunity_0_4_na,Огт байгаагүй | Ховор | Заримдаа | Олон удаа | Бараг үргэлж | Ийм нөхцөл тохиолдоогүй,barrier_or_difficulty,higher_barrier,false,true,pilot_scored_candidate,minor_rewrite,Хоол руу хандсан can mean desire or eating; social-desirability cue; judgment/shame cue; construct overlap,expert_moderate_or_high=20/24;synthesis=moderate,Wording and response mode are candidates for blinded AI pretesting; construct preservation remains a human and empirical decision.,true,false,AI-REVISED CANDIDATE ITEM BANK ONLY | NOT HUMAN-REVIEWED | NOT PSYCHOMETRICALLY VALIDATED | NOT A CLINICAL OR PSYCHOLOGICAL DIAGNOSIS | NOT READY FOR PRODUCTION PSYCHOMETRIC CLAIMS,scored_core_candidate,pass,All four paraphrases retained eating after anger or frustration; scale and recall fit all four personas; overlap fell from 20/24 to 7/16.
EE06-V21-A,EE06,emotional_eating,affect_tolerance,2.1,Таагүй мэдрэмж төрөхөд хоол идэхээс өөр аргаар өөрийгөө тайвшруулсан.,Таагүй мэдрэмж,Сүүлийн 14 хоног,frequency_14d_opportunity_0_4_na,Огт байгаагүй | Ховор | Заримдаа | Олон удаа | Бараг үргэлж | Ийм нөхцөл тохиолдоогүй,favorable_capability,higher_capability,false,true,pilot_scored_candidate,major_rewrite_alternative,Таагүй мэдрэмж and successful coping are broad; social-desirability cue; judgment/shame cue; construct overlap; reverse wording,expert_moderate_or_high=24/24;synthesis=high;emotional_eating_vs_self_efficacy,Wording and response mode are candidates for blinded AI pretesting; construct preservation remains a human and empirical decision.,true,false,AI-REVISED CANDIDATE ITEM BANK ONLY | NOT HUMAN-REVIEWED | NOT PSYCHOMETRICALLY VALIDATED | NOT A CLINICAL OR PSYCHOLOGICAL DIAGNOSIS | NOT READY FOR PRODUCTION PSYCHOMETRIC CLAIMS,scored_core_candidate,pass,All four paraphrases retained non-eating self-soothing during unpleasant affect and all persona scale and recall judgments were usable.
EC01-V21,EC01,external_cue_reactivity,visual_cue,2.1,Өлсөөгүй байсан ч хоол хараад идэх хүсэл төрсөн.,Хоол харагдах,Сүүлийн 14 хоног,frequency_14d_opportunity_0_4_na,Огт байгаагүй | Ховор | Заримдаа | Олон удаа | Бараг үргэлж | Ийм нөхцөл тохиолдоогүй,barrier_or_difficulty,higher_barrier,false,false,pilot_scored_candidate,unchanged,Whether visual cue response should distinguish desire from eating,expert_moderate_or_high=17/24;synthesis=moderate,Wording and response mode are candidates for blinded AI pretesting; construct preservation remains a human and empirical decision.,true,false,AI-REVISED CANDIDATE ITEM BANK ONLY | NOT HUMAN-REVIEWED | NOT PSYCHOMETRICALLY VALIDATED | NOT A CLINICAL OR PSYCHOLOGICAL DIAGNOSIS | NOT READY FOR PRODUCTION PSYCHOMETRIC CLAIMS,scored_core_candidate,not_required_unchanged,Unchanged candidate retained for human review; first-panel retain proposal is not validity evidence.
EC02-V21,EC02,external_cue_reactivity,smell_cue,2.1,Хоолны үнэрээс болж идэхээр шийдсэн.,Хоолны үнэр,Сүүлийн 14 хоног,frequency_14d_opportunity_0_4_na,Огт байгаагүй | Ховор | Заримдаа | Олон удаа | Бараг үргэлж | Ийм нөхцөл тохиолдоогүй,barrier_or_difficulty,higher_barrier,false,false,pilot_scored_candidate,minor_rewrite,Нөлөөлсөн is a broad causal link; construct overlap,expert_moderate_or_high=15/24;synthesis=moderate,Wording and response mode are candidates for blinded AI pretesting; construct preservation remains a human and empirical decision.,true,false,AI-REVISED CANDIDATE ITEM BANK ONLY | NOT HUMAN-REVIEWED | NOT PSYCHOMETRICALLY VALIDATED | NOT A CLINICAL OR PSYCHOLOGICAL DIAGNOSIS | NOT READY FOR PRODUCTION PSYCHOMETRIC CLAIMS,scored_core_candidate,pass,All four paraphrases retained a smell-triggered eating decision; scale and recall fit all four personas; overlap fell from 15/24 to 7/16.
EC03-V21,EC03,external_cue_reactivity,availability,2.1,Идэх зүйл ойрхон бэлэн байснаас төлөвлөөгүй үедээ идсэн.,Ойр бэлэн хоол,Сүүлийн 14 хоног,frequency_14d_opportunity_0_4_na,Огт байгаагүй | Ховор | Заримдаа | Олон удаа | Бараг үргэлж | Ийм нөхцөл тохиолдоогүй,barrier_or_difficulty,higher_barrier,false,false,pilot_scored_candidate,unchanged,Whether unplanned eating is sufficiently defined,expert_moderate_or_high=20/24;synthesis=moderate,Wording and response mode are candidates for blinded AI pretesting; construct preservation remains a human and empirical decision.,true,false,AI-REVISED CANDIDATE ITEM BANK ONLY | NOT HUMAN-REVIEWED | NOT PSYCHOMETRICALLY VALIDATED | NOT A CLINICAL OR PSYCHOLOGICAL DIAGNOSIS | NOT READY FOR PRODUCTION PSYCHOMETRIC CLAIMS,scored_core_candidate,not_required_unchanged,Unchanged candidate retained for human review; first-panel retain proposal is not validity evidence.
EC04-V21,EC04,external_cue_reactivity,digital_cue,2.1,Хоолны сурталчилгаа харсны дараа хоолны тухай бодол үргэлжилсэн.,Апп ба сурталчилгаа,Сүүлийн 14 хоног,frequency_14d_opportunity_0_4_na,Огт байгаагүй | Ховор | Заримдаа | Олон удаа | Бараг үргэлж | Ийм нөхцөл тохиолдоогүй,barrier_or_difficulty,higher_barrier,false,false,pilot_scored_candidate,minor_rewrite,App use and advertising are separate triggers; construct overlap,expert_moderate_or_high=17/24;synthesis=moderate,Wording and response mode are candidates for blinded AI pretesting; construct preservation remains a human and empirical decision.,true,false,AI-REVISED CANDIDATE ITEM BANK ONLY | NOT HUMAN-REVIEWED | NOT PSYCHOMETRICALLY VALIDATED | NOT A CLINICAL OR PSYCHOLOGICAL DIAGNOSIS | NOT READY FOR PRODUCTION PSYCHOMETRIC CLAIMS,scored_core_candidate,pass,All four paraphrases retained continued food thoughts after advertising and all persona scale and recall judgments were usable.
EC05-V21,EC05,external_cue_reactivity,preoccupation,2.1,Хоолны тухай бодол хийж байсан зүйлээс минь анхаарал сарниулсан.,Өдөр тутмын ажил,Сүүлийн 14 хоног,frequency_14d_opportunity_0_4_na,Огт байгаагүй | Ховор | Заримдаа | Олон удаа | Бараг үргэлж | Ийм нөхцөл тохиолдоогүй,barrier_or_difficulty,higher_barrier,false,true,pilot_scored_candidate,unchanged,Whether the intended facet is attention disruption or food preoccupation,expert_moderate_or_high=23/24;synthesis=high,Wording and response mode are candidates for blinded AI pretesting; construct preservation remains a human and empirical decision.,true,false,AI-REVISED CANDIDATE ITEM BANK ONLY | NOT HUMAN-REVIEWED | NOT PSYCHOMETRICALLY VALIDATED | NOT A CLINICAL OR PSYCHOLOGICAL DIAGNOSIS | NOT READY FOR PRODUCTION PSYCHOMETRIC CLAIMS,scored_core_candidate,not_required_unchanged,Unchanged candidate retained for human review; first-panel retain proposal is not validity evidence.
EC06-V21,EC06,external_cue_reactivity,disengagement,2.1,Хоол харсан үед анхаарлаа өөр зүйлд буцааж чадсан.,Хоолны дохионы дараа,Сүүлийн 14 хоног,frequency_14d_opportunity_0_4_na,Огт байгаагүй | Ховор | Заримдаа | Олон удаа | Бараг үргэлж | Ийм нөхцөл тохиолдоогүй,favorable_capability,higher_capability,false,false,pilot_scored_candidate,minor_rewrite,Visual and smell cues are combined with successful redirection; social-desirability cue; construct overlap; reverse wording,expert_moderate_or_high=19/24;synthesis=moderate;external_cue_reactivity_vs_habit_automaticity,Wording and response mode are candidates for blinded AI pretesting; construct preservation remains a human and empirical decision.,true,false,AI-REVISED CANDIDATE ITEM BANK ONLY | NOT HUMAN-REVIEWED | NOT PSYCHOMETRICALLY VALIDATED | NOT A CLINICAL OR PSYCHOLOGICAL DIAGNOSIS | NOT READY FOR PRODUCTION PSYCHOMETRIC CLAIMS,scored_core_candidate,pass,All four paraphrases retained redirecting attention after seeing food and all persona scale and recall judgments were usable.
UC01-V21,UC01,uncontrolled_eating,stopping,2.1,Идэж эхэлсний дараа хүссэн үедээ зогсоох хэцүү байсан.,Идэж эхэлсний дараа,Сүүлийн 14 хоног,frequency_14d_opportunity_0_4_na,Огт байгаагүй | Ховор | Заримдаа | Олон удаа | Бараг үргэлж | Ийм нөхцөл тохиолдоогүй,barrier_or_difficulty,higher_barrier,false,true,pilot_scored_candidate,unchanged,Whether stopping difficulty requires an amount threshold,expert_moderate_or_high=11/24;synthesis=low,Wording and response mode are candidates for blinded AI pretesting; construct preservation remains a human and empirical decision.,true,false,AI-REVISED CANDIDATE ITEM BANK ONLY | NOT HUMAN-REVIEWED | NOT PSYCHOMETRICALLY VALIDATED | NOT A CLINICAL OR PSYCHOLOGICAL DIAGNOSIS | NOT READY FOR PRODUCTION PSYCHOMETRIC CLAIMS,scored_core_candidate,not_required_unchanged,Unchanged candidate retained for human review; first-panel retain proposal is not validity evidence.
UC02-V21,UC02,uncontrolled_eating,intended_amount,2.1,Эхэндээ иднэ гэж бодсоноосоо илүү идсэн.,Ердийн хооллолт,Сүүлийн 14 хоног,frequency_14d_opportunity_0_4_na,Огт байгаагүй | Ховор | Заримдаа | Олон удаа | Бараг үргэлж | Ийм нөхцөл тохиолдоогүй,barrier_or_difficulty,higher_barrier,false,true,pilot_scored_candidate,minor_rewrite,Анх бодсоноосоо can mean planned amount or expectation; social-desirability cue; construct overlap,expert_moderate_or_high=20/24;synthesis=moderate,Wording and response mode are candidates for blinded AI pretesting; construct preservation remains a human and empirical decision.,true,false,AI-REVISED CANDIDATE ITEM BANK ONLY | NOT HUMAN-REVIEWED | NOT PSYCHOMETRICALLY VALIDATED | NOT A CLINICAL OR PSYCHOLOGICAL DIAGNOSIS | NOT READY FOR PRODUCTION PSYCHOMETRIC CLAIMS,scored_core_candidate,pass,All four paraphrases retained eating more than initially intended and all persona scale and recall judgments were usable.
UC03-V21,UC03,uncontrolled_eating,momentum,2.1,Цадсанаа анзаарсан ч үргэлжлүүлэн идсэн.,Амттай эсвэл дуртай хоол,Сүүлийн 14 хоног,frequency_14d_opportunity_0_4_na,Огт байгаагүй | Ховор | Заримдаа | Олон удаа | Бараг үргэлж | Ийм нөхцөл тохиолдоогүй,barrier_or_difficulty,higher_barrier,false,true,pilot_scored_candidate,unchanged,Whether satiety awareness and continuation should be separated,expert_moderate_or_high=23/24;synthesis=moderate;uncontrolled_eating_vs_hunger_satiety_awareness,Wording and response mode are candidates for blinded AI pretesting; construct preservation remains a human and empirical decision.,true,false,AI-REVISED CANDIDATE ITEM BANK ONLY | NOT HUMAN-REVIEWED | NOT PSYCHOMETRICALLY VALIDATED | NOT A CLINICAL OR PSYCHOLOGICAL DIAGNOSIS | NOT READY FOR PRODUCTION PSYCHOMETRIC CLAIMS,scored_core_candidate,not_required_unchanged,Unchanged candidate retained for human review; first-panel retain proposal is not validity evidence.
UC04-V21,UC04,uncontrolled_eating,subjective_control,2.1,Идэж байхдаа зогсоох эсвэл үргэлжлүүлэхээ удирдахад хэцүү байсан.,Идэх үе,Сүүлийн 14 хоног,frequency_14d_opportunity_0_4_na,Огт байгаагүй | Ховор | Заримдаа | Олон удаа | Бараг үргэлж | Ийм нөхцөл тохиолдоогүй,barrier_or_difficulty,higher_barrier,false,true,pilot_scored_candidate,minor_rewrite,Өөрөө удирдаж чадахгүй may imply severe loss of control; social-desirability cue; judgment/shame cue; construct overlap,expert_moderate_or_high=19/24;synthesis=moderate,Wording and response mode are candidates for blinded AI pretesting; construct preservation remains a human and empirical decision.,true,false,AI-REVISED CANDIDATE ITEM BANK ONLY | NOT HUMAN-REVIEWED | NOT PSYCHOMETRICALLY VALIDATED | NOT A CLINICAL OR PSYCHOLOGICAL DIAGNOSIS | NOT READY FOR PRODUCTION PSYCHOMETRIC CLAIMS,scored_core_candidate,pass,All four paraphrases retained difficulty controlling whether to stop or continue and all persona scale and recall judgments were usable.
UC05-V21,UC05,uncontrolled_eating,unplanned_continuation,2.1,Багахан иднэ гэж эхэлсэн ч үргэлжлүүлээд идсэн.,Зууш эсвэл хоол,Сүүлийн 14 хоног,frequency_14d_opportunity_0_4_na,Огт байгаагүй | Ховор | Заримдаа | Олон удаа | Бараг үргэлж | Ийм нөхцөл тохиолдоогүй,barrier_or_difficulty,higher_barrier,false,true,pilot_scored_candidate,unchanged,Whether a small intended amount needs definition,expert_moderate_or_high=16/24;synthesis=moderate,Wording and response mode are candidates for blinded AI pretesting; construct preservation remains a human and empirical decision.,true,false,AI-REVISED CANDIDATE ITEM BANK ONLY | NOT HUMAN-REVIEWED | NOT PSYCHOMETRICALLY VALIDATED | NOT A CLINICAL OR PSYCHOLOGICAL DIAGNOSIS | NOT READY FOR PRODUCTION PSYCHOMETRIC CLAIMS,scored_core_candidate,not_required_unchanged,Unchanged candidate retained for human review; first-panel retain proposal is not validity evidence.
UC06-V21,UC06,uncontrolled_eating,pause_capacity,2.1,Идэж байхдаа үргэлжлүүлэх эсэхээ бодохоор түр зогсож чадсан.,Идэж байх үе,Сүүлийн 14 хоног,frequency_14d_opportunity_0_4_na,Огт байгаагүй | Ховор | Заримдаа | Олон удаа | Бараг үргэлж | Ийм нөхцөл тохиолдоогүй,favorable_capability,higher_capability,false,true,pilot_scored_candidate,minor_rewrite,Pause and deciding can be read as two actions; social-desirability cue; construct overlap; reverse wording,expert_moderate_or_high=20/24;synthesis=moderate;uncontrolled_eating_vs_hunger_satiety_awareness,Wording and response mode are candidates for blinded AI pretesting; construct preservation remains a human and empirical decision.,true,false,AI-REVISED CANDIDATE ITEM BANK ONLY | NOT HUMAN-REVIEWED | NOT PSYCHOMETRICALLY VALIDATED | NOT A CLINICAL OR PSYCHOLOGICAL DIAGNOSIS | NOT READY FOR PRODUCTION PSYCHOMETRIC CLAIMS,scored_core_candidate,pass,All four paraphrases retained pausing to consider whether to continue and all persona scale and recall judgments were usable.
RR02-V21,RR02,restrictive_rebound,prohibition,2.1,Зарим хоолыг өөртөө бүрэн хориглох дүрэм тогтоосон.,Хоол сонголт,Сүүлийн 14 хоног,frequency_14d_opportunity_0_4_na,Огт байгаагүй | Ховор | Заримдаа | Олон удаа | Бараг үргэлж | Ийм нөхцөл тохиолдоогүй,barrier_or_difficulty,higher_barrier,false,true,pilot_scored_candidate,unchanged,Whether prohibition is distinguished from ordinary preference,expert_moderate_or_high=11/24;synthesis=low,Wording and response mode are candidates for blinded AI pretesting; construct preservation remains a human and empirical decision.,true,false,AI-REVISED CANDIDATE ITEM BANK ONLY | NOT HUMAN-REVIEWED | NOT PSYCHOMETRICALLY VALIDATED | NOT A CLINICAL OR PSYCHOLOGICAL DIAGNOSIS | NOT READY FOR PRODUCTION PSYCHOMETRIC CLAIMS,scored_core_candidate,not_required_unchanged,Unchanged candidate retained for human review; first-panel retain proposal is not validity evidence.
RR04-V21-A,RR04,restrictive_rebound,rebound,2.1,Төлөвлөснөөс өөр идсэний дараа тэр өдрийн хоолны төлөвлөгөөгөө орхисон.,Дүрмээс зөрсний дараа,Сүүлийн 14 хоног,frequency_14d_opportunity_0_4_na,Огт байгаагүй | Ховор | Заримдаа | Олон удаа | Бараг үргэлж | Ийм нөхцөл тохиолдоогүй,barrier_or_difficulty,higher_barrier,false,true,pilot_scored_candidate,major_rewrite_alternative,Deviation and abandoning the whole day are multiple linked events; response-scale mismatch; social-desirability cue; judgment/shame cue; construct overlap,expert_moderate_or_high=22/24;synthesis=high;restrictive_rebound_vs_implementation_friction,Wording and response mode are candidates for blinded AI pretesting; construct preservation remains a human and empirical decision.,true,false,AI-REVISED CANDIDATE ITEM BANK ONLY | NOT HUMAN-REVIEWED | NOT PSYCHOMETRICALLY VALIDATED | NOT A CLINICAL OR PSYCHOLOGICAL DIAGNOSIS | NOT READY FOR PRODUCTION PSYCHOMETRIC CLAIMS,scored_core_candidate,pass,All four paraphrases retained abandoning the rest-of-day plan after a deviation; no persona flagged judgment; overlap fell from 22/24 to 7/16.
RR05-V21,RR05,restrictive_rebound,tightening,2.1,Төлөвлөгөөнөөс хазайсныхаа дараа маргааш нь дүрмээ улам чангалсан.,Хазайлтын дараа,Сүүлийн 14 хоног,frequency_14d_opportunity_0_4_na,Огт байгаагүй | Ховор | Заримдаа | Олон удаа | Бараг үргэлж | Ийм нөхцөл тохиолдоогүй,barrier_or_difficulty,higher_barrier,false,true,pilot_scored_candidate,unchanged,Whether next-day tightening is the desired rebound behavior,expert_moderate_or_high=13/24;synthesis=moderate,Wording and response mode are candidates for blinded AI pretesting; construct preservation remains a human and empirical decision.,true,false,AI-REVISED CANDIDATE ITEM BANK ONLY | NOT HUMAN-REVIEWED | NOT PSYCHOMETRICALLY VALIDATED | NOT A CLINICAL OR PSYCHOLOGICAL DIAGNOSIS | NOT READY FOR PRODUCTION PSYCHOMETRIC CLAIMS,scored_core_candidate,not_required_unchanged,Unchanged candidate retained for human review; first-panel retain proposal is not validity evidence.
RR06-V21,RR06,restrictive_rebound,flexible_return,2.1,Төлөвлөснөөс өөр идсэн ч дараагийн хоолондоо хэвийн хооллолтдоо орсон.,Хазайлтын дараа,Сүүлийн 14 хоног,frequency_14d_opportunity_0_4_na,Огт байгаагүй | Ховор | Заримдаа | Олон удаа | Бараг үргэлж | Ийм нөхцөл тохиолдоогүй,favorable_capability,higher_capability,false,true,pilot_scored_candidate,minor_rewrite,Normal rhythm and resumption are not applicable without a plan; response-scale mismatch; social-desirability cue; construct overlap; reverse wording,expert_moderate_or_high=17/24;synthesis=moderate;restrictive_rebound_vs_implementation_friction,Wording and response mode are candidates for blinded AI pretesting; construct preservation remains a human and empirical decision.,true,false,AI-REVISED CANDIDATE ITEM BANK ONLY | NOT HUMAN-REVIEWED | NOT PSYCHOMETRICALLY VALIDATED | NOT A CLINICAL OR PSYCHOLOGICAL DIAGNOSIS | NOT READY FOR PRODUCTION PSYCHOMETRIC CLAIMS,scored_core_candidate,pass,All four paraphrases retained returning to usual eating at the next meal and 3/4 personas found both scale and recall usable.
HS01-V21,HS01,hunger_satiety_awareness,early_hunger,2.1,Өлсөлт хэт хүчтэй болохоос өмнө өлсөж байгаагаа анзаарсан.,Хоолны өмнө,Сүүлийн 14 хоног,frequency_14d_opportunity_0_4_na,Огт байгаагүй | Ховор | Заримдаа | Олон удаа | Бараг үргэлж | Ийм нөхцөл тохиолдоогүй,favorable_capability,higher_capability,false,false,pilot_scored_candidate,minor_rewrite,Биеийн дохио and excessively strong hunger are broad; social-desirability cue; reverse wording,expert_moderate_or_high=8/24;synthesis=low,Wording and response mode are candidates for blinded AI pretesting; construct preservation remains a human and empirical decision.,true,false,AI-REVISED CANDIDATE ITEM BANK ONLY | NOT HUMAN-REVIEWED | NOT PSYCHOMETRICALLY VALIDATED | NOT A CLINICAL OR PSYCHOLOGICAL DIAGNOSIS | NOT READY FOR PRODUCTION PSYCHOMETRIC CLAIMS,scored_core_candidate,pass,All four paraphrases retained noticing hunger before it became very strong; all experts suggested pass; overlap fell from 8/24 to 1/16.
HS02-V21,HS02,hunger_satiety_awareness,hunger_discrimination,2.1,Идэх хүсэл төрөхөд өлссөн эсэхээ ялгаж чадсан.,Идэх хүсэл төрөхөд,Сүүлийн 14 хоног,frequency_14d_opportunity_0_4_na,Огт байгаагүй | Ховор | Заримдаа | Олон удаа | Бараг үргэлж | Ийм нөхцөл тохиолдоогүй,favorable_capability,higher_capability,false,false,pilot_scored_candidate,unchanged,Whether desire-hunger discrimination is the intended capability,expert_moderate_or_high=20/24;synthesis=moderate,Wording and response mode are candidates for blinded AI pretesting; construct preservation remains a human and empirical decision.,true,false,AI-REVISED CANDIDATE ITEM BANK ONLY | NOT HUMAN-REVIEWED | NOT PSYCHOMETRICALLY VALIDATED | NOT A CLINICAL OR PSYCHOLOGICAL DIAGNOSIS | NOT READY FOR PRODUCTION PSYCHOMETRIC CLAIMS,scored_core_candidate,not_required_unchanged,Unchanged candidate retained for human review; first-panel retain proposal is not validity evidence.
HS03-V21,HS03,hunger_satiety_awareness,late_hunger,2.1,Өлссөнөө маш их сульдсаны дараа л анзаарсан.,Удаан завсарласны дараа,Сүүлийн 14 хоног,frequency_14d_opportunity_0_4_na,Огт байгаагүй | Ховор | Заримдаа | Олон удаа | Бараг үргэлж | Ийм нөхцөл тохиолдоогүй,barrier_or_difficulty,higher_barrier,false,false,pilot_scored_candidate,minor_rewrite,Бие сульдах can reflect causes other than hunger; construct overlap,expert_moderate_or_high=16/24;synthesis=moderate,Wording and response mode are candidates for blinded AI pretesting; construct preservation remains a human and empirical decision.,true,false,AI-REVISED CANDIDATE ITEM BANK ONLY | NOT HUMAN-REVIEWED | NOT PSYCHOMETRICALLY VALIDATED | NOT A CLINICAL OR PSYCHOLOGICAL DIAGNOSIS | NOT READY FOR PRODUCTION PSYCHOMETRIC CLAIMS,scored_core_candidate,pass,All four paraphrases retained delayed hunger recognition after marked weakness and all persona scale and recall judgments were usable.
HS04-V21,HS04,hunger_satiety_awareness,comfortable_fullness,2.1,Идэж байхдаа таатайгаар цадсан мөчөө анзаарсан.,Идэж байхдаа,Сүүлийн 14 хоног,frequency_14d_opportunity_0_4_na,Огт байгаагүй | Ховор | Заримдаа | Олон удаа | Бараг үргэлж | Ийм нөхцөл тохиолдоогүй,favorable_capability,higher_capability,false,false,pilot_scored_candidate,minor_rewrite,Тав тухтай цадсан is subjective; social-desirability cue; reverse wording,expert_moderate_or_high=4/24;synthesis=low,Wording and response mode are candidates for blinded AI pretesting; construct preservation remains a human and empirical decision.,true,false,AI-REVISED CANDIDATE ITEM BANK ONLY | NOT HUMAN-REVIEWED | NOT PSYCHOMETRICALLY VALIDATED | NOT A CLINICAL OR PSYCHOLOGICAL DIAGNOSIS | NOT READY FOR PRODUCTION PSYCHOMETRIC CLAIMS,scored_core_candidate,pass,All four paraphrases retained noticing comfortable fullness while eating; all experts suggested pass; overlap fell from 4/24 to 1/16.
HS05-V21,HS05,hunger_satiety_awareness,satiety_clarity,2.1,Цадсан эсэхээ мэдэхэд эргэлзсэн.,Хоолны төгсгөл,Сүүлийн 14 хоног,frequency_14d_opportunity_0_4_na,Огт байгаагүй | Ховор | Заримдаа | Олон удаа | Бараг үргэлж | Ийм нөхцөл тохиолдоогүй,barrier_or_difficulty,higher_barrier,false,false,pilot_scored_candidate,unchanged,Whether uncertainty about fullness needs contextual detail,expert_moderate_or_high=5/24;synthesis=low,Wording and response mode are candidates for blinded AI pretesting; construct preservation remains a human and empirical decision.,true,false,AI-REVISED CANDIDATE ITEM BANK ONLY | NOT HUMAN-REVIEWED | NOT PSYCHOMETRICALLY VALIDATED | NOT A CLINICAL OR PSYCHOLOGICAL DIAGNOSIS | NOT READY FOR PRODUCTION PSYCHOMETRIC CLAIMS,scored_core_candidate,not_required_unchanged,Unchanged candidate retained for human review; first-panel retain proposal is not validity evidence.
SE01-V21,SE01,eating_self_efficacy,stress,2.1,Стресстэй өдөр хоолны төлөвлөгөөгөө дагаж чадна гэдэгтээ хэр итгэлтэй вэ?,Стресстэй өдөр,Нөхцөлийг төсөөлөн хариулна,confidence_0_4_na,Огт итгэлгүй | Бага зэрэг итгэлтэй | Дунд зэрэг итгэлтэй | Их итгэлтэй | Маш их итгэлтэй | Ийм нөхцөл тохиолдоогүй,favorable_capability,higher_capability,false,true,pilot_scored_candidate,minor_rewrite,Past-period confidence and flexible plan are difficult to anchor; response-scale mismatch; recall-period mismatch; social-desirability cue; construct overlap,expert_moderate_or_high=17/24;synthesis=moderate,Wording and response mode are candidates for blinded AI pretesting; construct preservation remains a human and empirical decision.,true,false,AI-REVISED CANDIDATE ITEM BANK ONLY | NOT HUMAN-REVIEWED | NOT PSYCHOMETRICALLY VALIDATED | NOT A CLINICAL OR PSYCHOLOGICAL DIAGNOSIS | NOT READY FOR PRODUCTION PSYCHOMETRIC CLAIMS,scored_core_candidate,pass,All four paraphrases retained confidence under stress and 3/4 personas found the confidence options fitting.
SE02-V21,SE02,eating_self_efficacy,time_pressure,2.1,Зав багатай үед хоолны тохирох сонголт хийж чадна гэдэгтээ хэр итгэлтэй вэ?,Завгүй өдөр,Нөхцөлийг төсөөлөн хариулна,confidence_0_4_na,Огт итгэлгүй | Бага зэрэг итгэлтэй | Дунд зэрэг итгэлтэй | Их итгэлтэй | Маш их итгэлтэй | Ийм нөхцөл тохиолдоогүй,favorable_capability,higher_capability,false,false,pilot_scored_candidate,minor_rewrite,Possible choice is unspecified and confidence is recalled; recall-period mismatch; social-desirability cue; construct overlap,expert_moderate_or_high=15/24;synthesis=moderate,Wording and response mode are candidates for blinded AI pretesting; construct preservation remains a human and empirical decision.,true,false,AI-REVISED CANDIDATE ITEM BANK ONLY | NOT HUMAN-REVIEWED | NOT PSYCHOMETRICALLY VALIDATED | NOT A CLINICAL OR PSYCHOLOGICAL DIAGNOSIS | NOT READY FOR PRODUCTION PSYCHOMETRIC CLAIMS,scored_core_candidate,pass,All four paraphrases retained confidence in choosing food under time pressure and all persona scale and recall judgments were usable.
SE03-V21,SE03,eating_self_efficacy,social,2.1,Бусадтай хамт хооллох үед өөрийн сонголтоо хийж чадна гэдэгтээ хэр итгэлтэй вэ?,Хүмүүстэй хамт,Нөхцөлийг төсөөлөн хариулна,confidence_0_4_na,Огт итгэлгүй | Бага зэрэг итгэлтэй | Дунд зэрэг итгэлтэй | Их итгэлтэй | Маш их итгэлтэй | Ийм нөхцөл тохиолдоогүй,favorable_capability,higher_capability,false,true,pilot_scored_candidate,minor_rewrite,Тайван combines choice with emotional composure; recall-period mismatch; social-desirability cue; construct overlap,expert_moderate_or_high=17/24;synthesis=moderate,Wording and response mode are candidates for blinded AI pretesting; construct preservation remains a human and empirical decision.,true,false,AI-REVISED CANDIDATE ITEM BANK ONLY | NOT HUMAN-REVIEWED | NOT PSYCHOMETRICALLY VALIDATED | NOT A CLINICAL OR PSYCHOLOGICAL DIAGNOSIS | NOT READY FOR PRODUCTION PSYCHOMETRIC CLAIMS,scored_core_candidate,pass,All four paraphrases retained confidence in making one's own food choice around others and all persona scale and recall judgments were usable.
SE04-V21,SE04,eating_self_efficacy,cues,2.1,Идэх зүйл ойрхон байсан ч идэх эсэхээ сонгож чадна гэдэгтээ хэр итгэлтэй вэ?,Хоол ойр бэлэн үед,Нөхцөлийг төсөөлөн хариулна,confidence_0_4_na,Огт итгэлгүй | Бага зэрэг итгэлтэй | Дунд зэрэг итгэлтэй | Их итгэлтэй | Маш их итгэлтэй | Ийм нөхцөл тохиолдоогүй,favorable_capability,higher_capability,false,false,pilot_scored_candidate,minor_rewrite,Thinking and choosing may be two actions; recall-period mismatch; social-desirability cue; construct overlap,expert_moderate_or_high=20/24;synthesis=moderate,Wording and response mode are candidates for blinded AI pretesting; construct preservation remains a human and empirical decision.,true,false,AI-REVISED CANDIDATE ITEM BANK ONLY | NOT HUMAN-REVIEWED | NOT PSYCHOMETRICALLY VALIDATED | NOT A CLINICAL OR PSYCHOLOGICAL DIAGNOSIS | NOT READY FOR PRODUCTION PSYCHOMETRIC CLAIMS,scored_core_candidate,pass,Three paraphrases retained neutral confidence in choosing whether to eat; one narrowed the choice to not eating; all experts suggested pass.
SE05-V21,SE05,eating_self_efficacy,recovery,2.1,Төлөвлөснөөс өөр идсэний дараа дараагийн хоолондоо эргэн орж чадна гэдэгтээ хэр итгэлтэй вэ?,Төлөвлөгөөнөөс хазайсны дараа,Нөхцөлийг төсөөлөн хариулна,confidence_0_4_na,Огт итгэлгүй | Бага зэрэг итгэлтэй | Дунд зэрэг итгэлтэй | Их итгэлтэй | Маш их итгэлтэй | Ийм нөхцөл тохиолдоогүй,favorable_capability,higher_capability,false,true,pilot_scored_candidate,minor_rewrite,Resumption presumes a plan and a prior deviation; response-scale mismatch; recall-period mismatch; social-desirability cue; construct overlap,expert_moderate_or_high=18/24;synthesis=moderate;restrictive_rebound_vs_eating_self_efficacy,Wording and response mode are candidates for blinded AI pretesting; construct preservation remains a human and empirical decision.,true,false,AI-REVISED CANDIDATE ITEM BANK ONLY | NOT HUMAN-REVIEWED | NOT PSYCHOMETRICALLY VALIDATED | NOT A CLINICAL OR PSYCHOLOGICAL DIAGNOSIS | NOT READY FOR PRODUCTION PSYCHOMETRIC CLAIMS,scored_core_candidate,pass,All four paraphrases retained confidence in recovery after a plan deviation and 3/4 personas found the confidence options fitting.
SE06-V21-A,SE06,eating_self_efficacy,fatigue,2.1,Ядарсан үедээ хийхээр сонгосон хооллолтын нэг энгийн алхмыг хийж чадна гэдэгтээ хэр итгэлтэй вэ?,Ядарсан үед,Нөхцөлийг төсөөлөн хариулна,confidence_0_4_na,Огт итгэлгүй | Бага зэрэг итгэлтэй | Дунд зэрэг итгэлтэй | Их итгэлтэй | Маш их итгэлтэй | Ийм нөхцөл тохиолдоогүй,favorable_capability,higher_capability,false,false,pilot_scored_candidate,major_rewrite_alternative,Small version is undefined and confidence is recalled; response-scale mismatch; recall-period mismatch; social-desirability cue; construct overlap,expert_moderate_or_high=20/24;synthesis=moderate,Wording and response mode are candidates for blinded AI pretesting; construct preservation remains a human and empirical decision.,true,false,AI-REVISED CANDIDATE ITEM BANK ONLY | NOT HUMAN-REVIEWED | NOT PSYCHOMETRICALLY VALIDATED | NOT A CLINICAL OR PSYCHOLOGICAL DIAGNOSIS | NOT READY FOR PRODUCTION PSYCHOMETRIC CLAIMS,scored_core_candidate,pass,All four paraphrases retained confidence in completing one simple chosen eating step when tired and all persona scale and recall judgments were usable.
HA01-V21,HA01,habit_automaticity,automatic_start,2.1,Тодорхой газар болоход бодолгүйгээр идэх зүйл рүү гараа сунгасан.,Тогтмол нөхцөл,Ерөнхийдөө,typicality_0_4_na,Огт тохирохгүй | Бага зэрэг тохирно | Дунд зэрэг тохирно | Ихэнхдээ тохирно | Бүрэн тохирно | Ийм давтагддаг нөхцөл байхгүй,barrier_or_difficulty,higher_barrier,false,false,pilot_scored_candidate,minor_rewrite,Time and place cues are combined with automatic action; social-desirability cue; construct overlap,expert_moderate_or_high=15/24;synthesis=moderate;external_cue_reactivity_vs_habit_automaticity,Wording and response mode are candidates for blinded AI pretesting; construct preservation remains a human and empirical decision.,true,false,AI-REVISED CANDIDATE ITEM BANK ONLY | NOT HUMAN-REVIEWED | NOT PSYCHOMETRICALLY VALIDATED | NOT A CLINICAL OR PSYCHOLOGICAL DIAGNOSIS | NOT READY FOR PRODUCTION PSYCHOMETRIC CLAIMS,scored_core_candidate,pass,All four paraphrases retained automatic reaching for food in a place cue and 3/4 personas found both scale and recall usable.
HA02-V21-A,HA02,habit_automaticity,sequence,2.1,Өдөр бүр давтагддаг нэг үйлдлийнхээ дараа бодолгүйгээр юм иддэг.,Өдөр тутмын дараалал,Ерөнхийдөө,typicality_0_4_na,Огт тохирохгүй | Бага зэрэг тохирно | Дунд зэрэг тохирно | Ихэнхдээ тохирно | Бүрэн тохирно | Ийм давтагддаг нөхцөл байхгүй,barrier_or_difficulty,higher_barrier,false,false,pilot_scored_candidate,major_rewrite_alternative,Action sequence and automatic continuation are abstract; response-scale mismatch; construct overlap,expert_moderate_or_high=18/24;synthesis=moderate;external_cue_reactivity_vs_habit_automaticity,Wording and response mode are candidates for blinded AI pretesting; construct preservation remains a human and empirical decision.,true,false,AI-REVISED CANDIDATE ITEM BANK ONLY | NOT HUMAN-REVIEWED | NOT PSYCHOMETRICALLY VALIDATED | NOT A CLINICAL OR PSYCHOLOGICAL DIAGNOSIS | NOT READY FOR PRODUCTION PSYCHOMETRIC CLAIMS,scored_core_candidate,pass,All four paraphrases retained automatic eating after a repeated daily action and 3/4 personas found recall usable.
HA03-V21,HA03,habit_automaticity,awareness_lag,2.1,Идэж эхэлснээ хэсэг хугацааны дараа анзаарсан.,Идэж эхлэх үе,Ерөнхийдөө,typicality_0_4_na,Огт тохирохгүй | Бага зэрэг тохирно | Дунд зэрэг тохирно | Ихэнхдээ тохирно | Бүрэн тохирно | Ийм давтагддаг нөхцөл байхгүй,barrier_or_difficulty,higher_barrier,false,false,pilot_scored_candidate,minor_rewrite,Awareness lag has no clear reference point; construct overlap,expert_moderate_or_high=9/24;synthesis=moderate,Wording and response mode are candidates for blinded AI pretesting; construct preservation remains a human and empirical decision.,true,false,AI-REVISED CANDIDATE ITEM BANK ONLY | NOT HUMAN-REVIEWED | NOT PSYCHOMETRICALLY VALIDATED | NOT A CLINICAL OR PSYCHOLOGICAL DIAGNOSIS | NOT READY FOR PRODUCTION PSYCHOMETRIC CLAIMS,scored_core_candidate,pass,All four paraphrases retained delayed awareness after eating began and all persona scale and recall judgments were usable.
HA04-V21,HA04,habit_automaticity,context_trigger,2.1,Танил орчинд байхдаа бодолгүйгээр идэж эхэлсэн.,Танил орчин,Ерөнхийдөө,typicality_0_4_na,Огт тохирохгүй | Бага зэрэг тохирно | Дунд зэрэг тохирно | Ихэнхдээ тохирно | Бүрэн тохирно | Ийм давтагддаг нөхцөл байхгүй,barrier_or_difficulty,higher_barrier,false,false,pilot_scored_candidate,minor_rewrite,Tanil orчин and automatic start are broad; construct overlap,expert_moderate_or_high=14/24;synthesis=moderate;external_cue_reactivity_vs_habit_automaticity,Wording and response mode are candidates for blinded AI pretesting; construct preservation remains a human and empirical decision.,true,false,AI-REVISED CANDIDATE ITEM BANK ONLY | NOT HUMAN-REVIEWED | NOT PSYCHOMETRICALLY VALIDATED | NOT A CLINICAL OR PSYCHOLOGICAL DIAGNOSIS | NOT READY FOR PRODUCTION PSYCHOMETRIC CLAIMS,scored_core_candidate,pass,All four paraphrases retained automatic eating in a familiar setting and 3/4 personas found recall usable.
HA06-V21,HA06,habit_automaticity,deliberate_choice,2.1,Давтагддаг нөхцөлд идэхээсээ өмнө сонголтоо бодож хийсэн.,Давтагддаг нөхцөл,Ерөнхийдөө,typicality_0_4_na,Огт тохирохгүй | Бага зэрэг тохирно | Дунд зэрэг тохирно | Ихэнхдээ тохирно | Бүрэн тохирно | Ийм давтагддаг нөхцөл байхгүй,favorable_capability,higher_capability,false,false,pilot_scored_candidate,minor_rewrite,Repeated context and deliberate choice are broad positive concepts; social-desirability cue; construct overlap; reverse wording,expert_moderate_or_high=14/24;synthesis=moderate,Wording and response mode are candidates for blinded AI pretesting; construct preservation remains a human and empirical decision.,true,false,AI-REVISED CANDIDATE ITEM BANK ONLY | NOT HUMAN-REVIEWED | NOT PSYCHOMETRICALLY VALIDATED | NOT A CLINICAL OR PSYCHOLOGICAL DIAGNOSIS | NOT READY FOR PRODUCTION PSYCHOMETRIC CLAIMS,scored_core_candidate,pass,All four paraphrases retained deliberate choice before eating in a repeated context and 3/4 personas found recall usable.
BI01-V21,BI01,body_image_avoidance,photographs,2.1,Биеийн төрхөөсөө санаа зовж зураг авахуулахаас зайлсхийсэн.,Зураг авахуулах,Сүүлийн 30 хоног,frequency_30d_opportunity_0_4_na,Огт байгаагүй | Ховор | Заримдаа | Олон удаа | Бараг үргэлж | Ийм нөхцөл тохиолдоогүй,barrier_or_difficulty,higher_barrier,false,true,pilot_scored_candidate,unchanged,Whether the item needs a non-applicable option for no photo occasions,expert_moderate_or_high=3/24;synthesis=low,Wording and response mode are candidates for blinded AI pretesting; construct preservation remains a human and empirical decision.,true,false,AI-REVISED CANDIDATE ITEM BANK ONLY | NOT HUMAN-REVIEWED | NOT PSYCHOMETRICALLY VALIDATED | NOT A CLINICAL OR PSYCHOLOGICAL DIAGNOSIS | NOT READY FOR PRODUCTION PSYCHOMETRIC CLAIMS,scored_core_candidate,not_required_unchanged,Unchanged candidate retained for human review; first-panel retain proposal is not validity evidence.
BI02-V21,BI02,body_image_avoidance,mirror,2.1,Биеэ харах эвгүй санагдсанаас толиноос зайлсхийсэн.,Толинд харах,Сүүлийн 30 хоног,frequency_30d_opportunity_0_4_na,Огт байгаагүй | Ховор | Заримдаа | Олон удаа | Бараг үргэлж | Ийм нөхцөл тохиолдоогүй,barrier_or_difficulty,higher_barrier,false,true,pilot_scored_candidate,unchanged,Whether mirror exposure needs contextual specificity,expert_moderate_or_high=2/24;synthesis=low,Wording and response mode are candidates for blinded AI pretesting; construct preservation remains a human and empirical decision.,true,false,AI-REVISED CANDIDATE ITEM BANK ONLY | NOT HUMAN-REVIEWED | NOT PSYCHOMETRICALLY VALIDATED | NOT A CLINICAL OR PSYCHOLOGICAL DIAGNOSIS | NOT READY FOR PRODUCTION PSYCHOMETRIC CLAIMS,scored_core_candidate,not_required_unchanged,Unchanged candidate retained for human review; first-panel retain proposal is not validity evidence.
BI03-V21,BI03,body_image_avoidance,clothing,2.1,Биеийн төрхөөсөө болж өмсөхийг хүссэн хувцсаа сонгоогүй.,Хувцас сонгох,Сүүлийн 30 хоног,frequency_30d_opportunity_0_4_na,Огт байгаагүй | Ховор | Заримдаа | Олон удаа | Бараг үргэлж | Ийм нөхцөл тохиолдоогүй,barrier_or_difficulty,higher_barrier,false,true,pilot_scored_candidate,unchanged,Whether clothing-choice avoidance requires a non-applicable option,expert_moderate_or_high=3/24;synthesis=low,Wording and response mode are candidates for blinded AI pretesting; construct preservation remains a human and empirical decision.,true,false,AI-REVISED CANDIDATE ITEM BANK ONLY | NOT HUMAN-REVIEWED | NOT PSYCHOMETRICALLY VALIDATED | NOT A CLINICAL OR PSYCHOLOGICAL DIAGNOSIS | NOT READY FOR PRODUCTION PSYCHOMETRIC CLAIMS,scored_core_candidate,not_required_unchanged,Unchanged candidate retained for human review; first-panel retain proposal is not validity evidence.
BI05-V21,BI05,body_image_avoidance,movement_participation,2.1,Бусад хүн биеийг минь анзаарах вий гэж бодоод хөдөлгөөн хийхээс зайлсхийсэн.,Хөдөлгөөн хийх орчин,Сүүлийн 30 хоног,frequency_30d_opportunity_0_4_na,Огт байгаагүй | Ховор | Заримдаа | Олон удаа | Бараг үргэлж | Ийм нөхцөл тохиолдоогүй,barrier_or_difficulty,higher_barrier,false,true,pilot_scored_candidate,unchanged,Whether the item should distinguish body concern from physical limitation,expert_moderate_or_high=13/24;synthesis=moderate,Wording and response mode are candidates for blinded AI pretesting; construct preservation remains a human and empirical decision.,true,false,AI-REVISED CANDIDATE ITEM BANK ONLY | NOT HUMAN-REVIEWED | NOT PSYCHOMETRICALLY VALIDATED | NOT A CLINICAL OR PSYCHOLOGICAL DIAGNOSIS | NOT READY FOR PRODUCTION PSYCHOMETRIC CLAIMS,scored_core_candidate,not_required_unchanged,Unchanged candidate retained for human review; first-panel retain proposal is not validity evidence.
BI06-V21,BI06,body_image_avoidance,participation_despite_discomfort,2.1,Биеийнхээ талаар тавгүй байсан ч хийхийг хүссэн зүйлдээ оролцсон.,Өдөр тутмын оролцоо,Сүүлийн 30 хоног,frequency_30d_opportunity_0_4_na,Огт байгаагүй | Ховор | Заримдаа | Олон удаа | Бараг үргэлж | Ийм нөхцөл тохиолдоогүй,favorable_capability,higher_capability,false,true,pilot_scored_candidate,minor_rewrite,Desired activity and body discomfort are positive reverse content with non-applicability; response-scale mismatch; social-desirability cue; construct overlap; reverse wording,expert_moderate_or_high=12/24;synthesis=moderate;body_image_avoidance_vs_restrictive_rebound,Wording and response mode are candidates for blinded AI pretesting; construct preservation remains a human and empirical decision.,true,false,AI-REVISED CANDIDATE ITEM BANK ONLY | NOT HUMAN-REVIEWED | NOT PSYCHOMETRICALLY VALIDATED | NOT A CLINICAL OR PSYCHOLOGICAL DIAGNOSIS | NOT READY FOR PRODUCTION PSYCHOMETRIC CLAIMS,scored_core_candidate,pass,All four paraphrases retained participation despite body discomfort and no recurring major safety pattern appeared.
IM01-V21,IM01,implementation_maintenance_friction,action_clarity,2.1,Юуг яг хэзээ хийх нь тодорхойгүйгээс төлөвлөгөөгөө эхлүүлээгүй.,Төлөвлөгөө эхлүүлэх,Сүүлийн 14 хоног,frequency_14d_opportunity_0_4_na,Огт байгаагүй | Ховор | Заримдаа | Олон удаа | Бараг үргэлж | Ийм нөхцөл тохиолдоогүй,barrier_or_difficulty,higher_barrier,false,false,pilot_scored_candidate,unchanged,Whether the plan context should be named,expert_moderate_or_high=6/24;synthesis=low,Wording and response mode are candidates for blinded AI pretesting; construct preservation remains a human and empirical decision.,true,false,AI-REVISED CANDIDATE ITEM BANK ONLY | NOT HUMAN-REVIEWED | NOT PSYCHOMETRICALLY VALIDATED | NOT A CLINICAL OR PSYCHOLOGICAL DIAGNOSIS | NOT READY FOR PRODUCTION PSYCHOMETRIC CLAIMS,scored_core_candidate,not_required_unchanged,Unchanged candidate retained for human review; first-panel retain proposal is not validity evidence.
IM03-V21-B,IM03,implementation_maintenance_friction,minimum_version,2.1,Завгүй болсон үедээ урьдчилан сонгосон энгийн хоолны хувилбараа ашигласан.,Завгүй эсвэл хүнд өдөр,Сүүлийн 14 хоног,frequency_14d_opportunity_0_4_na,Огт байгаагүй | Ховор | Заримдаа | Олон удаа | Бараг үргэлж | Ийм нөхцөл тохиолдоогүй,favorable_capability,higher_capability,false,false,pilot_scored_candidate,major_rewrite_alternative,Small version and what is ready are undefined; response-scale mismatch; social-desirability cue; construct overlap; reverse wording,expert_moderate_or_high=18/24;synthesis=moderate;restrictive_rebound_vs_implementation_friction,Wording and response mode are candidates for blinded AI pretesting; construct preservation remains a human and empirical decision.,true,false,AI-REVISED CANDIDATE ITEM BANK ONLY | NOT HUMAN-REVIEWED | NOT PSYCHOMETRICALLY VALIDATED | NOT A CLINICAL OR PSYCHOLOGICAL DIAGNOSIS | NOT READY FOR PRODUCTION PSYCHOMETRIC CLAIMS,scored_core_candidate,pass,All four paraphrases retained using a preselected simple food option when busy and 3/4 personas found the scale fitting.
IM04-V21,IM04,implementation_maintenance_friction,disruption,2.1,Өдрийн хуваарь өөрчлөгдөхөд төлөвлөгөө тэр чигтээ тасарсан.,Хуваарь өөрчлөгдөхөд,Сүүлийн 14 хоног,frequency_14d_opportunity_0_4_na,Огт байгаагүй | Ховор | Заримдаа | Олон удаа | Бараг үргэлж | Ийм нөхцөл тохиолдоогүй,barrier_or_difficulty,higher_barrier,false,false,pilot_scored_candidate,unchanged,Whether plan non-applicability should be addressed,expert_moderate_or_high=11/24;synthesis=low,Wording and response mode are candidates for blinded AI pretesting; construct preservation remains a human and empirical decision.,true,false,AI-REVISED CANDIDATE ITEM BANK ONLY | NOT HUMAN-REVIEWED | NOT PSYCHOMETRICALLY VALIDATED | NOT A CLINICAL OR PSYCHOLOGICAL DIAGNOSIS | NOT READY FOR PRODUCTION PSYCHOMETRIC CLAIMS,scored_core_candidate,not_required_unchanged,Unchanged candidate retained for human review; first-panel retain proposal is not validity evidence.
IM05-V21,IM05,implementation_maintenance_friction,resumption,2.1,Нэг удаа төлөвлөгөөгөө алгассан ч дараагийн удаа эргэн үргэлжлүүлсэн.,Алгасалтын дараа,Сүүлийн 14 хоног,frequency_14d_opportunity_0_4_na,Огт байгаагүй | Ховор | Заримдаа | Олон удаа | Бараг үргэлж | Ийм нөхцөл тохиолдоогүй,favorable_capability,higher_capability,false,false,pilot_scored_candidate,minor_rewrite,Skipping and next opportunity presume an ongoing plan; response-scale mismatch; social-desirability cue; construct overlap; reverse wording,expert_moderate_or_high=12/24;synthesis=moderate;restrictive_rebound_vs_implementation_friction,Wording and response mode are candidates for blinded AI pretesting; construct preservation remains a human and empirical decision.,true,false,AI-REVISED CANDIDATE ITEM BANK ONLY | NOT HUMAN-REVIEWED | NOT PSYCHOMETRICALLY VALIDATED | NOT A CLINICAL OR PSYCHOLOGICAL DIAGNOSIS | NOT READY FOR PRODUCTION PSYCHOMETRIC CLAIMS,scored_core_candidate,pass,All four paraphrases retained resuming a plan after one missed occasion and all persona scale and recall judgments were usable.
IM06-V21,IM06,implementation_maintenance_friction,repeatability,2.1,Нэг өдөр хийж чадсан зүйлээ дараагийн өдрүүдэд давтахад хэцүү байсан.,Хэд хэдэн өдөр,Сүүлийн 14 хоног,frequency_14d_opportunity_0_4_na,Огт байгаагүй | Ховор | Заримдаа | Олон удаа | Бараг үргэлж | Ийм нөхцөл тохиолдоогүй,barrier_or_difficulty,higher_barrier,false,false,pilot_scored_candidate,unchanged,Whether the item needs an action context,expert_moderate_or_high=6/24;synthesis=low,Wording and response mode are candidates for blinded AI pretesting; construct preservation remains a human and empirical decision.,true,false,AI-REVISED CANDIDATE ITEM BANK ONLY | NOT HUMAN-REVIEWED | NOT PSYCHOMETRICALLY VALIDATED | NOT A CLINICAL OR PSYCHOLOGICAL DIAGNOSIS | NOT READY FOR PRODUCTION PSYCHOMETRIC CLAIMS,scored_core_candidate,not_required_unchanged,Unchanged candidate retained for human review; first-panel retain proposal is not validity evidence.
AC02-V21-B,AC02,response_quality,semantic_consistency,2.1,Асуултууд хоорондоо хэт төстэй санагдсан.,Ердийн хариултын хэв маяг,Одоогийн асуулгын үеэр,agreement_research_0_4_na,Огт санал нийлэхгүй | Бага зэрэг санал нийлнэ | Дунд зэрэг санал нийлнэ | Ихэнхдээ санал нийлнэ | Бүрэн санал нийлнэ | Хариулах боломжгүй,barrier_or_difficulty,not_scored,false,false,pilot_non_scored_research_candidate,major_rewrite_alternative,Perceived required sameness is unclear without a survey context; response-scale mismatch; construct overlap,expert_moderate_or_high=17/24;synthesis=moderate,Wording and response mode are candidates for blinded AI pretesting; construct preservation remains a human and empirical decision.,true,false,AI-REVISED CANDIDATE ITEM BANK ONLY | NOT HUMAN-REVIEWED | NOT PSYCHOMETRICALLY VALIDATED | NOT A CLINICAL OR PSYCHOLOGICAL DIAGNOSIS | NOT READY FOR PRODUCTION PSYCHOMETRIC CLAIMS,non_scored_research_quality,pass,All four paraphrases retained perceived excessive similarity among questions; all experts suggested pass; all persona scale and recall judgments were usable.
