source_item_key,revised_item_key,original_text,revised_text,original_response_scale,revised_response_scale,original_recall_period,revised_recall_period,change_type,issue_source,adjudication_support,construct_preserved,new_overlap_risk,decision_status,rationale,status_label
EE01,EE01-V21,Сүүлийн 14 хоногт стресстсэн үедээ өлсөөгүй байсан ч юм идсэн.,Сүүлийн 14 хоногт стресстсэн үедээ өлсөөгүй байсан ч юм идсэн.,0–4 frequency,frequency_14d_opportunity_0_4_na,Сүүлийн 14 хоног,Сүүлийн 14 хоног,unchanged,synthetic_panel_v2_and_authoritative_audits,retain,pending_human_confirmation,expert_moderate_or_high=15/24;synthesis=moderate,pilot_scored_candidate,Whether stress needs a specified threshold,AI-REVISED CANDIDATE ITEM BANK ONLY | NOT HUMAN-REVIEWED | NOT PSYCHOMETRICALLY VALIDATED | NOT A CLINICAL OR PSYCHOLOGICAL DIAGNOSIS | NOT READY FOR PRODUCTION PSYCHOMETRIC CLAIMS
EE02,EE02-V21,Сэтгэл гунигтай үед хоол идэх нь түр тайвшруулна гэж мэдэрсэн.,Гунигтай үед хоол идэхээр хэсэг зуур тайвширсан мэт санагдсан.,0–4 frequency,frequency_14d_opportunity_0_4_na,Сүүлийн 14 хоног,Сүүлийн 14 хоног,minor_rewrite,synthetic_panel_v2_and_authoritative_audits,minor_rewrite,true,expert_moderate_or_high=23/24;synthesis=moderate,pilot_scored_candidate,Whether relief or coping motive is intended,AI-REVISED CANDIDATE ITEM BANK ONLY | NOT HUMAN-REVIEWED | NOT PSYCHOMETRICALLY VALIDATED | NOT A CLINICAL OR PSYCHOLOGICAL DIAGNOSIS | NOT READY FOR PRODUCTION PSYCHOMETRIC CLAIMS
EE03,EE03-V21,Уйдсан үедээ хийх зүйл хайхын оронд юм идэж эхэлсэн.,Уйдсан үедээ хийх зүйл хайхын оронд юм идэж эхэлсэн.,0–4 frequency,frequency_14d_opportunity_0_4_na,Сүүлийн 14 хоног,Сүүлийн 14 хоног,unchanged,synthetic_panel_v2_and_authoritative_audits,retain,pending_human_confirmation,expert_moderate_or_high=22/24;synthesis=moderate,pilot_scored_candidate,Whether behavioral substitution is part of the facet,AI-REVISED CANDIDATE ITEM BANK ONLY | NOT HUMAN-REVIEWED | NOT PSYCHOMETRICALLY VALIDATED | NOT A CLINICAL OR PSYCHOLOGICAL DIAGNOSIS | NOT READY FOR PRODUCTION PSYCHOMETRIC CLAIMS
EE04,EE04-V21,Ганцаардсан мэдрэмж төрөхөд идэх хүсэл нэмэгдсэн.,Ганцаардсан мэдрэмж төрөхөд идэх хүсэл нэмэгдсэн.,0–4 frequency,frequency_14d_opportunity_0_4_na,Сүүлийн 14 хоног,Сүүлийн 14 хоног,unchanged,synthetic_panel_v2_and_authoritative_audits,retain,pending_human_confirmation,expert_moderate_or_high=11/24;synthesis=low,pilot_scored_candidate,Whether loneliness wording needs contextual anchoring,AI-REVISED CANDIDATE ITEM BANK ONLY | NOT HUMAN-REVIEWED | NOT PSYCHOMETRICALLY VALIDATED | NOT A CLINICAL OR PSYCHOLOGICAL DIAGNOSIS | NOT READY FOR PRODUCTION PSYCHOMETRIC CLAIMS
EE05,EE05-V21,Уурлаж эсвэл бухимдсаны дараа хоол руу хандсан.,Уурласан эсвэл бухимдсаны дараа юм идсэн.,0–4 frequency,frequency_14d_opportunity_0_4_na,Сүүлийн 14 хоног,Сүүлийн 14 хоног,minor_rewrite,synthetic_panel_v2_and_authoritative_audits,minor_rewrite,true,expert_moderate_or_high=20/24;synthesis=moderate,pilot_scored_candidate,Whether anger and frustration should remain combined,AI-REVISED CANDIDATE ITEM BANK ONLY | NOT HUMAN-REVIEWED | NOT PSYCHOMETRICALLY VALIDATED | NOT A CLINICAL OR PSYCHOLOGICAL DIAGNOSIS | NOT READY FOR PRODUCTION PSYCHOMETRIC CLAIMS
EE06,EE06-V21-A,Таагүй мэдрэмжээ хоол идэлгүй өнгөрөөж чадсан.,Таагүй мэдрэмж төрөхөд хоол идэхээс өөр аргаар өөрийгөө тайвшруулсан.,0–4 frequency,frequency_14d_opportunity_0_4_na,Сүүлийн 14 хоног,Сүүлийн 14 хоног,major_rewrite_alternative,synthetic_panel_v2_and_authoritative_audits,major_rewrite,true,expert_moderate_or_high=24/24;synthesis=high;emotional_eating_vs_self_efficacy,pilot_scored_candidate,Whether this is affect tolerance or eating restraint,AI-REVISED CANDIDATE ITEM BANK ONLY | NOT HUMAN-REVIEWED | NOT PSYCHOMETRICALLY VALIDATED | NOT A CLINICAL OR PSYCHOLOGICAL DIAGNOSIS | NOT READY FOR PRODUCTION PSYCHOMETRIC CLAIMS
EE06,EE06-V21-B,Таагүй мэдрэмжээ хоол идэлгүй өнгөрөөж чадсан.,Таагүй мэдрэмж төрөхөд идэхийн оронд мэдрэмжээ хэсэг хугацаанд тэсвэрлэсэн.,0–4 frequency,frequency_14d_opportunity_0_4_na,Сүүлийн 14 хоног,Сүүлийн 14 хоног,major_rewrite_alternative,synthetic_panel_v2_and_authoritative_audits,major_rewrite,true,expert_moderate_or_high=24/24;synthesis=high;emotional_eating_vs_self_efficacy,reserve_alternative_human_selection,Whether this is affect tolerance or eating restraint,AI-REVISED CANDIDATE ITEM BANK ONLY | NOT HUMAN-REVIEWED | NOT PSYCHOMETRICALLY VALIDATED | NOT A CLINICAL OR PSYCHOLOGICAL DIAGNOSIS | NOT READY FOR PRODUCTION PSYCHOMETRIC CLAIMS
EC01,EC01-V21,Өлсөөгүй байсан ч хоол хараад идэх хүсэл төрсөн.,Өлсөөгүй байсан ч хоол хараад идэх хүсэл төрсөн.,0–4 frequency,frequency_14d_opportunity_0_4_na,Сүүлийн 14 хоног,Сүүлийн 14 хоног,unchanged,synthetic_panel_v2_and_authoritative_audits,retain,pending_human_confirmation,expert_moderate_or_high=17/24;synthesis=moderate,pilot_scored_candidate,Whether visual cue response should distinguish desire from eating,AI-REVISED CANDIDATE ITEM BANK ONLY | NOT HUMAN-REVIEWED | NOT PSYCHOMETRICALLY VALIDATED | NOT A CLINICAL OR PSYCHOLOGICAL DIAGNOSIS | NOT READY FOR PRODUCTION PSYCHOMETRIC CLAIMS
EC02,EC02-V21,Хоолны үнэр анхаарлыг минь татаж идэхээр шийдэхэд нөлөөлсөн.,Хоолны үнэрээс болж идэхээр шийдсэн.,0–4 frequency,frequency_14d_opportunity_0_4_na,Сүүлийн 14 хоног,Сүүлийн 14 хоног,minor_rewrite,synthetic_panel_v2_and_authoritative_audits,minor_rewrite,true,expert_moderate_or_high=15/24;synthesis=moderate,pilot_scored_candidate,Whether attention capture is required in addition to decision,AI-REVISED CANDIDATE ITEM BANK ONLY | NOT HUMAN-REVIEWED | NOT PSYCHOMETRICALLY VALIDATED | NOT A CLINICAL OR PSYCHOLOGICAL DIAGNOSIS | NOT READY FOR PRODUCTION PSYCHOMETRIC CLAIMS
EC03,EC03-V21,Идэх зүйл ойрхон бэлэн байснаас төлөвлөөгүй үедээ идсэн.,Идэх зүйл ойрхон бэлэн байснаас төлөвлөөгүй үедээ идсэн.,0–4 frequency,frequency_14d_opportunity_0_4_na,Сүүлийн 14 хоног,Сүүлийн 14 хоног,unchanged,synthetic_panel_v2_and_authoritative_audits,retain,pending_human_confirmation,expert_moderate_or_high=20/24;synthesis=moderate,pilot_scored_candidate,Whether unplanned eating is sufficiently defined,AI-REVISED CANDIDATE ITEM BANK ONLY | NOT HUMAN-REVIEWED | NOT PSYCHOMETRICALLY VALIDATED | NOT A CLINICAL OR PSYCHOLOGICAL DIAGNOSIS | NOT READY FOR PRODUCTION PSYCHOMETRIC CLAIMS
EC04,EC04-V21,Хоолны апп эсвэл сурталчилгаа харсны дараа хоол бодогдсоор байсан.,Хоолны сурталчилгаа харсны дараа хоолны тухай бодол үргэлжилсэн.,0–4 frequency,frequency_14d_opportunity_0_4_na,Сүүлийн 14 хоног,Сүүлийн 14 хоног,minor_rewrite,synthetic_panel_v2_and_authoritative_audits,minor_rewrite,true,expert_moderate_or_high=17/24;synthesis=moderate,pilot_scored_candidate,Whether digital app exposure belongs in the same item as advertising,AI-REVISED CANDIDATE ITEM BANK ONLY | NOT HUMAN-REVIEWED | NOT PSYCHOMETRICALLY VALIDATED | NOT A CLINICAL OR PSYCHOLOGICAL DIAGNOSIS | NOT READY FOR PRODUCTION PSYCHOMETRIC CLAIMS
EC05,EC05-V21,Хоолны тухай бодол хийж байсан зүйлээс минь анхаарал сарниулсан.,Хоолны тухай бодол хийж байсан зүйлээс минь анхаарал сарниулсан.,0–4 frequency,frequency_14d_opportunity_0_4_na,Сүүлийн 14 хоног,Сүүлийн 14 хоног,unchanged,synthetic_panel_v2_and_authoritative_audits,retain,pending_human_confirmation,expert_moderate_or_high=23/24;synthesis=high,pilot_scored_candidate,Whether the intended facet is attention disruption or food preoccupation,AI-REVISED CANDIDATE ITEM BANK ONLY | NOT HUMAN-REVIEWED | NOT PSYCHOMETRICALLY VALIDATED | NOT A CLINICAL OR PSYCHOLOGICAL DIAGNOSIS | NOT READY FOR PRODUCTION PSYCHOMETRIC CLAIMS
EC06,EC06-V21,Хоол харсан эсвэл үнэртсэн ч анхаарлаа өөр зүйлд буцааж чадсан.,Хоол харсан үед анхаарлаа өөр зүйлд буцааж чадсан.,0–4 frequency,frequency_14d_opportunity_0_4_na,Сүүлийн 14 хоног,Сүүлийн 14 хоног,minor_rewrite,synthetic_panel_v2_and_authoritative_audits,minor_rewrite,true,expert_moderate_or_high=19/24;synthesis=moderate;external_cue_reactivity_vs_habit_automaticity,pilot_scored_candidate,Whether both cue types are needed for the facet,AI-REVISED CANDIDATE ITEM BANK ONLY | NOT HUMAN-REVIEWED | NOT PSYCHOMETRICALLY VALIDATED | NOT A CLINICAL OR PSYCHOLOGICAL DIAGNOSIS | NOT READY FOR PRODUCTION PSYCHOMETRIC CLAIMS
UC01,UC01-V21,Идэж эхэлсний дараа хүссэн үедээ зогсоох хэцүү байсан.,Идэж эхэлсний дараа хүссэн үедээ зогсоох хэцүү байсан.,0–4 frequency,frequency_14d_opportunity_0_4_na,Сүүлийн 14 хоног,Сүүлийн 14 хоног,unchanged,synthetic_panel_v2_and_authoritative_audits,retain,pending_human_confirmation,expert_moderate_or_high=11/24;synthesis=low,pilot_scored_candidate,Whether stopping difficulty requires an amount threshold,AI-REVISED CANDIDATE ITEM BANK ONLY | NOT HUMAN-REVIEWED | NOT PSYCHOMETRICALLY VALIDATED | NOT A CLINICAL OR PSYCHOLOGICAL DIAGNOSIS | NOT READY FOR PRODUCTION PSYCHOMETRIC CLAIMS
UC02,UC02-V21,Анх бодсоноосоо илүү хэмжээгээр идсэн.,Эхэндээ иднэ гэж бодсоноосоо илүү идсэн.,0–4 frequency,frequency_14d_opportunity_0_4_na,Сүүлийн 14 хоног,Сүүлийн 14 хоног,minor_rewrite,synthetic_panel_v2_and_authoritative_audits,minor_rewrite,true,expert_moderate_or_high=20/24;synthesis=moderate,pilot_scored_candidate,Whether an intended amount should be specified,AI-REVISED CANDIDATE ITEM BANK ONLY | NOT HUMAN-REVIEWED | NOT PSYCHOMETRICALLY VALIDATED | NOT A CLINICAL OR PSYCHOLOGICAL DIAGNOSIS | NOT READY FOR PRODUCTION PSYCHOMETRIC CLAIMS
UC03,UC03-V21,Цадсанаа анзаарсан ч үргэлжлүүлэн идсэн.,Цадсанаа анзаарсан ч үргэлжлүүлэн идсэн.,0–4 frequency,frequency_14d_opportunity_0_4_na,Сүүлийн 14 хоног,Сүүлийн 14 хоног,unchanged,synthetic_panel_v2_and_authoritative_audits,retain,pending_human_confirmation,expert_moderate_or_high=23/24;synthesis=moderate;uncontrolled_eating_vs_hunger_satiety_awareness,pilot_scored_candidate,Whether satiety awareness and continuation should be separated,AI-REVISED CANDIDATE ITEM BANK ONLY | NOT HUMAN-REVIEWED | NOT PSYCHOMETRICALLY VALIDATED | NOT A CLINICAL OR PSYCHOLOGICAL DIAGNOSIS | NOT READY FOR PRODUCTION PSYCHOMETRIC CLAIMS
UC04,UC04-V21,Идэж байхдаа үйлдлээ өөрөө удирдаж чадахгүй мэт санагдсан.,Идэж байхдаа зогсоох эсвэл үргэлжлүүлэхээ удирдахад хэцүү байсан.,0–4 frequency,frequency_14d_opportunity_0_4_na,Сүүлийн 14 хоног,Сүүлийн 14 хоног,minor_rewrite,synthetic_panel_v2_and_authoritative_audits,minor_rewrite,true,expert_moderate_or_high=19/24;synthesis=moderate,pilot_scored_candidate,Whether subjective control language is acceptable at this severity,AI-REVISED CANDIDATE ITEM BANK ONLY | NOT HUMAN-REVIEWED | NOT PSYCHOMETRICALLY VALIDATED | NOT A CLINICAL OR PSYCHOLOGICAL DIAGNOSIS | NOT READY FOR PRODUCTION PSYCHOMETRIC CLAIMS
UC05,UC05-V21,Багахан иднэ гэж эхэлсэн ч үргэлжлүүлээд идсэн.,Багахан иднэ гэж эхэлсэн ч үргэлжлүүлээд идсэн.,0–4 frequency,frequency_14d_opportunity_0_4_na,Сүүлийн 14 хоног,Сүүлийн 14 хоног,unchanged,synthetic_panel_v2_and_authoritative_audits,retain,pending_human_confirmation,expert_moderate_or_high=16/24;synthesis=moderate,pilot_scored_candidate,Whether a small intended amount needs definition,AI-REVISED CANDIDATE ITEM BANK ONLY | NOT HUMAN-REVIEWED | NOT PSYCHOMETRICALLY VALIDATED | NOT A CLINICAL OR PSYCHOLOGICAL DIAGNOSIS | NOT READY FOR PRODUCTION PSYCHOMETRIC CLAIMS
UC06,UC06-V21,Идэж байхдаа түр зогсоод үргэлжлүүлэх эсэхээ бодож чадсан.,Идэж байхдаа үргэлжлүүлэх эсэхээ бодохоор түр зогсож чадсан.,0–4 frequency,frequency_14d_opportunity_0_4_na,Сүүлийн 14 хоног,Сүүлийн 14 хоног,minor_rewrite,synthetic_panel_v2_and_authoritative_audits,minor_rewrite,true,expert_moderate_or_high=20/24;synthesis=moderate;uncontrolled_eating_vs_hunger_satiety_awareness,pilot_scored_candidate,Whether pause capacity should be separated from deliberation,AI-REVISED CANDIDATE ITEM BANK ONLY | NOT HUMAN-REVIEWED | NOT PSYCHOMETRICALLY VALIDATED | NOT A CLINICAL OR PSYCHOLOGICAL DIAGNOSIS | NOT READY FOR PRODUCTION PSYCHOMETRIC CLAIMS
RR01,RR01-V21,Өөртөө тавьсан хоолны дүрмээс багахан зөрөхөд төлөвлөгөө нурсан мэт санагдсан.,Хоолны дүрмээс багахан зөрөхөд бүх зүйл бүтэлгүйтсэн мэт санагдсан.,0–4 frequency,frequency_14d_opportunity_0_4_na,Сүүлийн 14 хоног,Сүүлийн 14 хоног,minor_rewrite,synthetic_panel_v2_and_authoritative_audits,minor_rewrite,true,expert_moderate_or_high=17/24;synthesis=moderate,second_pass_hold,Whether respondents without food rules require a non-applicable path,AI-REVISED CANDIDATE ITEM BANK ONLY | NOT HUMAN-REVIEWED | NOT PSYCHOMETRICALLY VALIDATED | NOT A CLINICAL OR PSYCHOLOGICAL DIAGNOSIS | NOT READY FOR PRODUCTION PSYCHOMETRIC CLAIMS
RR02,RR02-V21,Зарим хоолыг өөртөө бүрэн хориглох дүрэм тогтоосон.,Зарим хоолыг өөртөө бүрэн хориглох дүрэм тогтоосон.,0–4 frequency,frequency_14d_opportunity_0_4_na,Сүүлийн 14 хоног,Сүүлийн 14 хоног,unchanged,synthetic_panel_v2_and_authoritative_audits,retain,pending_human_confirmation,expert_moderate_or_high=11/24;synthesis=low,pilot_scored_candidate,Whether prohibition is distinguished from ordinary preference,AI-REVISED CANDIDATE ITEM BANK ONLY | NOT HUMAN-REVIEWED | NOT PSYCHOMETRICALLY VALIDATED | NOT A CLINICAL OR PSYCHOLOGICAL DIAGNOSIS | NOT READY FOR PRODUCTION PSYCHOMETRIC CLAIMS
RR03,RR03-V21,Төлөвлөгөөгөө яг дагаагүй бол тэр өдрийг бүтэлгүй гэж үзсэн.,Төлөвлөгөөгөө яг дагаагүй өдрөө бүтэлгүйтсэн гэж үзсэн.,0–4 frequency,frequency_14d_opportunity_0_4_na,Сүүлийн 14 хоног,Сүүлийн 14 хоног,minor_rewrite,synthetic_panel_v2_and_authoritative_audits,minor_rewrite,true,expert_moderate_or_high=11/24;synthesis=low,second_pass_hold,Whether evaluative rigidity is intended rather than plan adherence,AI-REVISED CANDIDATE ITEM BANK ONLY | NOT HUMAN-REVIEWED | NOT PSYCHOMETRICALLY VALIDATED | NOT A CLINICAL OR PSYCHOLOGICAL DIAGNOSIS | NOT READY FOR PRODUCTION PSYCHOMETRIC CLAIMS
RR04,RR04-V21-A,Нэг удаа төлөвлөснөөс өөр идсэний дараа үлдсэн өдрөө хяналтгүй орхисон.,Төлөвлөснөөс өөр идсэний дараа тэр өдрийн хоолны төлөвлөгөөгөө орхисон.,0–4 frequency,frequency_14d_opportunity_0_4_na,Сүүлийн 14 хоног,Сүүлийн 14 хоног,major_rewrite_alternative,synthetic_panel_v2_and_authoritative_audits,major_rewrite,true,expert_moderate_or_high=22/24;synthesis=high;restrictive_rebound_vs_implementation_friction,pilot_scored_candidate,Whether the item should measure rebound sequence or loss of control,AI-REVISED CANDIDATE ITEM BANK ONLY | NOT HUMAN-REVIEWED | NOT PSYCHOMETRICALLY VALIDATED | NOT A CLINICAL OR PSYCHOLOGICAL DIAGNOSIS | NOT READY FOR PRODUCTION PSYCHOMETRIC CLAIMS
RR04,RR04-V21-B,Нэг удаа төлөвлөснөөс өөр идсэний дараа үлдсэн өдрөө хяналтгүй орхисон.,Нэг удаа төлөвлөснөөс өөр идсэний дараа дараагийн хоолондоо төлөвлөгөөгөө үргэлжлүүлээгүй.,0–4 frequency,frequency_14d_opportunity_0_4_na,Сүүлийн 14 хоног,Сүүлийн 14 хоног,major_rewrite_alternative,synthetic_panel_v2_and_authoritative_audits,major_rewrite,true,expert_moderate_or_high=22/24;synthesis=high;restrictive_rebound_vs_implementation_friction,reserve_alternative_human_selection,Whether the item should measure rebound sequence or loss of control,AI-REVISED CANDIDATE ITEM BANK ONLY | NOT HUMAN-REVIEWED | NOT PSYCHOMETRICALLY VALIDATED | NOT A CLINICAL OR PSYCHOLOGICAL DIAGNOSIS | NOT READY FOR PRODUCTION PSYCHOMETRIC CLAIMS
RR05,RR05-V21,Төлөвлөгөөнөөс хазайсныхаа дараа маргааш нь дүрмээ улам чангалсан.,Төлөвлөгөөнөөс хазайсныхаа дараа маргааш нь дүрмээ улам чангалсан.,0–4 frequency,frequency_14d_opportunity_0_4_na,Сүүлийн 14 хоног,Сүүлийн 14 хоног,unchanged,synthetic_panel_v2_and_authoritative_audits,retain,pending_human_confirmation,expert_moderate_or_high=13/24;synthesis=moderate,pilot_scored_candidate,Whether next-day tightening is the desired rebound behavior,AI-REVISED CANDIDATE ITEM BANK ONLY | NOT HUMAN-REVIEWED | NOT PSYCHOMETRICALLY VALIDATED | NOT A CLINICAL OR PSYCHOLOGICAL DIAGNOSIS | NOT READY FOR PRODUCTION PSYCHOMETRIC CLAIMS
RR06,RR06-V21,Төлөвлөснөөс өөр идсэн ч дараагийн хоолноос хэвийн хэмнэлдээ орсон.,Төлөвлөснөөс өөр идсэн ч дараагийн хоолондоо хэвийн хооллолтдоо орсон.,0–4 frequency,frequency_14d_opportunity_0_4_na,Сүүлийн 14 хоног,Сүүлийн 14 хоног,minor_rewrite,synthetic_panel_v2_and_authoritative_audits,minor_rewrite,true,expert_moderate_or_high=17/24;synthesis=moderate;restrictive_rebound_vs_implementation_friction,pilot_scored_candidate,Whether this positive item needs a non-applicable response,AI-REVISED CANDIDATE ITEM BANK ONLY | NOT HUMAN-REVIEWED | NOT PSYCHOMETRICALLY VALIDATED | NOT A CLINICAL OR PSYCHOLOGICAL DIAGNOSIS | NOT READY FOR PRODUCTION PSYCHOMETRIC CLAIMS
HS01,HS01-V21,Өлсөлт хэт хүчтэй болохоос өмнө биеийн дохиогоо анзаарсан.,Өлсөлт хэт хүчтэй болохоос өмнө өлсөж байгаагаа анзаарсан.,0–4 frequency,frequency_14d_opportunity_0_4_na,Сүүлийн 14 хоног,Сүүлийн 14 хоног,minor_rewrite,synthetic_panel_v2_and_authoritative_audits,minor_rewrite,true,expert_moderate_or_high=8/24;synthesis=low,pilot_scored_candidate,Whether general bodily signals are intended beyond hunger,AI-REVISED CANDIDATE ITEM BANK ONLY | NOT HUMAN-REVIEWED | NOT PSYCHOMETRICALLY VALIDATED | NOT A CLINICAL OR PSYCHOLOGICAL DIAGNOSIS | NOT READY FOR PRODUCTION PSYCHOMETRIC CLAIMS
HS02,HS02-V21,Идэх хүсэл төрөхөд өлссөн эсэхээ ялгаж чадсан.,Идэх хүсэл төрөхөд өлссөн эсэхээ ялгаж чадсан.,0–4 frequency,frequency_14d_opportunity_0_4_na,Сүүлийн 14 хоног,Сүүлийн 14 хоног,unchanged,synthetic_panel_v2_and_authoritative_audits,retain,pending_human_confirmation,expert_moderate_or_high=20/24;synthesis=moderate,pilot_scored_candidate,Whether desire-hunger discrimination is the intended capability,AI-REVISED CANDIDATE ITEM BANK ONLY | NOT HUMAN-REVIEWED | NOT PSYCHOMETRICALLY VALIDATED | NOT A CLINICAL OR PSYCHOLOGICAL DIAGNOSIS | NOT READY FOR PRODUCTION PSYCHOMETRIC CLAIMS
HS03,HS03-V21,Өлссөнөө бие их сульдсаны дараа л анзаарсан.,Өлссөнөө маш их сульдсаны дараа л анзаарсан.,0–4 frequency,frequency_14d_opportunity_0_4_na,Сүүлийн 14 хоног,Сүүлийн 14 хоног,minor_rewrite,synthetic_panel_v2_and_authoritative_audits,minor_rewrite,true,expert_moderate_or_high=16/24;synthesis=moderate,pilot_scored_candidate,Whether fatigue is an intended hunger cue,AI-REVISED CANDIDATE ITEM BANK ONLY | NOT HUMAN-REVIEWED | NOT PSYCHOMETRICALLY VALIDATED | NOT A CLINICAL OR PSYCHOLOGICAL DIAGNOSIS | NOT READY FOR PRODUCTION PSYCHOMETRIC CLAIMS
HS04,HS04-V21,Тав тухтай цадсан мөчөө идэж байхдаа анзаарсан.,Идэж байхдаа таатайгаар цадсан мөчөө анзаарсан.,0–4 frequency,frequency_14d_opportunity_0_4_na,Сүүлийн 14 хоног,Сүүлийн 14 хоног,minor_rewrite,synthetic_panel_v2_and_authoritative_audits,minor_rewrite,true,expert_moderate_or_high=4/24;synthesis=low,pilot_scored_candidate,Whether comfortable fullness can be standardized in wording,AI-REVISED CANDIDATE ITEM BANK ONLY | NOT HUMAN-REVIEWED | NOT PSYCHOMETRICALLY VALIDATED | NOT A CLINICAL OR PSYCHOLOGICAL DIAGNOSIS | NOT READY FOR PRODUCTION PSYCHOMETRIC CLAIMS
HS05,HS05-V21,Цадсан эсэхээ мэдэхэд эргэлзсэн.,Цадсан эсэхээ мэдэхэд эргэлзсэн.,0–4 frequency,frequency_14d_opportunity_0_4_na,Сүүлийн 14 хоног,Сүүлийн 14 хоног,unchanged,synthetic_panel_v2_and_authoritative_audits,retain,pending_human_confirmation,expert_moderate_or_high=5/24;synthesis=low,pilot_scored_candidate,Whether uncertainty about fullness needs contextual detail,AI-REVISED CANDIDATE ITEM BANK ONLY | NOT HUMAN-REVIEWED | NOT PSYCHOMETRICALLY VALIDATED | NOT A CLINICAL OR PSYCHOLOGICAL DIAGNOSIS | NOT READY FOR PRODUCTION PSYCHOMETRIC CLAIMS
HS06,HS06-V21-A,Биеийн дохио тодорхой байсан ч хэзээ эхлэх эсвэл зогсохоо шийдэхэд ашиглаж чадаагүй.,Өлсөж эхэлснээ анзаарсан ч идэж эхлэх эсэхээ шийдэхэд хэцүү байсан.,0–4 frequency,frequency_14d_opportunity_0_4_na,Сүүлийн 14 хоног,Сүүлийн 14 хоног,major_rewrite_alternative,synthetic_panel_v2_and_authoritative_audits,major_rewrite,false,expert_moderate_or_high=24/24;synthesis=high;uncontrolled_eating_vs_hunger_satiety_awareness,second_pass_revise,Whether starting and stopping should be separate items,AI-REVISED CANDIDATE ITEM BANK ONLY | NOT HUMAN-REVIEWED | NOT PSYCHOMETRICALLY VALIDATED | NOT A CLINICAL OR PSYCHOLOGICAL DIAGNOSIS | NOT READY FOR PRODUCTION PSYCHOMETRIC CLAIMS
HS06,HS06-V21-B,Биеийн дохио тодорхой байсан ч хэзээ эхлэх эсвэл зогсохоо шийдэхэд ашиглаж чадаагүй.,Цадсанаа анзаарсан ч идэхээ зогсоох эсэхээ шийдэхэд хэцүү байсан.,0–4 frequency,frequency_14d_opportunity_0_4_na,Сүүлийн 14 хоног,Сүүлийн 14 хоног,major_rewrite_alternative,synthetic_panel_v2_and_authoritative_audits,major_rewrite,false,expert_moderate_or_high=24/24;synthesis=high;uncontrolled_eating_vs_hunger_satiety_awareness,second_pass_revise,Whether starting and stopping should be separate items,AI-REVISED CANDIDATE ITEM BANK ONLY | NOT HUMAN-REVIEWED | NOT PSYCHOMETRICALLY VALIDATED | NOT A CLINICAL OR PSYCHOLOGICAL DIAGNOSIS | NOT READY FOR PRODUCTION PSYCHOMETRIC CLAIMS
SE01,SE01-V21,Стресстэй өдөр өөрийн сонгосон уян хатан хоолны төлөвлөгөөг хэрэгжүүлж чадна гэдэгтээ хэр итгэлтэй байсан бэ?,Стресстэй өдөр хоолны төлөвлөгөөгөө дагаж чадна гэдэгтээ хэр итгэлтэй вэ?,0–4 confidence,confidence_0_4_na,Сүүлийн 14 хоног,Нөхцөлийг төсөөлөн хариулна,minor_rewrite,synthetic_panel_v2_and_authoritative_audits,minor_rewrite,true,expert_moderate_or_high=17/24;synthesis=moderate,pilot_scored_candidate,Whether self-efficacy should use current confidence rather than 14-day recall,AI-REVISED CANDIDATE ITEM BANK ONLY | NOT HUMAN-REVIEWED | NOT PSYCHOMETRICALLY VALIDATED | NOT A CLINICAL OR PSYCHOLOGICAL DIAGNOSIS | NOT READY FOR PRODUCTION PSYCHOMETRIC CLAIMS
SE02,SE02-V21,Зав багатай үед өөрт тохирох боломжит хоолны сонголт хийж чадна гэдэгтээ хэр итгэлтэй байсан бэ?,Зав багатай үед хоолны тохирох сонголт хийж чадна гэдэгтээ хэр итгэлтэй вэ?,0–4 confidence,confidence_0_4_na,Сүүлийн 14 хоног,Нөхцөлийг төсөөлөн хариулна,minor_rewrite,synthetic_panel_v2_and_authoritative_audits,minor_rewrite,true,expert_moderate_or_high=15/24;synthesis=moderate,pilot_scored_candidate,Whether current confidence can replace recalled confidence,AI-REVISED CANDIDATE ITEM BANK ONLY | NOT HUMAN-REVIEWED | NOT PSYCHOMETRICALLY VALIDATED | NOT A CLINICAL OR PSYCHOLOGICAL DIAGNOSIS | NOT READY FOR PRODUCTION PSYCHOMETRIC CLAIMS
SE03,SE03-V21,Бусадтай хамт хооллох үед өөрийн сонголтоо тайван хийж чадна гэдэгтээ хэр итгэлтэй байсан бэ?,Бусадтай хамт хооллох үед өөрийн сонголтоо хийж чадна гэдэгтээ хэр итгэлтэй вэ?,0–4 confidence,confidence_0_4_na,Сүүлийн 14 хоног,Нөхцөлийг төсөөлөн хариулна,minor_rewrite,synthetic_panel_v2_and_authoritative_audits,minor_rewrite,true,expert_moderate_or_high=17/24;synthesis=moderate,pilot_scored_candidate,Whether calmness is part of the self-efficacy facet,AI-REVISED CANDIDATE ITEM BANK ONLY | NOT HUMAN-REVIEWED | NOT PSYCHOMETRICALLY VALIDATED | NOT A CLINICAL OR PSYCHOLOGICAL DIAGNOSIS | NOT READY FOR PRODUCTION PSYCHOMETRIC CLAIMS
SE04,SE04-V21,Идэх зүйл ойрхон байсан ч идэх эсэхээ бодож сонгож чадна гэдэгтээ хэр итгэлтэй байсан бэ?,Идэх зүйл ойрхон байсан ч идэх эсэхээ сонгож чадна гэдэгтээ хэр итгэлтэй вэ?,0–4 confidence,confidence_0_4_na,Сүүлийн 14 хоног,Нөхцөлийг төсөөлөн хариулна,minor_rewrite,synthetic_panel_v2_and_authoritative_audits,minor_rewrite,true,expert_moderate_or_high=20/24;synthesis=moderate,pilot_scored_candidate,Whether deliberation is distinct from self-efficacy,AI-REVISED CANDIDATE ITEM BANK ONLY | NOT HUMAN-REVIEWED | NOT PSYCHOMETRICALLY VALIDATED | NOT A CLINICAL OR PSYCHOLOGICAL DIAGNOSIS | NOT READY FOR PRODUCTION PSYCHOMETRIC CLAIMS
SE05,SE05-V21,Нэг удаа төлөвлөснөөс өөр идсэн ч дараагийн боломж дээр эргэн үргэлжлүүлж чадна гэдэгтээ хэр итгэлтэй байсан бэ?,Төлөвлөснөөс өөр идсэний дараа дараагийн хоолондоо эргэн орж чадна гэдэгтээ хэр итгэлтэй вэ?,0–4 confidence,confidence_0_4_na,Сүүлийн 14 хоног,Нөхцөлийг төсөөлөн хариулна,minor_rewrite,synthetic_panel_v2_and_authoritative_audits,minor_rewrite,true,expert_moderate_or_high=18/24;synthesis=moderate;restrictive_rebound_vs_eating_self_efficacy,pilot_scored_candidate,Whether respondents without a plan require a non-applicable path,AI-REVISED CANDIDATE ITEM BANK ONLY | NOT HUMAN-REVIEWED | NOT PSYCHOMETRICALLY VALIDATED | NOT A CLINICAL OR PSYCHOLOGICAL DIAGNOSIS | NOT READY FOR PRODUCTION PSYCHOMETRIC CLAIMS
SE06,SE06-V21-A,Ядарсан үедээ ч өөрт боломжтой хамгийн жижиг хувилбарыг сонгож чадна гэдэгтээ хэр итгэлтэй байсан бэ?,Ядарсан үедээ хийхээр сонгосон хооллолтын нэг энгийн алхмыг хийж чадна гэдэгтээ хэр итгэлтэй вэ?,0–4 confidence,confidence_0_4_na,Сүүлийн 14 хоног,Нөхцөлийг төсөөлөн хариулна,major_rewrite_alternative,synthetic_panel_v2_and_authoritative_audits,major_rewrite,true,expert_moderate_or_high=20/24;synthesis=moderate,pilot_scored_candidate,Whether a minimum version can be specified without changing the facet,AI-REVISED CANDIDATE ITEM BANK ONLY | NOT HUMAN-REVIEWED | NOT PSYCHOMETRICALLY VALIDATED | NOT A CLINICAL OR PSYCHOLOGICAL DIAGNOSIS | NOT READY FOR PRODUCTION PSYCHOMETRIC CLAIMS
SE06,SE06-V21-B,Ядарсан үедээ ч өөрт боломжтой хамгийн жижиг хувилбарыг сонгож чадна гэдэгтээ хэр итгэлтэй байсан бэ?,Ядарсан үедээ хооллолтын төлөвлөгөөгөө бүрэн биш ч хэсэгчлэн хэрэгжүүлж чадна гэдэгтээ хэр итгэлтэй вэ?,0–4 confidence,confidence_0_4_na,Сүүлийн 14 хоног,Нөхцөлийг төсөөлөн хариулна,major_rewrite_alternative,synthetic_panel_v2_and_authoritative_audits,major_rewrite,true,expert_moderate_or_high=20/24;synthesis=moderate,reserve_alternative_human_selection,Whether a minimum version can be specified without changing the facet,AI-REVISED CANDIDATE ITEM BANK ONLY | NOT HUMAN-REVIEWED | NOT PSYCHOMETRICALLY VALIDATED | NOT A CLINICAL OR PSYCHOLOGICAL DIAGNOSIS | NOT READY FOR PRODUCTION PSYCHOMETRIC CLAIMS
HA01,HA01-V21,Тодорхой цаг эсвэл газар болоход бодолгүйгээр идэх зүйл рүү гараа сунгасан.,Тодорхой газар болоход бодолгүйгээр идэх зүйл рүү гараа сунгасан.,0–4 frequency,typicality_0_4_na,Сүүлийн 14 хоног,Ерөнхийдөө,minor_rewrite,synthetic_panel_v2_and_authoritative_audits,minor_rewrite,true,expert_moderate_or_high=15/24;synthesis=moderate;external_cue_reactivity_vs_habit_automaticity,pilot_scored_candidate,Whether time and place should be separate cue contexts,AI-REVISED CANDIDATE ITEM BANK ONLY | NOT HUMAN-REVIEWED | NOT PSYCHOMETRICALLY VALIDATED | NOT A CLINICAL OR PSYCHOLOGICAL DIAGNOSIS | NOT READY FOR PRODUCTION PSYCHOMETRIC CLAIMS
HA02,HA02-V21-A,Нэг үйлдлийн дараа юм идэх нь автоматаар үргэлжилдэг дараалал болсон.,Өдөр бүр давтагддаг нэг үйлдлийнхээ дараа бодолгүйгээр юм иддэг.,0–4 frequency,typicality_0_4_na,Сүүлийн 14 хоног,Ерөнхийдөө,major_rewrite_alternative,synthetic_panel_v2_and_authoritative_audits,major_rewrite,true,expert_moderate_or_high=18/24;synthesis=moderate;external_cue_reactivity_vs_habit_automaticity,pilot_scored_candidate,Whether the preceding action must be named,AI-REVISED CANDIDATE ITEM BANK ONLY | NOT HUMAN-REVIEWED | NOT PSYCHOMETRICALLY VALIDATED | NOT A CLINICAL OR PSYCHOLOGICAL DIAGNOSIS | NOT READY FOR PRODUCTION PSYCHOMETRIC CLAIMS
HA02,HA02-V21-B,Нэг үйлдлийн дараа юм идэх нь автоматаар үргэлжилдэг дараалал болсон.,Тогтмол хийдэг нэг зүйл дуусмагц юм идэх үйлдэл өөрөө эхэлдэг.,0–4 frequency,typicality_0_4_na,Сүүлийн 14 хоног,Ерөнхийдөө,major_rewrite_alternative,synthetic_panel_v2_and_authoritative_audits,major_rewrite,true,expert_moderate_or_high=18/24;synthesis=moderate;external_cue_reactivity_vs_habit_automaticity,reserve_alternative_human_selection,Whether the preceding action must be named,AI-REVISED CANDIDATE ITEM BANK ONLY | NOT HUMAN-REVIEWED | NOT PSYCHOMETRICALLY VALIDATED | NOT A CLINICAL OR PSYCHOLOGICAL DIAGNOSIS | NOT READY FOR PRODUCTION PSYCHOMETRIC CLAIMS
HA03,HA03-V21,Идэж эхэлснээ хэдийн эхэлсний дараа анзаарсан.,Идэж эхэлснээ хэсэг хугацааны дараа анзаарсан.,0–4 frequency,typicality_0_4_na,Сүүлийн 14 хоног,Ерөнхийдөө,minor_rewrite,synthetic_panel_v2_and_authoritative_audits,minor_rewrite,true,expert_moderate_or_high=9/24;synthesis=moderate,pilot_scored_candidate,Whether delayed awareness needs a time reference,AI-REVISED CANDIDATE ITEM BANK ONLY | NOT HUMAN-REVIEWED | NOT PSYCHOMETRICALLY VALIDATED | NOT A CLINICAL OR PSYCHOLOGICAL DIAGNOSIS | NOT READY FOR PRODUCTION PSYCHOMETRIC CLAIMS
HA04,HA04-V21,Танил орчинд ороход идэх үйлдэл өөрөө эхэлдэг мэт байсан.,Танил орчинд байхдаа бодолгүйгээр идэж эхэлсэн.,0–4 frequency,typicality_0_4_na,Сүүлийн 14 хоног,Ерөнхийдөө,minor_rewrite,synthetic_panel_v2_and_authoritative_audits,minor_rewrite,true,expert_moderate_or_high=14/24;synthesis=moderate;external_cue_reactivity_vs_habit_automaticity,pilot_scored_candidate,Whether context-triggered eating should name the context,AI-REVISED CANDIDATE ITEM BANK ONLY | NOT HUMAN-REVIEWED | NOT PSYCHOMETRICALLY VALIDATED | NOT A CLINICAL OR PSYCHOLOGICAL DIAGNOSIS | NOT READY FOR PRODUCTION PSYCHOMETRIC CLAIMS
HA05,HA05-V21,Зууш авахдаа үнэхээр хүсэж байгаа эсэхээ бодолгүй сонгосон.,Зууш авахдаа идэх хүсэлтэй эсэхээ бодолгүй сонгосон.,0–4 frequency,typicality_0_4_na,Сүүлийн 14 хоног,Ерөнхийдөө,minor_rewrite,synthetic_panel_v2_and_authoritative_audits,minor_rewrite,false,expert_moderate_or_high=19/24;synthesis=moderate,second_pass_revise,Whether desire checking is distinct from automatic choice,AI-REVISED CANDIDATE ITEM BANK ONLY | NOT HUMAN-REVIEWED | NOT PSYCHOMETRICALLY VALIDATED | NOT A CLINICAL OR PSYCHOLOGICAL DIAGNOSIS | NOT READY FOR PRODUCTION PSYCHOMETRIC CLAIMS
HA06,HA06-V21,Давтагддаг нөхцөлд идэхээсээ өмнө сонголтоо зориуд хийсэн.,Давтагддаг нөхцөлд идэхээсээ өмнө сонголтоо бодож хийсэн.,0–4 frequency,typicality_0_4_na,Сүүлийн 14 хоног,Ерөнхийдөө,minor_rewrite,synthetic_panel_v2_and_authoritative_audits,minor_rewrite,true,expert_moderate_or_high=14/24;synthesis=moderate,pilot_scored_candidate,Whether deliberate choice should be scored as a reverse habit item,AI-REVISED CANDIDATE ITEM BANK ONLY | NOT HUMAN-REVIEWED | NOT PSYCHOMETRICALLY VALIDATED | NOT A CLINICAL OR PSYCHOLOGICAL DIAGNOSIS | NOT READY FOR PRODUCTION PSYCHOMETRIC CLAIMS
BI01,BI01-V21,Биеийн төрхөөсөө санаа зовж зураг авахуулахаас зайлсхийсэн.,Биеийн төрхөөсөө санаа зовж зураг авахуулахаас зайлсхийсэн.,0–4 frequency,frequency_30d_opportunity_0_4_na,Сүүлийн 14 хоног,Сүүлийн 30 хоног,unchanged,synthetic_panel_v2_and_authoritative_audits,retain,pending_human_confirmation,expert_moderate_or_high=3/24;synthesis=low,pilot_scored_candidate,Whether the item needs a non-applicable option for no photo occasions,AI-REVISED CANDIDATE ITEM BANK ONLY | NOT HUMAN-REVIEWED | NOT PSYCHOMETRICALLY VALIDATED | NOT A CLINICAL OR PSYCHOLOGICAL DIAGNOSIS | NOT READY FOR PRODUCTION PSYCHOMETRIC CLAIMS
BI02,BI02-V21,Биеэ харах эвгүй санагдсанаас толиноос зайлсхийсэн.,Биеэ харах эвгүй санагдсанаас толиноос зайлсхийсэн.,0–4 frequency,frequency_30d_opportunity_0_4_na,Сүүлийн 14 хоног,Сүүлийн 30 хоног,unchanged,synthetic_panel_v2_and_authoritative_audits,retain,pending_human_confirmation,expert_moderate_or_high=2/24;synthesis=low,pilot_scored_candidate,Whether mirror exposure needs contextual specificity,AI-REVISED CANDIDATE ITEM BANK ONLY | NOT HUMAN-REVIEWED | NOT PSYCHOMETRICALLY VALIDATED | NOT A CLINICAL OR PSYCHOLOGICAL DIAGNOSIS | NOT READY FOR PRODUCTION PSYCHOMETRIC CLAIMS
BI03,BI03-V21,Биеийн төрхөөсөө болж өмсөхийг хүссэн хувцсаа сонгоогүй.,Биеийн төрхөөсөө болж өмсөхийг хүссэн хувцсаа сонгоогүй.,0–4 frequency,frequency_30d_opportunity_0_4_na,Сүүлийн 14 хоног,Сүүлийн 30 хоног,unchanged,synthetic_panel_v2_and_authoritative_audits,retain,pending_human_confirmation,expert_moderate_or_high=3/24;synthesis=low,pilot_scored_candidate,Whether clothing-choice avoidance requires a non-applicable option,AI-REVISED CANDIDATE ITEM BANK ONLY | NOT HUMAN-REVIEWED | NOT PSYCHOMETRICALLY VALIDATED | NOT A CLINICAL OR PSYCHOLOGICAL DIAGNOSIS | NOT READY FOR PRODUCTION PSYCHOMETRIC CLAIMS
BI04,BI04-V21,Биеийн төрхдөө санаа зовсноос хүмүүстэй хийх үйл ажиллагаанаас татгалзсан.,Биеийн төрхдөө санаа зовсноос хүмүүсийн дунд хийх үйл ажиллагаанаас зайлсхийсэн.,0–4 frequency,frequency_30d_opportunity_0_4_na,Сүүлийн 14 хоног,Сүүлийн 30 хоног,minor_rewrite,synthetic_panel_v2_and_authoritative_audits,minor_rewrite,true,expert_moderate_or_high=8/24;synthesis=moderate;body_image_avoidance_vs_restrictive_rebound,second_pass_hold,Whether social participation should be specified,AI-REVISED CANDIDATE ITEM BANK ONLY | NOT HUMAN-REVIEWED | NOT PSYCHOMETRICALLY VALIDATED | NOT A CLINICAL OR PSYCHOLOGICAL DIAGNOSIS | NOT READY FOR PRODUCTION PSYCHOMETRIC CLAIMS
BI05,BI05-V21,Бусад хүн биеийг минь анзаарах вий гэж бодоод хөдөлгөөн хийхээс зайлсхийсэн.,Бусад хүн биеийг минь анзаарах вий гэж бодоод хөдөлгөөн хийхээс зайлсхийсэн.,0–4 frequency,frequency_30d_opportunity_0_4_na,Сүүлийн 14 хоног,Сүүлийн 30 хоног,unchanged,synthetic_panel_v2_and_authoritative_audits,retain,pending_human_confirmation,expert_moderate_or_high=13/24;synthesis=moderate,pilot_scored_candidate,Whether the item should distinguish body concern from physical limitation,AI-REVISED CANDIDATE ITEM BANK ONLY | NOT HUMAN-REVIEWED | NOT PSYCHOMETRICALLY VALIDATED | NOT A CLINICAL OR PSYCHOLOGICAL DIAGNOSIS | NOT READY FOR PRODUCTION PSYCHOMETRIC CLAIMS
BI06,BI06-V21,Биеийнхээ талаар тавгүй байсан ч хүссэн үйл ажиллагаандаа оролцсон.,Биеийнхээ талаар тавгүй байсан ч хийхийг хүссэн зүйлдээ оролцсон.,0–4 frequency,frequency_30d_opportunity_0_4_na,Сүүлийн 14 хоног,Сүүлийн 30 хоног,minor_rewrite,synthetic_panel_v2_and_authoritative_audits,minor_rewrite,true,expert_moderate_or_high=12/24;synthesis=moderate;body_image_avoidance_vs_restrictive_rebound,pilot_scored_candidate,Whether a non-applicable option is needed when either condition is absent,AI-REVISED CANDIDATE ITEM BANK ONLY | NOT HUMAN-REVIEWED | NOT PSYCHOMETRICALLY VALIDATED | NOT A CLINICAL OR PSYCHOLOGICAL DIAGNOSIS | NOT READY FOR PRODUCTION PSYCHOMETRIC CLAIMS
IM01,IM01-V21,Юуг яг хэзээ хийх нь тодорхойгүйгээс төлөвлөгөөгөө эхлүүлээгүй.,Юуг яг хэзээ хийх нь тодорхойгүйгээс төлөвлөгөөгөө эхлүүлээгүй.,0–4 frequency,frequency_14d_opportunity_0_4_na,Сүүлийн 14 хоног,Сүүлийн 14 хоног,unchanged,synthetic_panel_v2_and_authoritative_audits,retain,pending_human_confirmation,expert_moderate_or_high=6/24;synthesis=low,pilot_scored_candidate,Whether the plan context should be named,AI-REVISED CANDIDATE ITEM BANK ONLY | NOT HUMAN-REVIEWED | NOT PSYCHOMETRICALLY VALIDATED | NOT A CLINICAL OR PSYCHOLOGICAL DIAGNOSIS | NOT READY FOR PRODUCTION PSYCHOMETRIC CLAIMS
IM02,IM02-V21,Хэрэгжүүлэхэд олон бэлтгэл шаардсанаас төлөвлөгөө хойшилсон.,Олон бэлтгэл шаардлагатай байсан тул төлөвлөснөө хойшлуулсан.,0–4 frequency,frequency_14d_opportunity_0_4_na,Сүүлийн 14 хоног,Сүүлийн 14 хоног,minor_rewrite,synthetic_panel_v2_and_authoritative_audits,minor_rewrite,true,expert_moderate_or_high=8/24;synthesis=low,second_pass_revise,Whether preparation needs a concrete context,AI-REVISED CANDIDATE ITEM BANK ONLY | NOT HUMAN-REVIEWED | NOT PSYCHOMETRICALLY VALIDATED | NOT A CLINICAL OR PSYCHOLOGICAL DIAGNOSIS | NOT READY FOR PRODUCTION PSYCHOMETRIC CLAIMS
IM03,IM03-V21-A,Завгүй өдөр хийх хамгийн жижиг хувилбар надад бэлэн байсан.,Завгүй өдөр хэрэглэхээр хооллолтын төлөвлөгөөнийхөө энгийн хувилбарыг урьдчилж бэлдсэн.,0–4 frequency,frequency_14d_opportunity_0_4_na,Сүүлийн 14 хоног,Сүүлийн 14 хоног,major_rewrite_alternative,synthetic_panel_v2_and_authoritative_audits,major_rewrite,true,expert_moderate_or_high=18/24;synthesis=moderate;restrictive_rebound_vs_implementation_friction,reserve_alternative_human_selection,Whether a concrete minimum version can be defined across respondents,AI-REVISED CANDIDATE ITEM BANK ONLY | NOT HUMAN-REVIEWED | NOT PSYCHOMETRICALLY VALIDATED | NOT A CLINICAL OR PSYCHOLOGICAL DIAGNOSIS | NOT READY FOR PRODUCTION PSYCHOMETRIC CLAIMS
IM03,IM03-V21-B,Завгүй өдөр хийх хамгийн жижиг хувилбар надад бэлэн байсан.,Завгүй болсон үедээ урьдчилан сонгосон энгийн хоолны хувилбараа ашигласан.,0–4 frequency,frequency_14d_opportunity_0_4_na,Сүүлийн 14 хоног,Сүүлийн 14 хоног,major_rewrite_alternative,synthetic_panel_v2_and_authoritative_audits,major_rewrite,true,expert_moderate_or_high=18/24;synthesis=moderate;restrictive_rebound_vs_implementation_friction,pilot_scored_candidate,Whether a concrete minimum version can be defined across respondents,AI-REVISED CANDIDATE ITEM BANK ONLY | NOT HUMAN-REVIEWED | NOT PSYCHOMETRICALLY VALIDATED | NOT A CLINICAL OR PSYCHOLOGICAL DIAGNOSIS | NOT READY FOR PRODUCTION PSYCHOMETRIC CLAIMS
IM04,IM04-V21,Өдрийн хуваарь өөрчлөгдөхөд төлөвлөгөө тэр чигтээ тасарсан.,Өдрийн хуваарь өөрчлөгдөхөд төлөвлөгөө тэр чигтээ тасарсан.,0–4 frequency,frequency_14d_opportunity_0_4_na,Сүүлийн 14 хоног,Сүүлийн 14 хоног,unchanged,synthetic_panel_v2_and_authoritative_audits,retain,pending_human_confirmation,expert_moderate_or_high=11/24;synthesis=low,pilot_scored_candidate,Whether plan non-applicability should be addressed,AI-REVISED CANDIDATE ITEM BANK ONLY | NOT HUMAN-REVIEWED | NOT PSYCHOMETRICALLY VALIDATED | NOT A CLINICAL OR PSYCHOLOGICAL DIAGNOSIS | NOT READY FOR PRODUCTION PSYCHOMETRIC CLAIMS
IM05,IM05-V21,Нэг удаа алгассан ч дараагийн боломж дээрээ эргэн үргэлжлүүлсэн.,Нэг удаа төлөвлөгөөгөө алгассан ч дараагийн удаа эргэн үргэлжлүүлсэн.,0–4 frequency,frequency_14d_opportunity_0_4_na,Сүүлийн 14 хоног,Сүүлийн 14 хоног,minor_rewrite,synthetic_panel_v2_and_authoritative_audits,minor_rewrite,true,expert_moderate_or_high=12/24;synthesis=moderate;restrictive_rebound_vs_implementation_friction,pilot_scored_candidate,Whether non-applicability is needed when no plan exists,AI-REVISED CANDIDATE ITEM BANK ONLY | NOT HUMAN-REVIEWED | NOT PSYCHOMETRICALLY VALIDATED | NOT A CLINICAL OR PSYCHOLOGICAL DIAGNOSIS | NOT READY FOR PRODUCTION PSYCHOMETRIC CLAIMS
IM06,IM06-V21,Нэг өдөр хийж чадсан зүйлээ дараагийн өдрүүдэд давтахад хэцүү байсан.,Нэг өдөр хийж чадсан зүйлээ дараагийн өдрүүдэд давтахад хэцүү байсан.,0–4 frequency,frequency_14d_opportunity_0_4_na,Сүүлийн 14 хоног,Сүүлийн 14 хоног,unchanged,synthetic_panel_v2_and_authoritative_audits,retain,pending_human_confirmation,expert_moderate_or_high=6/24;synthesis=low,pilot_scored_candidate,Whether the item needs an action context,AI-REVISED CANDIDATE ITEM BANK ONLY | NOT HUMAN-REVIEWED | NOT PSYCHOMETRICALLY VALIDATED | NOT A CLINICAL OR PSYCHOLOGICAL DIAGNOSIS | NOT READY FOR PRODUCTION PSYCHOMETRIC CLAIMS
AC01,AC01-V21-HOLD,Энэ мөрөнд хариултын чанарыг шалгахын тулд «Заримдаа»-г сонгоно уу.,Энэ мөрөнд хариултын чанарыг шалгахын тулд «Заримдаа»-г сонгоно уу.,0–4 frequency,agreement_research_0_4_na,Одоогийн асуулт,Одоогийн асуулгын үеэр,hold,synthetic_panel_v2_and_authoritative_audits,hold,pending_human_confirmation,expert_moderate_or_high=1/24;synthesis=none,held_excluded,Whether this check should be outside the scored item bank,AI-REVISED CANDIDATE ITEM BANK ONLY | NOT HUMAN-REVIEWED | NOT PSYCHOMETRICALLY VALIDATED | NOT A CLINICAL OR PSYCHOLOGICAL DIAGNOSIS | NOT READY FOR PRODUCTION PSYCHOMETRIC CLAIMS
AC02,AC02-V21-A,Сүүлийн 14 хоногт асуулт бүрт нэг ижил хариулт сонгох шаардлагатай мэт санагдсан.,Эдгээр асуултад хариулахдаа өмнөх хариулттайгаа адил сонголт хийх ёстой мэт санагдсан.,0–4 frequency,agreement_research_0_4_na,Сүүлийн 14 хоног,Одоогийн асуулгын үеэр,major_rewrite_alternative,synthetic_panel_v2_and_authoritative_audits,major_rewrite,true,expert_moderate_or_high=17/24;synthesis=moderate,reserve_alternative_human_selection,Whether this item is a response-quality check or substantive perception,AI-REVISED CANDIDATE ITEM BANK ONLY | NOT HUMAN-REVIEWED | NOT PSYCHOMETRICALLY VALIDATED | NOT A CLINICAL OR PSYCHOLOGICAL DIAGNOSIS | NOT READY FOR PRODUCTION PSYCHOMETRIC CLAIMS
AC02,AC02-V21-B,Сүүлийн 14 хоногт асуулт бүрт нэг ижил хариулт сонгох шаардлагатай мэт санагдсан.,Асуултууд хоорондоо хэт төстэй санагдсан.,0–4 frequency,agreement_research_0_4_na,Сүүлийн 14 хоног,Одоогийн асуулгын үеэр,major_rewrite_alternative,synthetic_panel_v2_and_authoritative_audits,major_rewrite,true,expert_moderate_or_high=17/24;synthesis=moderate,pilot_non_scored_research_candidate,Whether this item is a response-quality check or substantive perception,AI-REVISED CANDIDATE ITEM BANK ONLY | NOT HUMAN-REVIEWED | NOT PSYCHOMETRICALLY VALIDATED | NOT A CLINICAL OR PSYCHOLOGICAL DIAGNOSIS | NOT READY FOR PRODUCTION PSYCHOMETRIC CLAIMS
