blinded_item_id,revised_item_key,source_item_key,construct,revision_type,status_label
B002,EE02-V21,EE02,emotional_eating,minor_rewrite,AI-REVISED CANDIDATE ITEM BANK ONLY | NOT HUMAN-REVIEWED | NOT PSYCHOMETRICALLY VALIDATED | NOT A CLINICAL OR PSYCHOLOGICAL DIAGNOSIS | NOT READY FOR PRODUCTION PSYCHOMETRIC CLAIMS
B014,EE05-V21,EE05,emotional_eating,minor_rewrite,AI-REVISED CANDIDATE ITEM BANK ONLY | NOT HUMAN-REVIEWED | NOT PSYCHOMETRICALLY VALIDATED | NOT A CLINICAL OR PSYCHOLOGICAL DIAGNOSIS | NOT READY FOR PRODUCTION PSYCHOMETRIC CLAIMS
B007,EE06-V21-A,EE06,emotional_eating,major_rewrite_alternative,AI-REVISED CANDIDATE ITEM BANK ONLY | NOT HUMAN-REVIEWED | NOT PSYCHOMETRICALLY VALIDATED | NOT A CLINICAL OR PSYCHOLOGICAL DIAGNOSIS | NOT READY FOR PRODUCTION PSYCHOMETRIC CLAIMS
B003,EE06-V21-B,EE06,emotional_eating,major_rewrite_alternative,AI-REVISED CANDIDATE ITEM BANK ONLY | NOT HUMAN-REVIEWED | NOT PSYCHOMETRICALLY VALIDATED | NOT A CLINICAL OR PSYCHOLOGICAL DIAGNOSIS | NOT READY FOR PRODUCTION PSYCHOMETRIC CLAIMS
B027,EC02-V21,EC02,external_cue_reactivity,minor_rewrite,AI-REVISED CANDIDATE ITEM BANK ONLY | NOT HUMAN-REVIEWED | NOT PSYCHOMETRICALLY VALIDATED | NOT A CLINICAL OR PSYCHOLOGICAL DIAGNOSIS | NOT READY FOR PRODUCTION PSYCHOMETRIC CLAIMS
B036,EC04-V21,EC04,external_cue_reactivity,minor_rewrite,AI-REVISED CANDIDATE ITEM BANK ONLY | NOT HUMAN-REVIEWED | NOT PSYCHOMETRICALLY VALIDATED | NOT A CLINICAL OR PSYCHOLOGICAL DIAGNOSIS | NOT READY FOR PRODUCTION PSYCHOMETRIC CLAIMS
B005,EC06-V21,EC06,external_cue_reactivity,minor_rewrite,AI-REVISED CANDIDATE ITEM BANK ONLY | NOT HUMAN-REVIEWED | NOT PSYCHOMETRICALLY VALIDATED | NOT A CLINICAL OR PSYCHOLOGICAL DIAGNOSIS | NOT READY FOR PRODUCTION PSYCHOMETRIC CLAIMS
B018,UC02-V21,UC02,uncontrolled_eating,minor_rewrite,AI-REVISED CANDIDATE ITEM BANK ONLY | NOT HUMAN-REVIEWED | NOT PSYCHOMETRICALLY VALIDATED | NOT A CLINICAL OR PSYCHOLOGICAL DIAGNOSIS | NOT READY FOR PRODUCTION PSYCHOMETRIC CLAIMS
B028,UC04-V21,UC04,uncontrolled_eating,minor_rewrite,AI-REVISED CANDIDATE ITEM BANK ONLY | NOT HUMAN-REVIEWED | NOT PSYCHOMETRICALLY VALIDATED | NOT A CLINICAL OR PSYCHOLOGICAL DIAGNOSIS | NOT READY FOR PRODUCTION PSYCHOMETRIC CLAIMS
B004,UC06-V21,UC06,uncontrolled_eating,minor_rewrite,AI-REVISED CANDIDATE ITEM BANK ONLY | NOT HUMAN-REVIEWED | NOT PSYCHOMETRICALLY VALIDATED | NOT A CLINICAL OR PSYCHOLOGICAL DIAGNOSIS | NOT READY FOR PRODUCTION PSYCHOMETRIC CLAIMS
B011,RR01-V21,RR01,restrictive_rebound,minor_rewrite,AI-REVISED CANDIDATE ITEM BANK ONLY | NOT HUMAN-REVIEWED | NOT PSYCHOMETRICALLY VALIDATED | NOT A CLINICAL OR PSYCHOLOGICAL DIAGNOSIS | NOT READY FOR PRODUCTION PSYCHOMETRIC CLAIMS
B017,RR03-V21,RR03,restrictive_rebound,minor_rewrite,AI-REVISED CANDIDATE ITEM BANK ONLY | NOT HUMAN-REVIEWED | NOT PSYCHOMETRICALLY VALIDATED | NOT A CLINICAL OR PSYCHOLOGICAL DIAGNOSIS | NOT READY FOR PRODUCTION PSYCHOMETRIC CLAIMS
B012,RR04-V21-A,RR04,restrictive_rebound,major_rewrite_alternative,AI-REVISED CANDIDATE ITEM BANK ONLY | NOT HUMAN-REVIEWED | NOT PSYCHOMETRICALLY VALIDATED | NOT A CLINICAL OR PSYCHOLOGICAL DIAGNOSIS | NOT READY FOR PRODUCTION PSYCHOMETRIC CLAIMS
B024,RR04-V21-B,RR04,restrictive_rebound,major_rewrite_alternative,AI-REVISED CANDIDATE ITEM BANK ONLY | NOT HUMAN-REVIEWED | NOT PSYCHOMETRICALLY VALIDATED | NOT A CLINICAL OR PSYCHOLOGICAL DIAGNOSIS | NOT READY FOR PRODUCTION PSYCHOMETRIC CLAIMS
B008,RR06-V21,RR06,restrictive_rebound,minor_rewrite,AI-REVISED CANDIDATE ITEM BANK ONLY | NOT HUMAN-REVIEWED | NOT PSYCHOMETRICALLY VALIDATED | NOT A CLINICAL OR PSYCHOLOGICAL DIAGNOSIS | NOT READY FOR PRODUCTION PSYCHOMETRIC CLAIMS
B031,HS01-V21,HS01,hunger_satiety_awareness,minor_rewrite,AI-REVISED CANDIDATE ITEM BANK ONLY | NOT HUMAN-REVIEWED | NOT PSYCHOMETRICALLY VALIDATED | NOT A CLINICAL OR PSYCHOLOGICAL DIAGNOSIS | NOT READY FOR PRODUCTION PSYCHOMETRIC CLAIMS
B001,HS03-V21,HS03,hunger_satiety_awareness,minor_rewrite,AI-REVISED CANDIDATE ITEM BANK ONLY | NOT HUMAN-REVIEWED | NOT PSYCHOMETRICALLY VALIDATED | NOT A CLINICAL OR PSYCHOLOGICAL DIAGNOSIS | NOT READY FOR PRODUCTION PSYCHOMETRIC CLAIMS
B038,HS04-V21,HS04,hunger_satiety_awareness,minor_rewrite,AI-REVISED CANDIDATE ITEM BANK ONLY | NOT HUMAN-REVIEWED | NOT PSYCHOMETRICALLY VALIDATED | NOT A CLINICAL OR PSYCHOLOGICAL DIAGNOSIS | NOT READY FOR PRODUCTION PSYCHOMETRIC CLAIMS
B041,HS06-V21-A,HS06,hunger_satiety_awareness,major_rewrite_alternative,AI-REVISED CANDIDATE ITEM BANK ONLY | NOT HUMAN-REVIEWED | NOT PSYCHOMETRICALLY VALIDATED | NOT A CLINICAL OR PSYCHOLOGICAL DIAGNOSIS | NOT READY FOR PRODUCTION PSYCHOMETRIC CLAIMS
B016,HS06-V21-B,HS06,hunger_satiety_awareness,major_rewrite_alternative,AI-REVISED CANDIDATE ITEM BANK ONLY | NOT HUMAN-REVIEWED | NOT PSYCHOMETRICALLY VALIDATED | NOT A CLINICAL OR PSYCHOLOGICAL DIAGNOSIS | NOT READY FOR PRODUCTION PSYCHOMETRIC CLAIMS
B021,SE01-V21,SE01,eating_self_efficacy,minor_rewrite,AI-REVISED CANDIDATE ITEM BANK ONLY | NOT HUMAN-REVIEWED | NOT PSYCHOMETRICALLY VALIDATED | NOT A CLINICAL OR PSYCHOLOGICAL DIAGNOSIS | NOT READY FOR PRODUCTION PSYCHOMETRIC CLAIMS
B026,SE02-V21,SE02,eating_self_efficacy,minor_rewrite,AI-REVISED CANDIDATE ITEM BANK ONLY | NOT HUMAN-REVIEWED | NOT PSYCHOMETRICALLY VALIDATED | NOT A CLINICAL OR PSYCHOLOGICAL DIAGNOSIS | NOT READY FOR PRODUCTION PSYCHOMETRIC CLAIMS
B022,SE03-V21,SE03,eating_self_efficacy,minor_rewrite,AI-REVISED CANDIDATE ITEM BANK ONLY | NOT HUMAN-REVIEWED | NOT PSYCHOMETRICALLY VALIDATED | NOT A CLINICAL OR PSYCHOLOGICAL DIAGNOSIS | NOT READY FOR PRODUCTION PSYCHOMETRIC CLAIMS
B039,SE04-V21,SE04,eating_self_efficacy,minor_rewrite,AI-REVISED CANDIDATE ITEM BANK ONLY | NOT HUMAN-REVIEWED | NOT PSYCHOMETRICALLY VALIDATED | NOT A CLINICAL OR PSYCHOLOGICAL DIAGNOSIS | NOT READY FOR PRODUCTION PSYCHOMETRIC CLAIMS
B037,SE05-V21,SE05,eating_self_efficacy,minor_rewrite,AI-REVISED CANDIDATE ITEM BANK ONLY | NOT HUMAN-REVIEWED | NOT PSYCHOMETRICALLY VALIDATED | NOT A CLINICAL OR PSYCHOLOGICAL DIAGNOSIS | NOT READY FOR PRODUCTION PSYCHOMETRIC CLAIMS
B006,SE06-V21-A,SE06,eating_self_efficacy,major_rewrite_alternative,AI-REVISED CANDIDATE ITEM BANK ONLY | NOT HUMAN-REVIEWED | NOT PSYCHOMETRICALLY VALIDATED | NOT A CLINICAL OR PSYCHOLOGICAL DIAGNOSIS | NOT READY FOR PRODUCTION PSYCHOMETRIC CLAIMS
B032,SE06-V21-B,SE06,eating_self_efficacy,major_rewrite_alternative,AI-REVISED CANDIDATE ITEM BANK ONLY | NOT HUMAN-REVIEWED | NOT PSYCHOMETRICALLY VALIDATED | NOT A CLINICAL OR PSYCHOLOGICAL DIAGNOSIS | NOT READY FOR PRODUCTION PSYCHOMETRIC CLAIMS
B033,HA01-V21,HA01,habit_automaticity,minor_rewrite,AI-REVISED CANDIDATE ITEM BANK ONLY | NOT HUMAN-REVIEWED | NOT PSYCHOMETRICALLY VALIDATED | NOT A CLINICAL OR PSYCHOLOGICAL DIAGNOSIS | NOT READY FOR PRODUCTION PSYCHOMETRIC CLAIMS
B042,HA02-V21-A,HA02,habit_automaticity,major_rewrite_alternative,AI-REVISED CANDIDATE ITEM BANK ONLY | NOT HUMAN-REVIEWED | NOT PSYCHOMETRICALLY VALIDATED | NOT A CLINICAL OR PSYCHOLOGICAL DIAGNOSIS | NOT READY FOR PRODUCTION PSYCHOMETRIC CLAIMS
B034,HA02-V21-B,HA02,habit_automaticity,major_rewrite_alternative,AI-REVISED CANDIDATE ITEM BANK ONLY | NOT HUMAN-REVIEWED | NOT PSYCHOMETRICALLY VALIDATED | NOT A CLINICAL OR PSYCHOLOGICAL DIAGNOSIS | NOT READY FOR PRODUCTION PSYCHOMETRIC CLAIMS
B013,HA03-V21,HA03,habit_automaticity,minor_rewrite,AI-REVISED CANDIDATE ITEM BANK ONLY | NOT HUMAN-REVIEWED | NOT PSYCHOMETRICALLY VALIDATED | NOT A CLINICAL OR PSYCHOLOGICAL DIAGNOSIS | NOT READY FOR PRODUCTION PSYCHOMETRIC CLAIMS
B023,HA04-V21,HA04,habit_automaticity,minor_rewrite,AI-REVISED CANDIDATE ITEM BANK ONLY | NOT HUMAN-REVIEWED | NOT PSYCHOMETRICALLY VALIDATED | NOT A CLINICAL OR PSYCHOLOGICAL DIAGNOSIS | NOT READY FOR PRODUCTION PSYCHOMETRIC CLAIMS
B025,HA05-V21,HA05,habit_automaticity,minor_rewrite,AI-REVISED CANDIDATE ITEM BANK ONLY | NOT HUMAN-REVIEWED | NOT PSYCHOMETRICALLY VALIDATED | NOT A CLINICAL OR PSYCHOLOGICAL DIAGNOSIS | NOT READY FOR PRODUCTION PSYCHOMETRIC CLAIMS
B040,HA06-V21,HA06,habit_automaticity,minor_rewrite,AI-REVISED CANDIDATE ITEM BANK ONLY | NOT HUMAN-REVIEWED | NOT PSYCHOMETRICALLY VALIDATED | NOT A CLINICAL OR PSYCHOLOGICAL DIAGNOSIS | NOT READY FOR PRODUCTION PSYCHOMETRIC CLAIMS
B029,BI04-V21,BI04,body_image_avoidance,minor_rewrite,AI-REVISED CANDIDATE ITEM BANK ONLY | NOT HUMAN-REVIEWED | NOT PSYCHOMETRICALLY VALIDATED | NOT A CLINICAL OR PSYCHOLOGICAL DIAGNOSIS | NOT READY FOR PRODUCTION PSYCHOMETRIC CLAIMS
B010,BI06-V21,BI06,body_image_avoidance,minor_rewrite,AI-REVISED CANDIDATE ITEM BANK ONLY | NOT HUMAN-REVIEWED | NOT PSYCHOMETRICALLY VALIDATED | NOT A CLINICAL OR PSYCHOLOGICAL DIAGNOSIS | NOT READY FOR PRODUCTION PSYCHOMETRIC CLAIMS
B020,IM02-V21,IM02,implementation_maintenance_friction,minor_rewrite,AI-REVISED CANDIDATE ITEM BANK ONLY | NOT HUMAN-REVIEWED | NOT PSYCHOMETRICALLY VALIDATED | NOT A CLINICAL OR PSYCHOLOGICAL DIAGNOSIS | NOT READY FOR PRODUCTION PSYCHOMETRIC CLAIMS
B019,IM03-V21-A,IM03,implementation_maintenance_friction,major_rewrite_alternative,AI-REVISED CANDIDATE ITEM BANK ONLY | NOT HUMAN-REVIEWED | NOT PSYCHOMETRICALLY VALIDATED | NOT A CLINICAL OR PSYCHOLOGICAL DIAGNOSIS | NOT READY FOR PRODUCTION PSYCHOMETRIC CLAIMS
B035,IM03-V21-B,IM03,implementation_maintenance_friction,major_rewrite_alternative,AI-REVISED CANDIDATE ITEM BANK ONLY | NOT HUMAN-REVIEWED | NOT PSYCHOMETRICALLY VALIDATED | NOT A CLINICAL OR PSYCHOLOGICAL DIAGNOSIS | NOT READY FOR PRODUCTION PSYCHOMETRIC CLAIMS
B030,IM05-V21,IM05,implementation_maintenance_friction,minor_rewrite,AI-REVISED CANDIDATE ITEM BANK ONLY | NOT HUMAN-REVIEWED | NOT PSYCHOMETRICALLY VALIDATED | NOT A CLINICAL OR PSYCHOLOGICAL DIAGNOSIS | NOT READY FOR PRODUCTION PSYCHOMETRIC CLAIMS
B009,AC02-V21-A,AC02,response_quality,major_rewrite_alternative,AI-REVISED CANDIDATE ITEM BANK ONLY | NOT HUMAN-REVIEWED | NOT PSYCHOMETRICALLY VALIDATED | NOT A CLINICAL OR PSYCHOLOGICAL DIAGNOSIS | NOT READY FOR PRODUCTION PSYCHOMETRIC CLAIMS
B015,AC02-V21-B,AC02,response_quality,major_rewrite_alternative,AI-REVISED CANDIDATE ITEM BANK ONLY | NOT HUMAN-REVIEWED | NOT PSYCHOMETRICALLY VALIDATED | NOT A CLINICAL OR PSYCHOLOGICAL DIAGNOSIS | NOT READY FOR PRODUCTION PSYCHOMETRIC CLAIMS
