persona_code,block_order,blinded_item_id,revised_item_key,source_item_key,assignment_hash,synthetic_review_only,status_label
SP01,1,B013,HA03-V21,HA03,525c3d66ce7bb5f5dfd6c3cbbfce947a810cdff94b36d0d85734d1bc60eef722,true,AI-REVISED CANDIDATE ITEM BANK ONLY | NOT HUMAN-REVIEWED | NOT PSYCHOMETRICALLY VALIDATED | NOT A CLINICAL OR PSYCHOLOGICAL DIAGNOSIS | NOT READY FOR PRODUCTION PSYCHOMETRIC CLAIMS
SP01,2,B016,HS06-V21-B,HS06,525c3d66ce7bb5f5dfd6c3cbbfce947a810cdff94b36d0d85734d1bc60eef722,true,AI-REVISED CANDIDATE ITEM BANK ONLY | NOT HUMAN-REVIEWED | NOT PSYCHOMETRICALLY VALIDATED | NOT A CLINICAL OR PSYCHOLOGICAL DIAGNOSIS | NOT READY FOR PRODUCTION PSYCHOMETRIC CLAIMS
SP01,3,B033,HA01-V21,HA01,525c3d66ce7bb5f5dfd6c3cbbfce947a810cdff94b36d0d85734d1bc60eef722,true,AI-REVISED CANDIDATE ITEM BANK ONLY | NOT HUMAN-REVIEWED | NOT PSYCHOMETRICALLY VALIDATED | NOT A CLINICAL OR PSYCHOLOGICAL DIAGNOSIS | NOT READY FOR PRODUCTION PSYCHOMETRIC CLAIMS
SP01,4,B009,AC02-V21-A,AC02,525c3d66ce7bb5f5dfd6c3cbbfce947a810cdff94b36d0d85734d1bc60eef722,true,AI-REVISED CANDIDATE ITEM BANK ONLY | NOT HUMAN-REVIEWED | NOT PSYCHOMETRICALLY VALIDATED | NOT A CLINICAL OR PSYCHOLOGICAL DIAGNOSIS | NOT READY FOR PRODUCTION PSYCHOMETRIC CLAIMS
SP01,5,B018,UC02-V21,UC02,525c3d66ce7bb5f5dfd6c3cbbfce947a810cdff94b36d0d85734d1bc60eef722,true,AI-REVISED CANDIDATE ITEM BANK ONLY | NOT HUMAN-REVIEWED | NOT PSYCHOMETRICALLY VALIDATED | NOT A CLINICAL OR PSYCHOLOGICAL DIAGNOSIS | NOT READY FOR PRODUCTION PSYCHOMETRIC CLAIMS
SP01,6,B036,EC04-V21,EC04,525c3d66ce7bb5f5dfd6c3cbbfce947a810cdff94b36d0d85734d1bc60eef722,true,AI-REVISED CANDIDATE ITEM BANK ONLY | NOT HUMAN-REVIEWED | NOT PSYCHOMETRICALLY VALIDATED | NOT A CLINICAL OR PSYCHOLOGICAL DIAGNOSIS | NOT READY FOR PRODUCTION PSYCHOMETRIC CLAIMS
SP01,7,B030,IM05-V21,IM05,525c3d66ce7bb5f5dfd6c3cbbfce947a810cdff94b36d0d85734d1bc60eef722,true,AI-REVISED CANDIDATE ITEM BANK ONLY | NOT HUMAN-REVIEWED | NOT PSYCHOMETRICALLY VALIDATED | NOT A CLINICAL OR PSYCHOLOGICAL DIAGNOSIS | NOT READY FOR PRODUCTION PSYCHOMETRIC CLAIMS
SP01,8,B032,SE06-V21-B,SE06,525c3d66ce7bb5f5dfd6c3cbbfce947a810cdff94b36d0d85734d1bc60eef722,true,AI-REVISED CANDIDATE ITEM BANK ONLY | NOT HUMAN-REVIEWED | NOT PSYCHOMETRICALLY VALIDATED | NOT A CLINICAL OR PSYCHOLOGICAL DIAGNOSIS | NOT READY FOR PRODUCTION PSYCHOMETRIC CLAIMS
SP01,9,B001,HS03-V21,HS03,525c3d66ce7bb5f5dfd6c3cbbfce947a810cdff94b36d0d85734d1bc60eef722,true,AI-REVISED CANDIDATE ITEM BANK ONLY | NOT HUMAN-REVIEWED | NOT PSYCHOMETRICALLY VALIDATED | NOT A CLINICAL OR PSYCHOLOGICAL DIAGNOSIS | NOT READY FOR PRODUCTION PSYCHOMETRIC CLAIMS
SP01,10,B017,RR03-V21,RR03,525c3d66ce7bb5f5dfd6c3cbbfce947a810cdff94b36d0d85734d1bc60eef722,true,AI-REVISED CANDIDATE ITEM BANK ONLY | NOT HUMAN-REVIEWED | NOT PSYCHOMETRICALLY VALIDATED | NOT A CLINICAL OR PSYCHOLOGICAL DIAGNOSIS | NOT READY FOR PRODUCTION PSYCHOMETRIC CLAIMS
SP01,11,B024,RR04-V21-B,RR04,525c3d66ce7bb5f5dfd6c3cbbfce947a810cdff94b36d0d85734d1bc60eef722,true,AI-REVISED CANDIDATE ITEM BANK ONLY | NOT HUMAN-REVIEWED | NOT PSYCHOMETRICALLY VALIDATED | NOT A CLINICAL OR PSYCHOLOGICAL DIAGNOSIS | NOT READY FOR PRODUCTION PSYCHOMETRIC CLAIMS
SP02,1,B034,HA02-V21-B,HA02,be6772eaa3d7229b5540753a3389978559da6b607b17a76cb10b618c6a1beb63,true,AI-REVISED CANDIDATE ITEM BANK ONLY | NOT HUMAN-REVIEWED | NOT PSYCHOMETRICALLY VALIDATED | NOT A CLINICAL OR PSYCHOLOGICAL DIAGNOSIS | NOT READY FOR PRODUCTION PSYCHOMETRIC CLAIMS
SP02,2,B035,IM03-V21-B,IM03,be6772eaa3d7229b5540753a3389978559da6b607b17a76cb10b618c6a1beb63,true,AI-REVISED CANDIDATE ITEM BANK ONLY | NOT HUMAN-REVIEWED | NOT PSYCHOMETRICALLY VALIDATED | NOT A CLINICAL OR PSYCHOLOGICAL DIAGNOSIS | NOT READY FOR PRODUCTION PSYCHOMETRIC CLAIMS
SP02,3,B040,HA06-V21,HA06,be6772eaa3d7229b5540753a3389978559da6b607b17a76cb10b618c6a1beb63,true,AI-REVISED CANDIDATE ITEM BANK ONLY | NOT HUMAN-REVIEWED | NOT PSYCHOMETRICALLY VALIDATED | NOT A CLINICAL OR PSYCHOLOGICAL DIAGNOSIS | NOT READY FOR PRODUCTION PSYCHOMETRIC CLAIMS
SP02,4,B015,AC02-V21-B,AC02,be6772eaa3d7229b5540753a3389978559da6b607b17a76cb10b618c6a1beb63,true,AI-REVISED CANDIDATE ITEM BANK ONLY | NOT HUMAN-REVIEWED | NOT PSYCHOMETRICALLY VALIDATED | NOT A CLINICAL OR PSYCHOLOGICAL DIAGNOSIS | NOT READY FOR PRODUCTION PSYCHOMETRIC CLAIMS
SP02,5,B004,UC06-V21,UC06,be6772eaa3d7229b5540753a3389978559da6b607b17a76cb10b618c6a1beb63,true,AI-REVISED CANDIDATE ITEM BANK ONLY | NOT HUMAN-REVIEWED | NOT PSYCHOMETRICALLY VALIDATED | NOT A CLINICAL OR PSYCHOLOGICAL DIAGNOSIS | NOT READY FOR PRODUCTION PSYCHOMETRIC CLAIMS
SP02,6,B005,EC06-V21,EC06,be6772eaa3d7229b5540753a3389978559da6b607b17a76cb10b618c6a1beb63,true,AI-REVISED CANDIDATE ITEM BANK ONLY | NOT HUMAN-REVIEWED | NOT PSYCHOMETRICALLY VALIDATED | NOT A CLINICAL OR PSYCHOLOGICAL DIAGNOSIS | NOT READY FOR PRODUCTION PSYCHOMETRIC CLAIMS
SP02,7,B010,BI06-V21,BI06,be6772eaa3d7229b5540753a3389978559da6b607b17a76cb10b618c6a1beb63,true,AI-REVISED CANDIDATE ITEM BANK ONLY | NOT HUMAN-REVIEWED | NOT PSYCHOMETRICALLY VALIDATED | NOT A CLINICAL OR PSYCHOLOGICAL DIAGNOSIS | NOT READY FOR PRODUCTION PSYCHOMETRIC CLAIMS
SP02,8,B031,HS01-V21,HS01,be6772eaa3d7229b5540753a3389978559da6b607b17a76cb10b618c6a1beb63,true,AI-REVISED CANDIDATE ITEM BANK ONLY | NOT HUMAN-REVIEWED | NOT PSYCHOMETRICALLY VALIDATED | NOT A CLINICAL OR PSYCHOLOGICAL DIAGNOSIS | NOT READY FOR PRODUCTION PSYCHOMETRIC CLAIMS
SP02,9,B037,SE05-V21,SE05,be6772eaa3d7229b5540753a3389978559da6b607b17a76cb10b618c6a1beb63,true,AI-REVISED CANDIDATE ITEM BANK ONLY | NOT HUMAN-REVIEWED | NOT PSYCHOMETRICALLY VALIDATED | NOT A CLINICAL OR PSYCHOLOGICAL DIAGNOSIS | NOT READY FOR PRODUCTION PSYCHOMETRIC CLAIMS
SP02,10,B014,EE05-V21,EE05,be6772eaa3d7229b5540753a3389978559da6b607b17a76cb10b618c6a1beb63,true,AI-REVISED CANDIDATE ITEM BANK ONLY | NOT HUMAN-REVIEWED | NOT PSYCHOMETRICALLY VALIDATED | NOT A CLINICAL OR PSYCHOLOGICAL DIAGNOSIS | NOT READY FOR PRODUCTION PSYCHOMETRIC CLAIMS
SP03,1,B023,HA04-V21,HA04,9e4f9a52029e42492d8659a6906a7bba3c913d541876db0f31f1c4806b70f1c5,true,AI-REVISED CANDIDATE ITEM BANK ONLY | NOT HUMAN-REVIEWED | NOT PSYCHOMETRICALLY VALIDATED | NOT A CLINICAL OR PSYCHOLOGICAL DIAGNOSIS | NOT READY FOR PRODUCTION PSYCHOMETRIC CLAIMS
SP03,2,B028,UC04-V21,UC04,9e4f9a52029e42492d8659a6906a7bba3c913d541876db0f31f1c4806b70f1c5,true,AI-REVISED CANDIDATE ITEM BANK ONLY | NOT HUMAN-REVIEWED | NOT PSYCHOMETRICALLY VALIDATED | NOT A CLINICAL OR PSYCHOLOGICAL DIAGNOSIS | NOT READY FOR PRODUCTION PSYCHOMETRIC CLAIMS
SP03,3,B014,EE05-V21,EE05,9e4f9a52029e42492d8659a6906a7bba3c913d541876db0f31f1c4806b70f1c5,true,AI-REVISED CANDIDATE ITEM BANK ONLY | NOT HUMAN-REVIEWED | NOT PSYCHOMETRICALLY VALIDATED | NOT A CLINICAL OR PSYCHOLOGICAL DIAGNOSIS | NOT READY FOR PRODUCTION PSYCHOMETRIC CLAIMS
SP03,4,B041,HS06-V21-A,HS06,9e4f9a52029e42492d8659a6906a7bba3c913d541876db0f31f1c4806b70f1c5,true,AI-REVISED CANDIDATE ITEM BANK ONLY | NOT HUMAN-REVIEWED | NOT PSYCHOMETRICALLY VALIDATED | NOT A CLINICAL OR PSYCHOLOGICAL DIAGNOSIS | NOT READY FOR PRODUCTION PSYCHOMETRIC CLAIMS
SP03,5,B020,IM02-V21,IM02,9e4f9a52029e42492d8659a6906a7bba3c913d541876db0f31f1c4806b70f1c5,true,AI-REVISED CANDIDATE ITEM BANK ONLY | NOT HUMAN-REVIEWED | NOT PSYCHOMETRICALLY VALIDATED | NOT A CLINICAL OR PSYCHOLOGICAL DIAGNOSIS | NOT READY FOR PRODUCTION PSYCHOMETRIC CLAIMS
SP03,6,B036,EC04-V21,EC04,9e4f9a52029e42492d8659a6906a7bba3c913d541876db0f31f1c4806b70f1c5,true,AI-REVISED CANDIDATE ITEM BANK ONLY | NOT HUMAN-REVIEWED | NOT PSYCHOMETRICALLY VALIDATED | NOT A CLINICAL OR PSYCHOLOGICAL DIAGNOSIS | NOT READY FOR PRODUCTION PSYCHOMETRIC CLAIMS
SP03,7,B009,AC02-V21-A,AC02,9e4f9a52029e42492d8659a6906a7bba3c913d541876db0f31f1c4806b70f1c5,true,AI-REVISED CANDIDATE ITEM BANK ONLY | NOT HUMAN-REVIEWED | NOT PSYCHOMETRICALLY VALIDATED | NOT A CLINICAL OR PSYCHOLOGICAL DIAGNOSIS | NOT READY FOR PRODUCTION PSYCHOMETRIC CLAIMS
SP03,8,B012,RR04-V21-A,RR04,9e4f9a52029e42492d8659a6906a7bba3c913d541876db0f31f1c4806b70f1c5,true,AI-REVISED CANDIDATE ITEM BANK ONLY | NOT HUMAN-REVIEWED | NOT PSYCHOMETRICALLY VALIDATED | NOT A CLINICAL OR PSYCHOLOGICAL DIAGNOSIS | NOT READY FOR PRODUCTION PSYCHOMETRIC CLAIMS
SP03,9,B026,SE02-V21,SE02,9e4f9a52029e42492d8659a6906a7bba3c913d541876db0f31f1c4806b70f1c5,true,AI-REVISED CANDIDATE ITEM BANK ONLY | NOT HUMAN-REVIEWED | NOT PSYCHOMETRICALLY VALIDATED | NOT A CLINICAL OR PSYCHOLOGICAL DIAGNOSIS | NOT READY FOR PRODUCTION PSYCHOMETRIC CLAIMS
SP03,10,B006,SE06-V21-A,SE06,9e4f9a52029e42492d8659a6906a7bba3c913d541876db0f31f1c4806b70f1c5,true,AI-REVISED CANDIDATE ITEM BANK ONLY | NOT HUMAN-REVIEWED | NOT PSYCHOMETRICALLY VALIDATED | NOT A CLINICAL OR PSYCHOLOGICAL DIAGNOSIS | NOT READY FOR PRODUCTION PSYCHOMETRIC CLAIMS
SP04,1,B023,HA04-V21,HA04,2d0c36fbce867d7a9729e46b247c9656599db19422b9ae3ab33350c70fdccb17,true,AI-REVISED CANDIDATE ITEM BANK ONLY | NOT HUMAN-REVIEWED | NOT PSYCHOMETRICALLY VALIDATED | NOT A CLINICAL OR PSYCHOLOGICAL DIAGNOSIS | NOT READY FOR PRODUCTION PSYCHOMETRIC CLAIMS
SP04,2,B016,HS06-V21-B,HS06,2d0c36fbce867d7a9729e46b247c9656599db19422b9ae3ab33350c70fdccb17,true,AI-REVISED CANDIDATE ITEM BANK ONLY | NOT HUMAN-REVIEWED | NOT PSYCHOMETRICALLY VALIDATED | NOT A CLINICAL OR PSYCHOLOGICAL DIAGNOSIS | NOT READY FOR PRODUCTION PSYCHOMETRIC CLAIMS
SP04,3,B035,IM03-V21-B,IM03,2d0c36fbce867d7a9729e46b247c9656599db19422b9ae3ab33350c70fdccb17,true,AI-REVISED CANDIDATE ITEM BANK ONLY | NOT HUMAN-REVIEWED | NOT PSYCHOMETRICALLY VALIDATED | NOT A CLINICAL OR PSYCHOLOGICAL DIAGNOSIS | NOT READY FOR PRODUCTION PSYCHOMETRIC CLAIMS
SP04,4,B029,BI04-V21,BI04,2d0c36fbce867d7a9729e46b247c9656599db19422b9ae3ab33350c70fdccb17,true,AI-REVISED CANDIDATE ITEM BANK ONLY | NOT HUMAN-REVIEWED | NOT PSYCHOMETRICALLY VALIDATED | NOT A CLINICAL OR PSYCHOLOGICAL DIAGNOSIS | NOT READY FOR PRODUCTION PSYCHOMETRIC CLAIMS
SP04,5,B022,SE03-V21,SE03,2d0c36fbce867d7a9729e46b247c9656599db19422b9ae3ab33350c70fdccb17,true,AI-REVISED CANDIDATE ITEM BANK ONLY | NOT HUMAN-REVIEWED | NOT PSYCHOMETRICALLY VALIDATED | NOT A CLINICAL OR PSYCHOLOGICAL DIAGNOSIS | NOT READY FOR PRODUCTION PSYCHOMETRIC CLAIMS
SP04,6,B003,EE06-V21-B,EE06,2d0c36fbce867d7a9729e46b247c9656599db19422b9ae3ab33350c70fdccb17,true,AI-REVISED CANDIDATE ITEM BANK ONLY | NOT HUMAN-REVIEWED | NOT PSYCHOMETRICALLY VALIDATED | NOT A CLINICAL OR PSYCHOLOGICAL DIAGNOSIS | NOT READY FOR PRODUCTION PSYCHOMETRIC CLAIMS
SP04,7,B011,RR01-V21,RR01,2d0c36fbce867d7a9729e46b247c9656599db19422b9ae3ab33350c70fdccb17,true,AI-REVISED CANDIDATE ITEM BANK ONLY | NOT HUMAN-REVIEWED | NOT PSYCHOMETRICALLY VALIDATED | NOT A CLINICAL OR PSYCHOLOGICAL DIAGNOSIS | NOT READY FOR PRODUCTION PSYCHOMETRIC CLAIMS
SP04,8,B010,BI06-V21,BI06,2d0c36fbce867d7a9729e46b247c9656599db19422b9ae3ab33350c70fdccb17,true,AI-REVISED CANDIDATE ITEM BANK ONLY | NOT HUMAN-REVIEWED | NOT PSYCHOMETRICALLY VALIDATED | NOT A CLINICAL OR PSYCHOLOGICAL DIAGNOSIS | NOT READY FOR PRODUCTION PSYCHOMETRIC CLAIMS
SP04,9,B026,SE02-V21,SE02,2d0c36fbce867d7a9729e46b247c9656599db19422b9ae3ab33350c70fdccb17,true,AI-REVISED CANDIDATE ITEM BANK ONLY | NOT HUMAN-REVIEWED | NOT PSYCHOMETRICALLY VALIDATED | NOT A CLINICAL OR PSYCHOLOGICAL DIAGNOSIS | NOT READY FOR PRODUCTION PSYCHOMETRIC CLAIMS
SP04,10,B040,HA06-V21,HA06,2d0c36fbce867d7a9729e46b247c9656599db19422b9ae3ab33350c70fdccb17,true,AI-REVISED CANDIDATE ITEM BANK ONLY | NOT HUMAN-REVIEWED | NOT PSYCHOMETRICALLY VALIDATED | NOT A CLINICAL OR PSYCHOLOGICAL DIAGNOSIS | NOT READY FOR PRODUCTION PSYCHOMETRIC CLAIMS
SP05,1,B018,UC02-V21,UC02,49c9b539b1cee54b4852f6310a9281906fe22292a2a88d5146041eebfbebd7c4,true,AI-REVISED CANDIDATE ITEM BANK ONLY | NOT HUMAN-REVIEWED | NOT PSYCHOMETRICALLY VALIDATED | NOT A CLINICAL OR PSYCHOLOGICAL DIAGNOSIS | NOT READY FOR PRODUCTION PSYCHOMETRIC CLAIMS
SP05,2,B019,IM03-V21-A,IM03,49c9b539b1cee54b4852f6310a9281906fe22292a2a88d5146041eebfbebd7c4,true,AI-REVISED CANDIDATE ITEM BANK ONLY | NOT HUMAN-REVIEWED | NOT PSYCHOMETRICALLY VALIDATED | NOT A CLINICAL OR PSYCHOLOGICAL DIAGNOSIS | NOT READY FOR PRODUCTION PSYCHOMETRIC CLAIMS
SP05,3,B032,SE06-V21-B,SE06,49c9b539b1cee54b4852f6310a9281906fe22292a2a88d5146041eebfbebd7c4,true,AI-REVISED CANDIDATE ITEM BANK ONLY | NOT HUMAN-REVIEWED | NOT PSYCHOMETRICALLY VALIDATED | NOT A CLINICAL OR PSYCHOLOGICAL DIAGNOSIS | NOT READY FOR PRODUCTION PSYCHOMETRIC CLAIMS
SP05,4,B003,EE06-V21-B,EE06,49c9b539b1cee54b4852f6310a9281906fe22292a2a88d5146041eebfbebd7c4,true,AI-REVISED CANDIDATE ITEM BANK ONLY | NOT HUMAN-REVIEWED | NOT PSYCHOMETRICALLY VALIDATED | NOT A CLINICAL OR PSYCHOLOGICAL DIAGNOSIS | NOT READY FOR PRODUCTION PSYCHOMETRIC CLAIMS
SP05,5,B011,RR01-V21,RR01,49c9b539b1cee54b4852f6310a9281906fe22292a2a88d5146041eebfbebd7c4,true,AI-REVISED CANDIDATE ITEM BANK ONLY | NOT HUMAN-REVIEWED | NOT PSYCHOMETRICALLY VALIDATED | NOT A CLINICAL OR PSYCHOLOGICAL DIAGNOSIS | NOT READY FOR PRODUCTION PSYCHOMETRIC CLAIMS
SP05,6,B042,HA02-V21-A,HA02,49c9b539b1cee54b4852f6310a9281906fe22292a2a88d5146041eebfbebd7c4,true,AI-REVISED CANDIDATE ITEM BANK ONLY | NOT HUMAN-REVIEWED | NOT PSYCHOMETRICALLY VALIDATED | NOT A CLINICAL OR PSYCHOLOGICAL DIAGNOSIS | NOT READY FOR PRODUCTION PSYCHOMETRIC CLAIMS
SP05,7,B021,SE01-V21,SE01,49c9b539b1cee54b4852f6310a9281906fe22292a2a88d5146041eebfbebd7c4,true,AI-REVISED CANDIDATE ITEM BANK ONLY | NOT HUMAN-REVIEWED | NOT PSYCHOMETRICALLY VALIDATED | NOT A CLINICAL OR PSYCHOLOGICAL DIAGNOSIS | NOT READY FOR PRODUCTION PSYCHOMETRIC CLAIMS
SP05,8,B038,HS04-V21,HS04,49c9b539b1cee54b4852f6310a9281906fe22292a2a88d5146041eebfbebd7c4,true,AI-REVISED CANDIDATE ITEM BANK ONLY | NOT HUMAN-REVIEWED | NOT PSYCHOMETRICALLY VALIDATED | NOT A CLINICAL OR PSYCHOLOGICAL DIAGNOSIS | NOT READY FOR PRODUCTION PSYCHOMETRIC CLAIMS
SP05,9,B008,RR06-V21,RR06,49c9b539b1cee54b4852f6310a9281906fe22292a2a88d5146041eebfbebd7c4,true,AI-REVISED CANDIDATE ITEM BANK ONLY | NOT HUMAN-REVIEWED | NOT PSYCHOMETRICALLY VALIDATED | NOT A CLINICAL OR PSYCHOLOGICAL DIAGNOSIS | NOT READY FOR PRODUCTION PSYCHOMETRIC CLAIMS
SP05,10,B027,EC02-V21,EC02,49c9b539b1cee54b4852f6310a9281906fe22292a2a88d5146041eebfbebd7c4,true,AI-REVISED CANDIDATE ITEM BANK ONLY | NOT HUMAN-REVIEWED | NOT PSYCHOMETRICALLY VALIDATED | NOT A CLINICAL OR PSYCHOLOGICAL DIAGNOSIS | NOT READY FOR PRODUCTION PSYCHOMETRIC CLAIMS
SP05,11,B025,HA05-V21,HA05,49c9b539b1cee54b4852f6310a9281906fe22292a2a88d5146041eebfbebd7c4,true,AI-REVISED CANDIDATE ITEM BANK ONLY | NOT HUMAN-REVIEWED | NOT PSYCHOMETRICALLY VALIDATED | NOT A CLINICAL OR PSYCHOLOGICAL DIAGNOSIS | NOT READY FOR PRODUCTION PSYCHOMETRIC CLAIMS
SP06,1,B040,HA06-V21,HA06,99062e9f08288e74580ea4e2abd2b35af1f14fb9568e760b8dce648cb9cefd72,true,AI-REVISED CANDIDATE ITEM BANK ONLY | NOT HUMAN-REVIEWED | NOT PSYCHOMETRICALLY VALIDATED | NOT A CLINICAL OR PSYCHOLOGICAL DIAGNOSIS | NOT READY FOR PRODUCTION PSYCHOMETRIC CLAIMS
SP06,2,B014,EE05-V21,EE05,99062e9f08288e74580ea4e2abd2b35af1f14fb9568e760b8dce648cb9cefd72,true,AI-REVISED CANDIDATE ITEM BANK ONLY | NOT HUMAN-REVIEWED | NOT PSYCHOMETRICALLY VALIDATED | NOT A CLINICAL OR PSYCHOLOGICAL DIAGNOSIS | NOT READY FOR PRODUCTION PSYCHOMETRIC CLAIMS
SP06,3,B041,HS06-V21-A,HS06,99062e9f08288e74580ea4e2abd2b35af1f14fb9568e760b8dce648cb9cefd72,true,AI-REVISED CANDIDATE ITEM BANK ONLY | NOT HUMAN-REVIEWED | NOT PSYCHOMETRICALLY VALIDATED | NOT A CLINICAL OR PSYCHOLOGICAL DIAGNOSIS | NOT READY FOR PRODUCTION PSYCHOMETRIC CLAIMS
SP06,4,B015,AC02-V21-B,AC02,99062e9f08288e74580ea4e2abd2b35af1f14fb9568e760b8dce648cb9cefd72,true,AI-REVISED CANDIDATE ITEM BANK ONLY | NOT HUMAN-REVIEWED | NOT PSYCHOMETRICALLY VALIDATED | NOT A CLINICAL OR PSYCHOLOGICAL DIAGNOSIS | NOT READY FOR PRODUCTION PSYCHOMETRIC CLAIMS
SP06,5,B020,IM02-V21,IM02,99062e9f08288e74580ea4e2abd2b35af1f14fb9568e760b8dce648cb9cefd72,true,AI-REVISED CANDIDATE ITEM BANK ONLY | NOT HUMAN-REVIEWED | NOT PSYCHOMETRICALLY VALIDATED | NOT A CLINICAL OR PSYCHOLOGICAL DIAGNOSIS | NOT READY FOR PRODUCTION PSYCHOMETRIC CLAIMS
SP06,6,B002,EE02-V21,EE02,99062e9f08288e74580ea4e2abd2b35af1f14fb9568e760b8dce648cb9cefd72,true,AI-REVISED CANDIDATE ITEM BANK ONLY | NOT HUMAN-REVIEWED | NOT PSYCHOMETRICALLY VALIDATED | NOT A CLINICAL OR PSYCHOLOGICAL DIAGNOSIS | NOT READY FOR PRODUCTION PSYCHOMETRIC CLAIMS
SP06,7,B023,HA04-V21,HA04,99062e9f08288e74580ea4e2abd2b35af1f14fb9568e760b8dce648cb9cefd72,true,AI-REVISED CANDIDATE ITEM BANK ONLY | NOT HUMAN-REVIEWED | NOT PSYCHOMETRICALLY VALIDATED | NOT A CLINICAL OR PSYCHOLOGICAL DIAGNOSIS | NOT READY FOR PRODUCTION PSYCHOMETRIC CLAIMS
SP06,8,B039,SE04-V21,SE04,99062e9f08288e74580ea4e2abd2b35af1f14fb9568e760b8dce648cb9cefd72,true,AI-REVISED CANDIDATE ITEM BANK ONLY | NOT HUMAN-REVIEWED | NOT PSYCHOMETRICALLY VALIDATED | NOT A CLINICAL OR PSYCHOLOGICAL DIAGNOSIS | NOT READY FOR PRODUCTION PSYCHOMETRIC CLAIMS
SP06,9,B006,SE06-V21-A,SE06,99062e9f08288e74580ea4e2abd2b35af1f14fb9568e760b8dce648cb9cefd72,true,AI-REVISED CANDIDATE ITEM BANK ONLY | NOT HUMAN-REVIEWED | NOT PSYCHOMETRICALLY VALIDATED | NOT A CLINICAL OR PSYCHOLOGICAL DIAGNOSIS | NOT READY FOR PRODUCTION PSYCHOMETRIC CLAIMS
SP06,10,B024,RR04-V21-B,RR04,99062e9f08288e74580ea4e2abd2b35af1f14fb9568e760b8dce648cb9cefd72,true,AI-REVISED CANDIDATE ITEM BANK ONLY | NOT HUMAN-REVIEWED | NOT PSYCHOMETRICALLY VALIDATED | NOT A CLINICAL OR PSYCHOLOGICAL DIAGNOSIS | NOT READY FOR PRODUCTION PSYCHOMETRIC CLAIMS
SP07,1,B035,IM03-V21-B,IM03,174b1b4dd6bb95778d137cb36de66009aa04b44e6f507509ff45d2071b8d2a93,true,AI-REVISED CANDIDATE ITEM BANK ONLY | NOT HUMAN-REVIEWED | NOT PSYCHOMETRICALLY VALIDATED | NOT A CLINICAL OR PSYCHOLOGICAL DIAGNOSIS | NOT READY FOR PRODUCTION PSYCHOMETRIC CLAIMS
SP07,2,B039,SE04-V21,SE04,174b1b4dd6bb95778d137cb36de66009aa04b44e6f507509ff45d2071b8d2a93,true,AI-REVISED CANDIDATE ITEM BANK ONLY | NOT HUMAN-REVIEWED | NOT PSYCHOMETRICALLY VALIDATED | NOT A CLINICAL OR PSYCHOLOGICAL DIAGNOSIS | NOT READY FOR PRODUCTION PSYCHOMETRIC CLAIMS
SP07,3,B032,SE06-V21-B,SE06,174b1b4dd6bb95778d137cb36de66009aa04b44e6f507509ff45d2071b8d2a93,true,AI-REVISED CANDIDATE ITEM BANK ONLY | NOT HUMAN-REVIEWED | NOT PSYCHOMETRICALLY VALIDATED | NOT A CLINICAL OR PSYCHOLOGICAL DIAGNOSIS | NOT READY FOR PRODUCTION PSYCHOMETRIC CLAIMS
SP07,4,B008,RR06-V21,RR06,174b1b4dd6bb95778d137cb36de66009aa04b44e6f507509ff45d2071b8d2a93,true,AI-REVISED CANDIDATE ITEM BANK ONLY | NOT HUMAN-REVIEWED | NOT PSYCHOMETRICALLY VALIDATED | NOT A CLINICAL OR PSYCHOLOGICAL DIAGNOSIS | NOT READY FOR PRODUCTION PSYCHOMETRIC CLAIMS
SP07,5,B041,HS06-V21-A,HS06,174b1b4dd6bb95778d137cb36de66009aa04b44e6f507509ff45d2071b8d2a93,true,AI-REVISED CANDIDATE ITEM BANK ONLY | NOT HUMAN-REVIEWED | NOT PSYCHOMETRICALLY VALIDATED | NOT A CLINICAL OR PSYCHOLOGICAL DIAGNOSIS | NOT READY FOR PRODUCTION PSYCHOMETRIC CLAIMS
SP07,6,B018,UC02-V21,UC02,174b1b4dd6bb95778d137cb36de66009aa04b44e6f507509ff45d2071b8d2a93,true,AI-REVISED CANDIDATE ITEM BANK ONLY | NOT HUMAN-REVIEWED | NOT PSYCHOMETRICALLY VALIDATED | NOT A CLINICAL OR PSYCHOLOGICAL DIAGNOSIS | NOT READY FOR PRODUCTION PSYCHOMETRIC CLAIMS
SP07,7,B013,HA03-V21,HA03,174b1b4dd6bb95778d137cb36de66009aa04b44e6f507509ff45d2071b8d2a93,true,AI-REVISED CANDIDATE ITEM BANK ONLY | NOT HUMAN-REVIEWED | NOT PSYCHOMETRICALLY VALIDATED | NOT A CLINICAL OR PSYCHOLOGICAL DIAGNOSIS | NOT READY FOR PRODUCTION PSYCHOMETRIC CLAIMS
SP07,8,B027,EC02-V21,EC02,174b1b4dd6bb95778d137cb36de66009aa04b44e6f507509ff45d2071b8d2a93,true,AI-REVISED CANDIDATE ITEM BANK ONLY | NOT HUMAN-REVIEWED | NOT PSYCHOMETRICALLY VALIDATED | NOT A CLINICAL OR PSYCHOLOGICAL DIAGNOSIS | NOT READY FOR PRODUCTION PSYCHOMETRIC CLAIMS
SP07,9,B033,HA01-V21,HA01,174b1b4dd6bb95778d137cb36de66009aa04b44e6f507509ff45d2071b8d2a93,true,AI-REVISED CANDIDATE ITEM BANK ONLY | NOT HUMAN-REVIEWED | NOT PSYCHOMETRICALLY VALIDATED | NOT A CLINICAL OR PSYCHOLOGICAL DIAGNOSIS | NOT READY FOR PRODUCTION PSYCHOMETRIC CLAIMS
SP07,10,B009,AC02-V21-A,AC02,174b1b4dd6bb95778d137cb36de66009aa04b44e6f507509ff45d2071b8d2a93,true,AI-REVISED CANDIDATE ITEM BANK ONLY | NOT HUMAN-REVIEWED | NOT PSYCHOMETRICALLY VALIDATED | NOT A CLINICAL OR PSYCHOLOGICAL DIAGNOSIS | NOT READY FOR PRODUCTION PSYCHOMETRIC CLAIMS
SP08,1,B031,HS01-V21,HS01,5df78c0303a5da16f557ff87d509d1881bac6a5b439a8a64a6e34a6fd313a277,true,AI-REVISED CANDIDATE ITEM BANK ONLY | NOT HUMAN-REVIEWED | NOT PSYCHOMETRICALLY VALIDATED | NOT A CLINICAL OR PSYCHOLOGICAL DIAGNOSIS | NOT READY FOR PRODUCTION PSYCHOMETRIC CLAIMS
SP08,2,B014,EE05-V21,EE05,5df78c0303a5da16f557ff87d509d1881bac6a5b439a8a64a6e34a6fd313a277,true,AI-REVISED CANDIDATE ITEM BANK ONLY | NOT HUMAN-REVIEWED | NOT PSYCHOMETRICALLY VALIDATED | NOT A CLINICAL OR PSYCHOLOGICAL DIAGNOSIS | NOT READY FOR PRODUCTION PSYCHOMETRIC CLAIMS
SP08,3,B011,RR01-V21,RR01,5df78c0303a5da16f557ff87d509d1881bac6a5b439a8a64a6e34a6fd313a277,true,AI-REVISED CANDIDATE ITEM BANK ONLY | NOT HUMAN-REVIEWED | NOT PSYCHOMETRICALLY VALIDATED | NOT A CLINICAL OR PSYCHOLOGICAL DIAGNOSIS | NOT READY FOR PRODUCTION PSYCHOMETRIC CLAIMS
SP08,4,B012,RR04-V21-A,RR04,5df78c0303a5da16f557ff87d509d1881bac6a5b439a8a64a6e34a6fd313a277,true,AI-REVISED CANDIDATE ITEM BANK ONLY | NOT HUMAN-REVIEWED | NOT PSYCHOMETRICALLY VALIDATED | NOT A CLINICAL OR PSYCHOLOGICAL DIAGNOSIS | NOT READY FOR PRODUCTION PSYCHOMETRIC CLAIMS
SP08,5,B021,SE01-V21,SE01,5df78c0303a5da16f557ff87d509d1881bac6a5b439a8a64a6e34a6fd313a277,true,AI-REVISED CANDIDATE ITEM BANK ONLY | NOT HUMAN-REVIEWED | NOT PSYCHOMETRICALLY VALIDATED | NOT A CLINICAL OR PSYCHOLOGICAL DIAGNOSIS | NOT READY FOR PRODUCTION PSYCHOMETRIC CLAIMS
SP08,6,B017,RR03-V21,RR03,5df78c0303a5da16f557ff87d509d1881bac6a5b439a8a64a6e34a6fd313a277,true,AI-REVISED CANDIDATE ITEM BANK ONLY | NOT HUMAN-REVIEWED | NOT PSYCHOMETRICALLY VALIDATED | NOT A CLINICAL OR PSYCHOLOGICAL DIAGNOSIS | NOT READY FOR PRODUCTION PSYCHOMETRIC CLAIMS
SP08,7,B034,HA02-V21-B,HA02,5df78c0303a5da16f557ff87d509d1881bac6a5b439a8a64a6e34a6fd313a277,true,AI-REVISED CANDIDATE ITEM BANK ONLY | NOT HUMAN-REVIEWED | NOT PSYCHOMETRICALLY VALIDATED | NOT A CLINICAL OR PSYCHOLOGICAL DIAGNOSIS | NOT READY FOR PRODUCTION PSYCHOMETRIC CLAIMS
SP08,8,B006,SE06-V21-A,SE06,5df78c0303a5da16f557ff87d509d1881bac6a5b439a8a64a6e34a6fd313a277,true,AI-REVISED CANDIDATE ITEM BANK ONLY | NOT HUMAN-REVIEWED | NOT PSYCHOMETRICALLY VALIDATED | NOT A CLINICAL OR PSYCHOLOGICAL DIAGNOSIS | NOT READY FOR PRODUCTION PSYCHOMETRIC CLAIMS
SP08,9,B030,IM05-V21,IM05,5df78c0303a5da16f557ff87d509d1881bac6a5b439a8a64a6e34a6fd313a277,true,AI-REVISED CANDIDATE ITEM BANK ONLY | NOT HUMAN-REVIEWED | NOT PSYCHOMETRICALLY VALIDATED | NOT A CLINICAL OR PSYCHOLOGICAL DIAGNOSIS | NOT READY FOR PRODUCTION PSYCHOMETRIC CLAIMS
SP08,10,B009,AC02-V21-A,AC02,5df78c0303a5da16f557ff87d509d1881bac6a5b439a8a64a6e34a6fd313a277,true,AI-REVISED CANDIDATE ITEM BANK ONLY | NOT HUMAN-REVIEWED | NOT PSYCHOMETRICALLY VALIDATED | NOT A CLINICAL OR PSYCHOLOGICAL DIAGNOSIS | NOT READY FOR PRODUCTION PSYCHOMETRIC CLAIMS
SP08,11,B027,EC02-V21,EC02,5df78c0303a5da16f557ff87d509d1881bac6a5b439a8a64a6e34a6fd313a277,true,AI-REVISED CANDIDATE ITEM BANK ONLY | NOT HUMAN-REVIEWED | NOT PSYCHOMETRICALLY VALIDATED | NOT A CLINICAL OR PSYCHOLOGICAL DIAGNOSIS | NOT READY FOR PRODUCTION PSYCHOMETRIC CLAIMS
SP09,1,B025,HA05-V21,HA05,9f61f9a2d2dbe5ca947e516e28162143c9ec22bccf188cf2073edf02150424ad,true,AI-REVISED CANDIDATE ITEM BANK ONLY | NOT HUMAN-REVIEWED | NOT PSYCHOMETRICALLY VALIDATED | NOT A CLINICAL OR PSYCHOLOGICAL DIAGNOSIS | NOT READY FOR PRODUCTION PSYCHOMETRIC CLAIMS
SP09,2,B027,EC02-V21,EC02,9f61f9a2d2dbe5ca947e516e28162143c9ec22bccf188cf2073edf02150424ad,true,AI-REVISED CANDIDATE ITEM BANK ONLY | NOT HUMAN-REVIEWED | NOT PSYCHOMETRICALLY VALIDATED | NOT A CLINICAL OR PSYCHOLOGICAL DIAGNOSIS | NOT READY FOR PRODUCTION PSYCHOMETRIC CLAIMS
SP09,3,B029,BI04-V21,BI04,9f61f9a2d2dbe5ca947e516e28162143c9ec22bccf188cf2073edf02150424ad,true,AI-REVISED CANDIDATE ITEM BANK ONLY | NOT HUMAN-REVIEWED | NOT PSYCHOMETRICALLY VALIDATED | NOT A CLINICAL OR PSYCHOLOGICAL DIAGNOSIS | NOT READY FOR PRODUCTION PSYCHOMETRIC CLAIMS
SP09,4,B033,HA01-V21,HA01,9f61f9a2d2dbe5ca947e516e28162143c9ec22bccf188cf2073edf02150424ad,true,AI-REVISED CANDIDATE ITEM BANK ONLY | NOT HUMAN-REVIEWED | NOT PSYCHOMETRICALLY VALIDATED | NOT A CLINICAL OR PSYCHOLOGICAL DIAGNOSIS | NOT READY FOR PRODUCTION PSYCHOMETRIC CLAIMS
SP09,5,B002,EE02-V21,EE02,9f61f9a2d2dbe5ca947e516e28162143c9ec22bccf188cf2073edf02150424ad,true,AI-REVISED CANDIDATE ITEM BANK ONLY | NOT HUMAN-REVIEWED | NOT PSYCHOMETRICALLY VALIDATED | NOT A CLINICAL OR PSYCHOLOGICAL DIAGNOSIS | NOT READY FOR PRODUCTION PSYCHOMETRIC CLAIMS
SP09,6,B007,EE06-V21-A,EE06,9f61f9a2d2dbe5ca947e516e28162143c9ec22bccf188cf2073edf02150424ad,true,AI-REVISED CANDIDATE ITEM BANK ONLY | NOT HUMAN-REVIEWED | NOT PSYCHOMETRICALLY VALIDATED | NOT A CLINICAL OR PSYCHOLOGICAL DIAGNOSIS | NOT READY FOR PRODUCTION PSYCHOMETRIC CLAIMS
SP09,7,B039,SE04-V21,SE04,9f61f9a2d2dbe5ca947e516e28162143c9ec22bccf188cf2073edf02150424ad,true,AI-REVISED CANDIDATE ITEM BANK ONLY | NOT HUMAN-REVIEWED | NOT PSYCHOMETRICALLY VALIDATED | NOT A CLINICAL OR PSYCHOLOGICAL DIAGNOSIS | NOT READY FOR PRODUCTION PSYCHOMETRIC CLAIMS
SP09,8,B037,SE05-V21,SE05,9f61f9a2d2dbe5ca947e516e28162143c9ec22bccf188cf2073edf02150424ad,true,AI-REVISED CANDIDATE ITEM BANK ONLY | NOT HUMAN-REVIEWED | NOT PSYCHOMETRICALLY VALIDATED | NOT A CLINICAL OR PSYCHOLOGICAL DIAGNOSIS | NOT READY FOR PRODUCTION PSYCHOMETRIC CLAIMS
SP09,9,B016,HS06-V21-B,HS06,9f61f9a2d2dbe5ca947e516e28162143c9ec22bccf188cf2073edf02150424ad,true,AI-REVISED CANDIDATE ITEM BANK ONLY | NOT HUMAN-REVIEWED | NOT PSYCHOMETRICALLY VALIDATED | NOT A CLINICAL OR PSYCHOLOGICAL DIAGNOSIS | NOT READY FOR PRODUCTION PSYCHOMETRIC CLAIMS
SP09,10,B024,RR04-V21-B,RR04,9f61f9a2d2dbe5ca947e516e28162143c9ec22bccf188cf2073edf02150424ad,true,AI-REVISED CANDIDATE ITEM BANK ONLY | NOT HUMAN-REVIEWED | NOT PSYCHOMETRICALLY VALIDATED | NOT A CLINICAL OR PSYCHOLOGICAL DIAGNOSIS | NOT READY FOR PRODUCTION PSYCHOMETRIC CLAIMS
SP09,11,B004,UC06-V21,UC06,9f61f9a2d2dbe5ca947e516e28162143c9ec22bccf188cf2073edf02150424ad,true,AI-REVISED CANDIDATE ITEM BANK ONLY | NOT HUMAN-REVIEWED | NOT PSYCHOMETRICALLY VALIDATED | NOT A CLINICAL OR PSYCHOLOGICAL DIAGNOSIS | NOT READY FOR PRODUCTION PSYCHOMETRIC CLAIMS
SP10,1,B028,UC04-V21,UC04,2ac7cd9c438e6e69853bf00c6293d3e5fd770e6a29aa11eef3df9bbce7aaf0aa,true,AI-REVISED CANDIDATE ITEM BANK ONLY | NOT HUMAN-REVIEWED | NOT PSYCHOMETRICALLY VALIDATED | NOT A CLINICAL OR PSYCHOLOGICAL DIAGNOSIS | NOT READY FOR PRODUCTION PSYCHOMETRIC CLAIMS
SP10,2,B008,RR06-V21,RR06,2ac7cd9c438e6e69853bf00c6293d3e5fd770e6a29aa11eef3df9bbce7aaf0aa,true,AI-REVISED CANDIDATE ITEM BANK ONLY | NOT HUMAN-REVIEWED | NOT PSYCHOMETRICALLY VALIDATED | NOT A CLINICAL OR PSYCHOLOGICAL DIAGNOSIS | NOT READY FOR PRODUCTION PSYCHOMETRIC CLAIMS
SP10,3,B031,HS01-V21,HS01,2ac7cd9c438e6e69853bf00c6293d3e5fd770e6a29aa11eef3df9bbce7aaf0aa,true,AI-REVISED CANDIDATE ITEM BANK ONLY | NOT HUMAN-REVIEWED | NOT PSYCHOMETRICALLY VALIDATED | NOT A CLINICAL OR PSYCHOLOGICAL DIAGNOSIS | NOT READY FOR PRODUCTION PSYCHOMETRIC CLAIMS
SP10,4,B037,SE05-V21,SE05,2ac7cd9c438e6e69853bf00c6293d3e5fd770e6a29aa11eef3df9bbce7aaf0aa,true,AI-REVISED CANDIDATE ITEM BANK ONLY | NOT HUMAN-REVIEWED | NOT PSYCHOMETRICALLY VALIDATED | NOT A CLINICAL OR PSYCHOLOGICAL DIAGNOSIS | NOT READY FOR PRODUCTION PSYCHOMETRIC CLAIMS
SP10,5,B019,IM03-V21-A,IM03,2ac7cd9c438e6e69853bf00c6293d3e5fd770e6a29aa11eef3df9bbce7aaf0aa,true,AI-REVISED CANDIDATE ITEM BANK ONLY | NOT HUMAN-REVIEWED | NOT PSYCHOMETRICALLY VALIDATED | NOT A CLINICAL OR PSYCHOLOGICAL DIAGNOSIS | NOT READY FOR PRODUCTION PSYCHOMETRIC CLAIMS
SP10,6,B021,SE01-V21,SE01,2ac7cd9c438e6e69853bf00c6293d3e5fd770e6a29aa11eef3df9bbce7aaf0aa,true,AI-REVISED CANDIDATE ITEM BANK ONLY | NOT HUMAN-REVIEWED | NOT PSYCHOMETRICALLY VALIDATED | NOT A CLINICAL OR PSYCHOLOGICAL DIAGNOSIS | NOT READY FOR PRODUCTION PSYCHOMETRIC CLAIMS
SP10,7,B033,HA01-V21,HA01,2ac7cd9c438e6e69853bf00c6293d3e5fd770e6a29aa11eef3df9bbce7aaf0aa,true,AI-REVISED CANDIDATE ITEM BANK ONLY | NOT HUMAN-REVIEWED | NOT PSYCHOMETRICALLY VALIDATED | NOT A CLINICAL OR PSYCHOLOGICAL DIAGNOSIS | NOT READY FOR PRODUCTION PSYCHOMETRIC CLAIMS
SP10,8,B005,EC06-V21,EC06,2ac7cd9c438e6e69853bf00c6293d3e5fd770e6a29aa11eef3df9bbce7aaf0aa,true,AI-REVISED CANDIDATE ITEM BANK ONLY | NOT HUMAN-REVIEWED | NOT PSYCHOMETRICALLY VALIDATED | NOT A CLINICAL OR PSYCHOLOGICAL DIAGNOSIS | NOT READY FOR PRODUCTION PSYCHOMETRIC CLAIMS
SP10,9,B034,HA02-V21-B,HA02,2ac7cd9c438e6e69853bf00c6293d3e5fd770e6a29aa11eef3df9bbce7aaf0aa,true,AI-REVISED CANDIDATE ITEM BANK ONLY | NOT HUMAN-REVIEWED | NOT PSYCHOMETRICALLY VALIDATED | NOT A CLINICAL OR PSYCHOLOGICAL DIAGNOSIS | NOT READY FOR PRODUCTION PSYCHOMETRIC CLAIMS
SP10,10,B007,EE06-V21-A,EE06,2ac7cd9c438e6e69853bf00c6293d3e5fd770e6a29aa11eef3df9bbce7aaf0aa,true,AI-REVISED CANDIDATE ITEM BANK ONLY | NOT HUMAN-REVIEWED | NOT PSYCHOMETRICALLY VALIDATED | NOT A CLINICAL OR PSYCHOLOGICAL DIAGNOSIS | NOT READY FOR PRODUCTION PSYCHOMETRIC CLAIMS
SP11,1,B025,HA05-V21,HA05,dee3a3f24b806a46d0c06b17c14a027612080ab5f4b9beb446b99ea3b9f082f4,true,AI-REVISED CANDIDATE ITEM BANK ONLY | NOT HUMAN-REVIEWED | NOT PSYCHOMETRICALLY VALIDATED | NOT A CLINICAL OR PSYCHOLOGICAL DIAGNOSIS | NOT READY FOR PRODUCTION PSYCHOMETRIC CLAIMS
SP11,2,B007,EE06-V21-A,EE06,dee3a3f24b806a46d0c06b17c14a027612080ab5f4b9beb446b99ea3b9f082f4,true,AI-REVISED CANDIDATE ITEM BANK ONLY | NOT HUMAN-REVIEWED | NOT PSYCHOMETRICALLY VALIDATED | NOT A CLINICAL OR PSYCHOLOGICAL DIAGNOSIS | NOT READY FOR PRODUCTION PSYCHOMETRIC CLAIMS
SP11,3,B016,HS06-V21-B,HS06,dee3a3f24b806a46d0c06b17c14a027612080ab5f4b9beb446b99ea3b9f082f4,true,AI-REVISED CANDIDATE ITEM BANK ONLY | NOT HUMAN-REVIEWED | NOT PSYCHOMETRICALLY VALIDATED | NOT A CLINICAL OR PSYCHOLOGICAL DIAGNOSIS | NOT READY FOR PRODUCTION PSYCHOMETRIC CLAIMS
SP11,4,B020,IM02-V21,IM02,dee3a3f24b806a46d0c06b17c14a027612080ab5f4b9beb446b99ea3b9f082f4,true,AI-REVISED CANDIDATE ITEM BANK ONLY | NOT HUMAN-REVIEWED | NOT PSYCHOMETRICALLY VALIDATED | NOT A CLINICAL OR PSYCHOLOGICAL DIAGNOSIS | NOT READY FOR PRODUCTION PSYCHOMETRIC CLAIMS
SP11,5,B028,UC04-V21,UC04,dee3a3f24b806a46d0c06b17c14a027612080ab5f4b9beb446b99ea3b9f082f4,true,AI-REVISED CANDIDATE ITEM BANK ONLY | NOT HUMAN-REVIEWED | NOT PSYCHOMETRICALLY VALIDATED | NOT A CLINICAL OR PSYCHOLOGICAL DIAGNOSIS | NOT READY FOR PRODUCTION PSYCHOMETRIC CLAIMS
SP11,6,B038,HS04-V21,HS04,dee3a3f24b806a46d0c06b17c14a027612080ab5f4b9beb446b99ea3b9f082f4,true,AI-REVISED CANDIDATE ITEM BANK ONLY | NOT HUMAN-REVIEWED | NOT PSYCHOMETRICALLY VALIDATED | NOT A CLINICAL OR PSYCHOLOGICAL DIAGNOSIS | NOT READY FOR PRODUCTION PSYCHOMETRIC CLAIMS
SP11,7,B036,EC04-V21,EC04,dee3a3f24b806a46d0c06b17c14a027612080ab5f4b9beb446b99ea3b9f082f4,true,AI-REVISED CANDIDATE ITEM BANK ONLY | NOT HUMAN-REVIEWED | NOT PSYCHOMETRICALLY VALIDATED | NOT A CLINICAL OR PSYCHOLOGICAL DIAGNOSIS | NOT READY FOR PRODUCTION PSYCHOMETRIC CLAIMS
SP11,8,B002,EE02-V21,EE02,dee3a3f24b806a46d0c06b17c14a027612080ab5f4b9beb446b99ea3b9f082f4,true,AI-REVISED CANDIDATE ITEM BANK ONLY | NOT HUMAN-REVIEWED | NOT PSYCHOMETRICALLY VALIDATED | NOT A CLINICAL OR PSYCHOLOGICAL DIAGNOSIS | NOT READY FOR PRODUCTION PSYCHOMETRIC CLAIMS
SP11,9,B006,SE06-V21-A,SE06,dee3a3f24b806a46d0c06b17c14a027612080ab5f4b9beb446b99ea3b9f082f4,true,AI-REVISED CANDIDATE ITEM BANK ONLY | NOT HUMAN-REVIEWED | NOT PSYCHOMETRICALLY VALIDATED | NOT A CLINICAL OR PSYCHOLOGICAL DIAGNOSIS | NOT READY FOR PRODUCTION PSYCHOMETRIC CLAIMS
SP11,10,B023,HA04-V21,HA04,dee3a3f24b806a46d0c06b17c14a027612080ab5f4b9beb446b99ea3b9f082f4,true,AI-REVISED CANDIDATE ITEM BANK ONLY | NOT HUMAN-REVIEWED | NOT PSYCHOMETRICALLY VALIDATED | NOT A CLINICAL OR PSYCHOLOGICAL DIAGNOSIS | NOT READY FOR PRODUCTION PSYCHOMETRIC CLAIMS
SP11,11,B012,RR04-V21-A,RR04,dee3a3f24b806a46d0c06b17c14a027612080ab5f4b9beb446b99ea3b9f082f4,true,AI-REVISED CANDIDATE ITEM BANK ONLY | NOT HUMAN-REVIEWED | NOT PSYCHOMETRICALLY VALIDATED | NOT A CLINICAL OR PSYCHOLOGICAL DIAGNOSIS | NOT READY FOR PRODUCTION PSYCHOMETRIC CLAIMS
SP12,1,B022,SE03-V21,SE03,12a750fbfaad4917c491edfd26bf79d4538ca932d17868a600be46ea08f886a1,true,AI-REVISED CANDIDATE ITEM BANK ONLY | NOT HUMAN-REVIEWED | NOT PSYCHOMETRICALLY VALIDATED | NOT A CLINICAL OR PSYCHOLOGICAL DIAGNOSIS | NOT READY FOR PRODUCTION PSYCHOMETRIC CLAIMS
SP12,2,B041,HS06-V21-A,HS06,12a750fbfaad4917c491edfd26bf79d4538ca932d17868a600be46ea08f886a1,true,AI-REVISED CANDIDATE ITEM BANK ONLY | NOT HUMAN-REVIEWED | NOT PSYCHOMETRICALLY VALIDATED | NOT A CLINICAL OR PSYCHOLOGICAL DIAGNOSIS | NOT READY FOR PRODUCTION PSYCHOMETRIC CLAIMS
SP12,3,B018,UC02-V21,UC02,12a750fbfaad4917c491edfd26bf79d4538ca932d17868a600be46ea08f886a1,true,AI-REVISED CANDIDATE ITEM BANK ONLY | NOT HUMAN-REVIEWED | NOT PSYCHOMETRICALLY VALIDATED | NOT A CLINICAL OR PSYCHOLOGICAL DIAGNOSIS | NOT READY FOR PRODUCTION PSYCHOMETRIC CLAIMS
SP12,4,B007,EE06-V21-A,EE06,12a750fbfaad4917c491edfd26bf79d4538ca932d17868a600be46ea08f886a1,true,AI-REVISED CANDIDATE ITEM BANK ONLY | NOT HUMAN-REVIEWED | NOT PSYCHOMETRICALLY VALIDATED | NOT A CLINICAL OR PSYCHOLOGICAL DIAGNOSIS | NOT READY FOR PRODUCTION PSYCHOMETRIC CLAIMS
SP12,5,B017,RR03-V21,RR03,12a750fbfaad4917c491edfd26bf79d4538ca932d17868a600be46ea08f886a1,true,AI-REVISED CANDIDATE ITEM BANK ONLY | NOT HUMAN-REVIEWED | NOT PSYCHOMETRICALLY VALIDATED | NOT A CLINICAL OR PSYCHOLOGICAL DIAGNOSIS | NOT READY FOR PRODUCTION PSYCHOMETRIC CLAIMS
SP12,6,B005,EC06-V21,EC06,12a750fbfaad4917c491edfd26bf79d4538ca932d17868a600be46ea08f886a1,true,AI-REVISED CANDIDATE ITEM BANK ONLY | NOT HUMAN-REVIEWED | NOT PSYCHOMETRICALLY VALIDATED | NOT A CLINICAL OR PSYCHOLOGICAL DIAGNOSIS | NOT READY FOR PRODUCTION PSYCHOMETRIC CLAIMS
SP12,7,B025,HA05-V21,HA05,12a750fbfaad4917c491edfd26bf79d4538ca932d17868a600be46ea08f886a1,true,AI-REVISED CANDIDATE ITEM BANK ONLY | NOT HUMAN-REVIEWED | NOT PSYCHOMETRICALLY VALIDATED | NOT A CLINICAL OR PSYCHOLOGICAL DIAGNOSIS | NOT READY FOR PRODUCTION PSYCHOMETRIC CLAIMS
SP12,8,B019,IM03-V21-A,IM03,12a750fbfaad4917c491edfd26bf79d4538ca932d17868a600be46ea08f886a1,true,AI-REVISED CANDIDATE ITEM BANK ONLY | NOT HUMAN-REVIEWED | NOT PSYCHOMETRICALLY VALIDATED | NOT A CLINICAL OR PSYCHOLOGICAL DIAGNOSIS | NOT READY FOR PRODUCTION PSYCHOMETRIC CLAIMS
SP12,9,B001,HS03-V21,HS03,12a750fbfaad4917c491edfd26bf79d4538ca932d17868a600be46ea08f886a1,true,AI-REVISED CANDIDATE ITEM BANK ONLY | NOT HUMAN-REVIEWED | NOT PSYCHOMETRICALLY VALIDATED | NOT A CLINICAL OR PSYCHOLOGICAL DIAGNOSIS | NOT READY FOR PRODUCTION PSYCHOMETRIC CLAIMS
SP12,10,B013,HA03-V21,HA03,12a750fbfaad4917c491edfd26bf79d4538ca932d17868a600be46ea08f886a1,true,AI-REVISED CANDIDATE ITEM BANK ONLY | NOT HUMAN-REVIEWED | NOT PSYCHOMETRICALLY VALIDATED | NOT A CLINICAL OR PSYCHOLOGICAL DIAGNOSIS | NOT READY FOR PRODUCTION PSYCHOMETRIC CLAIMS
SP12,11,B021,SE01-V21,SE01,12a750fbfaad4917c491edfd26bf79d4538ca932d17868a600be46ea08f886a1,true,AI-REVISED CANDIDATE ITEM BANK ONLY | NOT HUMAN-REVIEWED | NOT PSYCHOMETRICALLY VALIDATED | NOT A CLINICAL OR PSYCHOLOGICAL DIAGNOSIS | NOT READY FOR PRODUCTION PSYCHOMETRIC CLAIMS
SP13,1,B001,HS03-V21,HS03,43869c7a1d960b0fff5b056699b0f24816893768a3f18ea85c7bd9967d120318,true,AI-REVISED CANDIDATE ITEM BANK ONLY | NOT HUMAN-REVIEWED | NOT PSYCHOMETRICALLY VALIDATED | NOT A CLINICAL OR PSYCHOLOGICAL DIAGNOSIS | NOT READY FOR PRODUCTION PSYCHOMETRIC CLAIMS
SP13,2,B004,UC06-V21,UC06,43869c7a1d960b0fff5b056699b0f24816893768a3f18ea85c7bd9967d120318,true,AI-REVISED CANDIDATE ITEM BANK ONLY | NOT HUMAN-REVIEWED | NOT PSYCHOMETRICALLY VALIDATED | NOT A CLINICAL OR PSYCHOLOGICAL DIAGNOSIS | NOT READY FOR PRODUCTION PSYCHOMETRIC CLAIMS
SP13,3,B030,IM05-V21,IM05,43869c7a1d960b0fff5b056699b0f24816893768a3f18ea85c7bd9967d120318,true,AI-REVISED CANDIDATE ITEM BANK ONLY | NOT HUMAN-REVIEWED | NOT PSYCHOMETRICALLY VALIDATED | NOT A CLINICAL OR PSYCHOLOGICAL DIAGNOSIS | NOT READY FOR PRODUCTION PSYCHOMETRIC CLAIMS
SP13,4,B036,EC04-V21,EC04,43869c7a1d960b0fff5b056699b0f24816893768a3f18ea85c7bd9967d120318,true,AI-REVISED CANDIDATE ITEM BANK ONLY | NOT HUMAN-REVIEWED | NOT PSYCHOMETRICALLY VALIDATED | NOT A CLINICAL OR PSYCHOLOGICAL DIAGNOSIS | NOT READY FOR PRODUCTION PSYCHOMETRIC CLAIMS
SP13,5,B015,AC02-V21-B,AC02,43869c7a1d960b0fff5b056699b0f24816893768a3f18ea85c7bd9967d120318,true,AI-REVISED CANDIDATE ITEM BANK ONLY | NOT HUMAN-REVIEWED | NOT PSYCHOMETRICALLY VALIDATED | NOT A CLINICAL OR PSYCHOLOGICAL DIAGNOSIS | NOT READY FOR PRODUCTION PSYCHOMETRIC CLAIMS
SP13,6,B038,HS04-V21,HS04,43869c7a1d960b0fff5b056699b0f24816893768a3f18ea85c7bd9967d120318,true,AI-REVISED CANDIDATE ITEM BANK ONLY | NOT HUMAN-REVIEWED | NOT PSYCHOMETRICALLY VALIDATED | NOT A CLINICAL OR PSYCHOLOGICAL DIAGNOSIS | NOT READY FOR PRODUCTION PSYCHOMETRIC CLAIMS
SP13,7,B024,RR04-V21-B,RR04,43869c7a1d960b0fff5b056699b0f24816893768a3f18ea85c7bd9967d120318,true,AI-REVISED CANDIDATE ITEM BANK ONLY | NOT HUMAN-REVIEWED | NOT PSYCHOMETRICALLY VALIDATED | NOT A CLINICAL OR PSYCHOLOGICAL DIAGNOSIS | NOT READY FOR PRODUCTION PSYCHOMETRIC CLAIMS
SP13,8,B042,HA02-V21-A,HA02,43869c7a1d960b0fff5b056699b0f24816893768a3f18ea85c7bd9967d120318,true,AI-REVISED CANDIDATE ITEM BANK ONLY | NOT HUMAN-REVIEWED | NOT PSYCHOMETRICALLY VALIDATED | NOT A CLINICAL OR PSYCHOLOGICAL DIAGNOSIS | NOT READY FOR PRODUCTION PSYCHOMETRIC CLAIMS
SP13,9,B032,SE06-V21-B,SE06,43869c7a1d960b0fff5b056699b0f24816893768a3f18ea85c7bd9967d120318,true,AI-REVISED CANDIDATE ITEM BANK ONLY | NOT HUMAN-REVIEWED | NOT PSYCHOMETRICALLY VALIDATED | NOT A CLINICAL OR PSYCHOLOGICAL DIAGNOSIS | NOT READY FOR PRODUCTION PSYCHOMETRIC CLAIMS
SP13,10,B013,HA03-V21,HA03,43869c7a1d960b0fff5b056699b0f24816893768a3f18ea85c7bd9967d120318,true,AI-REVISED CANDIDATE ITEM BANK ONLY | NOT HUMAN-REVIEWED | NOT PSYCHOMETRICALLY VALIDATED | NOT A CLINICAL OR PSYCHOLOGICAL DIAGNOSIS | NOT READY FOR PRODUCTION PSYCHOMETRIC CLAIMS
SP13,11,B026,SE02-V21,SE02,43869c7a1d960b0fff5b056699b0f24816893768a3f18ea85c7bd9967d120318,true,AI-REVISED CANDIDATE ITEM BANK ONLY | NOT HUMAN-REVIEWED | NOT PSYCHOMETRICALLY VALIDATED | NOT A CLINICAL OR PSYCHOLOGICAL DIAGNOSIS | NOT READY FOR PRODUCTION PSYCHOMETRIC CLAIMS
SP14,1,B012,RR04-V21-A,RR04,65ea4896ee2849c153f10bed752cc84ab1a8bcc0ae43bfc3fe31bcd42b689f64,true,AI-REVISED CANDIDATE ITEM BANK ONLY | NOT HUMAN-REVIEWED | NOT PSYCHOMETRICALLY VALIDATED | NOT A CLINICAL OR PSYCHOLOGICAL DIAGNOSIS | NOT READY FOR PRODUCTION PSYCHOMETRIC CLAIMS
SP14,2,B020,IM02-V21,IM02,65ea4896ee2849c153f10bed752cc84ab1a8bcc0ae43bfc3fe31bcd42b689f64,true,AI-REVISED CANDIDATE ITEM BANK ONLY | NOT HUMAN-REVIEWED | NOT PSYCHOMETRICALLY VALIDATED | NOT A CLINICAL OR PSYCHOLOGICAL DIAGNOSIS | NOT READY FOR PRODUCTION PSYCHOMETRIC CLAIMS
SP14,3,B030,IM05-V21,IM05,65ea4896ee2849c153f10bed752cc84ab1a8bcc0ae43bfc3fe31bcd42b689f64,true,AI-REVISED CANDIDATE ITEM BANK ONLY | NOT HUMAN-REVIEWED | NOT PSYCHOMETRICALLY VALIDATED | NOT A CLINICAL OR PSYCHOLOGICAL DIAGNOSIS | NOT READY FOR PRODUCTION PSYCHOMETRIC CLAIMS
SP14,4,B017,RR03-V21,RR03,65ea4896ee2849c153f10bed752cc84ab1a8bcc0ae43bfc3fe31bcd42b689f64,true,AI-REVISED CANDIDATE ITEM BANK ONLY | NOT HUMAN-REVIEWED | NOT PSYCHOMETRICALLY VALIDATED | NOT A CLINICAL OR PSYCHOLOGICAL DIAGNOSIS | NOT READY FOR PRODUCTION PSYCHOMETRIC CLAIMS
SP14,5,B010,BI06-V21,BI06,65ea4896ee2849c153f10bed752cc84ab1a8bcc0ae43bfc3fe31bcd42b689f64,true,AI-REVISED CANDIDATE ITEM BANK ONLY | NOT HUMAN-REVIEWED | NOT PSYCHOMETRICALLY VALIDATED | NOT A CLINICAL OR PSYCHOLOGICAL DIAGNOSIS | NOT READY FOR PRODUCTION PSYCHOMETRIC CLAIMS
SP14,6,B029,BI04-V21,BI04,65ea4896ee2849c153f10bed752cc84ab1a8bcc0ae43bfc3fe31bcd42b689f64,true,AI-REVISED CANDIDATE ITEM BANK ONLY | NOT HUMAN-REVIEWED | NOT PSYCHOMETRICALLY VALIDATED | NOT A CLINICAL OR PSYCHOLOGICAL DIAGNOSIS | NOT READY FOR PRODUCTION PSYCHOMETRIC CLAIMS
SP14,7,B022,SE03-V21,SE03,65ea4896ee2849c153f10bed752cc84ab1a8bcc0ae43bfc3fe31bcd42b689f64,true,AI-REVISED CANDIDATE ITEM BANK ONLY | NOT HUMAN-REVIEWED | NOT PSYCHOMETRICALLY VALIDATED | NOT A CLINICAL OR PSYCHOLOGICAL DIAGNOSIS | NOT READY FOR PRODUCTION PSYCHOMETRIC CLAIMS
SP14,8,B042,HA02-V21-A,HA02,65ea4896ee2849c153f10bed752cc84ab1a8bcc0ae43bfc3fe31bcd42b689f64,true,AI-REVISED CANDIDATE ITEM BANK ONLY | NOT HUMAN-REVIEWED | NOT PSYCHOMETRICALLY VALIDATED | NOT A CLINICAL OR PSYCHOLOGICAL DIAGNOSIS | NOT READY FOR PRODUCTION PSYCHOMETRIC CLAIMS
SP14,9,B015,AC02-V21-B,AC02,65ea4896ee2849c153f10bed752cc84ab1a8bcc0ae43bfc3fe31bcd42b689f64,true,AI-REVISED CANDIDATE ITEM BANK ONLY | NOT HUMAN-REVIEWED | NOT PSYCHOMETRICALLY VALIDATED | NOT A CLINICAL OR PSYCHOLOGICAL DIAGNOSIS | NOT READY FOR PRODUCTION PSYCHOMETRIC CLAIMS
SP14,10,B031,HS01-V21,HS01,65ea4896ee2849c153f10bed752cc84ab1a8bcc0ae43bfc3fe31bcd42b689f64,true,AI-REVISED CANDIDATE ITEM BANK ONLY | NOT HUMAN-REVIEWED | NOT PSYCHOMETRICALLY VALIDATED | NOT A CLINICAL OR PSYCHOLOGICAL DIAGNOSIS | NOT READY FOR PRODUCTION PSYCHOMETRIC CLAIMS
SP14,11,B040,HA06-V21,HA06,65ea4896ee2849c153f10bed752cc84ab1a8bcc0ae43bfc3fe31bcd42b689f64,true,AI-REVISED CANDIDATE ITEM BANK ONLY | NOT HUMAN-REVIEWED | NOT PSYCHOMETRICALLY VALIDATED | NOT A CLINICAL OR PSYCHOLOGICAL DIAGNOSIS | NOT READY FOR PRODUCTION PSYCHOMETRIC CLAIMS
SP15,1,B019,IM03-V21-A,IM03,842319b9188901fd52f01d228fd93a8cf24709ef8d3fda0873348a62c6a68e34,true,AI-REVISED CANDIDATE ITEM BANK ONLY | NOT HUMAN-REVIEWED | NOT PSYCHOMETRICALLY VALIDATED | NOT A CLINICAL OR PSYCHOLOGICAL DIAGNOSIS | NOT READY FOR PRODUCTION PSYCHOMETRIC CLAIMS
SP15,2,B005,EC06-V21,EC06,842319b9188901fd52f01d228fd93a8cf24709ef8d3fda0873348a62c6a68e34,true,AI-REVISED CANDIDATE ITEM BANK ONLY | NOT HUMAN-REVIEWED | NOT PSYCHOMETRICALLY VALIDATED | NOT A CLINICAL OR PSYCHOLOGICAL DIAGNOSIS | NOT READY FOR PRODUCTION PSYCHOMETRIC CLAIMS
SP15,3,B001,HS03-V21,HS03,842319b9188901fd52f01d228fd93a8cf24709ef8d3fda0873348a62c6a68e34,true,AI-REVISED CANDIDATE ITEM BANK ONLY | NOT HUMAN-REVIEWED | NOT PSYCHOMETRICALLY VALIDATED | NOT A CLINICAL OR PSYCHOLOGICAL DIAGNOSIS | NOT READY FOR PRODUCTION PSYCHOMETRIC CLAIMS
SP15,4,B010,BI06-V21,BI06,842319b9188901fd52f01d228fd93a8cf24709ef8d3fda0873348a62c6a68e34,true,AI-REVISED CANDIDATE ITEM BANK ONLY | NOT HUMAN-REVIEWED | NOT PSYCHOMETRICALLY VALIDATED | NOT A CLINICAL OR PSYCHOLOGICAL DIAGNOSIS | NOT READY FOR PRODUCTION PSYCHOMETRIC CLAIMS
SP15,5,B022,SE03-V21,SE03,842319b9188901fd52f01d228fd93a8cf24709ef8d3fda0873348a62c6a68e34,true,AI-REVISED CANDIDATE ITEM BANK ONLY | NOT HUMAN-REVIEWED | NOT PSYCHOMETRICALLY VALIDATED | NOT A CLINICAL OR PSYCHOLOGICAL DIAGNOSIS | NOT READY FOR PRODUCTION PSYCHOMETRIC CLAIMS
SP15,6,B003,EE06-V21-B,EE06,842319b9188901fd52f01d228fd93a8cf24709ef8d3fda0873348a62c6a68e34,true,AI-REVISED CANDIDATE ITEM BANK ONLY | NOT HUMAN-REVIEWED | NOT PSYCHOMETRICALLY VALIDATED | NOT A CLINICAL OR PSYCHOLOGICAL DIAGNOSIS | NOT READY FOR PRODUCTION PSYCHOMETRIC CLAIMS
SP15,7,B034,HA02-V21-B,HA02,842319b9188901fd52f01d228fd93a8cf24709ef8d3fda0873348a62c6a68e34,true,AI-REVISED CANDIDATE ITEM BANK ONLY | NOT HUMAN-REVIEWED | NOT PSYCHOMETRICALLY VALIDATED | NOT A CLINICAL OR PSYCHOLOGICAL DIAGNOSIS | NOT READY FOR PRODUCTION PSYCHOMETRIC CLAIMS
SP15,8,B011,RR01-V21,RR01,842319b9188901fd52f01d228fd93a8cf24709ef8d3fda0873348a62c6a68e34,true,AI-REVISED CANDIDATE ITEM BANK ONLY | NOT HUMAN-REVIEWED | NOT PSYCHOMETRICALLY VALIDATED | NOT A CLINICAL OR PSYCHOLOGICAL DIAGNOSIS | NOT READY FOR PRODUCTION PSYCHOMETRIC CLAIMS
SP15,9,B026,SE02-V21,SE02,842319b9188901fd52f01d228fd93a8cf24709ef8d3fda0873348a62c6a68e34,true,AI-REVISED CANDIDATE ITEM BANK ONLY | NOT HUMAN-REVIEWED | NOT PSYCHOMETRICALLY VALIDATED | NOT A CLINICAL OR PSYCHOLOGICAL DIAGNOSIS | NOT READY FOR PRODUCTION PSYCHOMETRIC CLAIMS
SP15,10,B004,UC06-V21,UC06,842319b9188901fd52f01d228fd93a8cf24709ef8d3fda0873348a62c6a68e34,true,AI-REVISED CANDIDATE ITEM BANK ONLY | NOT HUMAN-REVIEWED | NOT PSYCHOMETRICALLY VALIDATED | NOT A CLINICAL OR PSYCHOLOGICAL DIAGNOSIS | NOT READY FOR PRODUCTION PSYCHOMETRIC CLAIMS
SP16,1,B035,IM03-V21-B,IM03,72a31f17c8c42770bcffb30ed912e9b5146c5702b44064f04b0ad63cc533b2c6,true,AI-REVISED CANDIDATE ITEM BANK ONLY | NOT HUMAN-REVIEWED | NOT PSYCHOMETRICALLY VALIDATED | NOT A CLINICAL OR PSYCHOLOGICAL DIAGNOSIS | NOT READY FOR PRODUCTION PSYCHOMETRIC CLAIMS
SP16,2,B002,EE02-V21,EE02,72a31f17c8c42770bcffb30ed912e9b5146c5702b44064f04b0ad63cc533b2c6,true,AI-REVISED CANDIDATE ITEM BANK ONLY | NOT HUMAN-REVIEWED | NOT PSYCHOMETRICALLY VALIDATED | NOT A CLINICAL OR PSYCHOLOGICAL DIAGNOSIS | NOT READY FOR PRODUCTION PSYCHOMETRIC CLAIMS
SP16,3,B028,UC04-V21,UC04,72a31f17c8c42770bcffb30ed912e9b5146c5702b44064f04b0ad63cc533b2c6,true,AI-REVISED CANDIDATE ITEM BANK ONLY | NOT HUMAN-REVIEWED | NOT PSYCHOMETRICALLY VALIDATED | NOT A CLINICAL OR PSYCHOLOGICAL DIAGNOSIS | NOT READY FOR PRODUCTION PSYCHOMETRIC CLAIMS
SP16,4,B037,SE05-V21,SE05,72a31f17c8c42770bcffb30ed912e9b5146c5702b44064f04b0ad63cc533b2c6,true,AI-REVISED CANDIDATE ITEM BANK ONLY | NOT HUMAN-REVIEWED | NOT PSYCHOMETRICALLY VALIDATED | NOT A CLINICAL OR PSYCHOLOGICAL DIAGNOSIS | NOT READY FOR PRODUCTION PSYCHOMETRIC CLAIMS
SP16,5,B003,EE06-V21-B,EE06,72a31f17c8c42770bcffb30ed912e9b5146c5702b44064f04b0ad63cc533b2c6,true,AI-REVISED CANDIDATE ITEM BANK ONLY | NOT HUMAN-REVIEWED | NOT PSYCHOMETRICALLY VALIDATED | NOT A CLINICAL OR PSYCHOLOGICAL DIAGNOSIS | NOT READY FOR PRODUCTION PSYCHOMETRIC CLAIMS
SP16,6,B042,HA02-V21-A,HA02,72a31f17c8c42770bcffb30ed912e9b5146c5702b44064f04b0ad63cc533b2c6,true,AI-REVISED CANDIDATE ITEM BANK ONLY | NOT HUMAN-REVIEWED | NOT PSYCHOMETRICALLY VALIDATED | NOT A CLINICAL OR PSYCHOLOGICAL DIAGNOSIS | NOT READY FOR PRODUCTION PSYCHOMETRIC CLAIMS
SP16,7,B029,BI04-V21,BI04,72a31f17c8c42770bcffb30ed912e9b5146c5702b44064f04b0ad63cc533b2c6,true,AI-REVISED CANDIDATE ITEM BANK ONLY | NOT HUMAN-REVIEWED | NOT PSYCHOMETRICALLY VALIDATED | NOT A CLINICAL OR PSYCHOLOGICAL DIAGNOSIS | NOT READY FOR PRODUCTION PSYCHOMETRIC CLAIMS
SP16,8,B038,HS04-V21,HS04,72a31f17c8c42770bcffb30ed912e9b5146c5702b44064f04b0ad63cc533b2c6,true,AI-REVISED CANDIDATE ITEM BANK ONLY | NOT HUMAN-REVIEWED | NOT PSYCHOMETRICALLY VALIDATED | NOT A CLINICAL OR PSYCHOLOGICAL DIAGNOSIS | NOT READY FOR PRODUCTION PSYCHOMETRIC CLAIMS
SP16,9,B008,RR06-V21,RR06,72a31f17c8c42770bcffb30ed912e9b5146c5702b44064f04b0ad63cc533b2c6,true,AI-REVISED CANDIDATE ITEM BANK ONLY | NOT HUMAN-REVIEWED | NOT PSYCHOMETRICALLY VALIDATED | NOT A CLINICAL OR PSYCHOLOGICAL DIAGNOSIS | NOT READY FOR PRODUCTION PSYCHOMETRIC CLAIMS
SP16,10,B039,SE04-V21,SE04,72a31f17c8c42770bcffb30ed912e9b5146c5702b44064f04b0ad63cc533b2c6,true,AI-REVISED CANDIDATE ITEM BANK ONLY | NOT HUMAN-REVIEWED | NOT PSYCHOMETRICALLY VALIDATED | NOT A CLINICAL OR PSYCHOLOGICAL DIAGNOSIS | NOT READY FOR PRODUCTION PSYCHOMETRIC CLAIMS
