construct_a,construct_b,conceptual_overlap,discriminating_feature,likely_item_cross_loading,report_confusion_risk,validation_test_needed,preliminary_recommendation
emotional_eating,external_cue_reactivity,"Both can increase eating desire without physical hunger.","Emotional eating is affect-contingent; external reactivity is food-cue/thought-contingent.","EE01/EE03 may load with cue items when stress or boredom contexts contain food.","Moderate: both may be reported as triggers.","Correlated-factor CFA/ESEM; latent correlation; event-level trigger discrimination; convergent/discriminant comparators","Keep separate as a hypothesis; do not merge without evidence."
emotional_eating,uncontrolled_eating,"Emotion may initiate episodes that later feel hard to stop.","Emotional eating concerns antecedent affect; uncontrolled eating concerns subjective control after initiation.","EE behavior items with UC01/UC05, especially under stress.","High: report could confuse why eating starts with ability to stop.","ESEM; event-level temporal ordering; incremental validity; diagnostic non-equivalence review","Keep separate; explicitly distinguish antecedent from control."
emotional_eating,restrictive_rebound,"Distress and rigid-rule violation can both precede increased eating.","Emotional eating is affect-regulation; restrictive rebound requires inflexible rules/deviation appraisal.","EE05 with RR04 if rule violation creates distress.","Moderate.","Factor correlations; scenario-based cognitive interviews; longitudinal event analysis","Keep separate; test whether rebound is mediated by affect."
emotional_eating,hunger_satiety_awareness,"Both involve distinguishing affective urge from physical hunger.","EE is affect-linked action/desire; HS is access to internal signals.","HS02 with EE01/EE04.","Moderate: unclear hunger could be described as emotional eating.","CFA/ESEM; hunger-discrimination task or diary; discriminant comparator","Keep separate and avoid causal report language."
emotional_eating,eating_self_efficacy,"Confidence may be lower in emotional situations.","EE measures behavior/desire; SE measures perceived capability.","SE01 with EE01/EE05; inverse wording association expected.","High if low confidence is reported as actual emotional eating.","Multitrait-multimethod model; latent correlation; prospective behavior criterion","Keep separate; report behavior and confidence distinctly."
emotional_eating,habit_automaticity,"Affect can become a recurring cue for automatic eating.","EE requires affect trigger; HA requires low deliberation/repeated context.","EE03/EE05 with HA01/HA03.","Moderate.","Event-level mediation/moderation; ESEM; prospective diary","Keep separate; automaticity is mechanism hypothesis only."
emotional_eating,body_image_avoidance,"Body-related distress can prompt avoidance or eating-related coping.","EE outcome is eating; BI outcome is avoidance of body-salient situations.","EE02/EE05 with BI04/BI06 via general distress.","Moderate; risk of stigmatizing causal story.","Discriminant measures of distress/social anxiety; CFA/ESEM","Keep separate; never infer body distress causes eating."
emotional_eating,implementation_maintenance_friction,"Stress may disrupt plan execution.","EE is eating in affective states; IM is action-plan initiation/repetition/resumption.","EE01 with IM04 during stressful schedule change.","Moderate.","Latent discriminant validity; context-adjusted prospective adherence model","Keep separate; treat stress exposure as context."
external_cue_reactivity,uncontrolled_eating,"Cues may initiate eating that becomes hard to stop.","EC concerns attention/initiation due to cues; UC concerns control/continuation.","EC03 with UC05; EC05 with UC04.","High: cue-triggered eating can be mislabeled loss of control.","ESEM; temporal diary; incremental validity of each factor","Keep separate if antecedent-versus-continuation distinction survives."
external_cue_reactivity,restrictive_rebound,"Restricted foods may become more salient as external cues.","EC does not require rules; RR requires rigid rules and deviation response.","EC01/EC05 with RR02.","Moderate.","Factor model; manipulation/diary evidence; restraint comparator","Keep separate; do not assume restriction created cue reactivity."
external_cue_reactivity,hunger_satiety_awareness,"Both compare external desire with internal hunger/fullness signals.","EC is external attentional pull; HS is perception/use of internal cues.","EC01 hunger qualifier with HS02; EC06 with HS awareness.","High due to shared hunger wording.","Bifactor/ESEM; local-dependence checks; diary validation","Keep separate; reduce shared wording if local dependence is high."
external_cue_reactivity,eating_self_efficacy,"Confidence may be lower when food is visible/available.","EC measures reactivity/behavior; SE measures confidence.","EC03 with SE04 in opposite directions.","High if report treats low confidence as cue response.","MTMM; prospective cue-exposure behavior; discriminant validity","Keep separate; preserve different response scales."
external_cue_reactivity,habit_automaticity,"Recurring external cues can trigger automatic sequences.","EC includes attention/desire; HA includes low deliberation and learned sequence.","EC03/EC04 with HA01/HA04.","Very high.","ESEM; nested factor alternatives; prospective cue-action timing; incremental prediction","Key scientific decision; keep separate until factor and criterion evidence."
external_cue_reactivity,body_image_avoidance,"Both may involve avoidance, but of different stimuli.","EC concerns food attention; BI concerns avoiding body-salient activities.","Low, except general avoidance response style.","Low.","CFA discriminant validity; HTMT as descriptive aid; response-style factor","Keep separate."
external_cue_reactivity,implementation_maintenance_friction,"Cue-rich environments can disrupt plan implementation.","EC is reactivity; IM is plan architecture/repeatability.","EC03 with IM04/IM06.","Moderate.","Context-adjusted prospective adherence; latent discriminant validity","Keep separate; context exposure must not inflate IM score."
uncontrolled_eating,restrictive_rebound,"A rigid-rule deviation may be followed by subjective loss of control.","UC can occur without rules; RR requires rule rigidity and rebound appraisal.","UC04/UC05 with RR04.","Very high.","ESEM; event-level sequence; alternative higher-order/bifactor models","Keep separate as hypothesized sequence; no automatic merge."
uncontrolled_eating,hunger_satiety_awareness,"Difficulty noticing/using fullness may accompany difficulty stopping.","UC is subjective control; HS is signal perception/use.","UC03 with HS04/HS05; UC01 with HS06.","Very high.","Local-dependence review; ESEM; external interoception/behavior criteria","Rewrite shared satiety wording before testing; keep constructs provisionally separate."
uncontrolled_eating,eating_self_efficacy,"Past control difficulty may lower perceived capability.","UC is experienced behavior; SE is confidence about future/situational ability.","UC01/UC05 with SE05.","High.","MTMM; prospective behavior; temporal separation","Keep separate; distinguish experience from expectancy in reports."
uncontrolled_eating,habit_automaticity,"Low-awareness initiation may feel uncontrolled.","UC focuses difficulty stopping/amount; HA focuses automatic initiation/sequence.","UC05 with HA03; UC04 with HA04.","High.","ESEM; item-level temporal facets; prospective observation","Keep separate only if initiation-versus-continuation factors are recoverable."
uncontrolled_eating,body_image_avoidance,"Both can be consequences/correlates of eating-related distress.","Behavioral domains differ: eating control versus body-salient avoidance.","General shame response style could cross-load UC04 and BI items.","Moderate reporting stigma risk.","Method-factor model; distress/social desirability measures; discriminant validity","Keep separate and avoid shared shame language."
uncontrolled_eating,implementation_maintenance_friction,"Uncontrolled episodes may interrupt maintenance; poor fallback may affect resumption.","UC measures eating control; IM measures plan execution architecture.","UC05 with IM04 after disruption.","Moderate.","Prospective adherence model controlling schedule/context; CFA/ESEM","Keep separate; do not report implementation failure as loss of control."
restrictive_rebound,hunger_satiety_awareness,"Rigid rules can override internal signals.","RR requires rule rigidity; HS measures signal clarity/use independent of rules.","RR02 with HS06.","Moderate.","Factor model; diary of rule use and signals; discriminant comparator","Keep separate; relationship is an unvalidated hypothesis."
restrictive_rebound,eating_self_efficacy,"Rigid deviations may reduce confidence in recovery.","RR measures rules/rebound; SE measures confidence.","RR06 with SE05; RR04 inverse with SE05.","Very high for recovery items.","ESEM/MTMM; item residuals; prospective lapse-resumption criterion","Retain conceptual separation but consider removing redundant recovery wording after evidence."
restrictive_rebound,habit_automaticity,"Rigid plans and automatic behavior can conflict.","RR is rule appraisal; HA is low deliberation/repetition.","RR04 with HA03 during lapse.","Moderate.","CFA/ESEM; prospective rule-cue diary","Keep separate."
restrictive_rebound,body_image_avoidance,"Body-related discomfort may motivate rigid attempts; both involve shame risk.","RR is eating-rule rigidity/rebound; BI is avoidance due to body appearance.","RR03/RR05 with BI04 through negative self-evaluation.","High report-confusion and stigma risk.","Discriminant distress/body-image comparators; longitudinal ordering; ESEM","Keep separate; do not infer appearance concern causes restraint."
restrictive_rebound,implementation_maintenance_friction,"Rigid plans may be hard to implement and collapse after disruption.","RR requires inflexible rules/evaluation; IM concerns setup, clarity, fallback, repetition regardless of rigidity.","RR01/RR04/RR06 with IM04/IM05.","Very high.","Competing factor models; ESEM; prospective deviation versus logistical disruption criteria","Key scientific decision; keep separate pending evidence and reduce shared resumption wording."
hunger_satiety_awareness,eating_self_efficacy,"Confidence may depend on ability to notice internal cues.","HS measures perception/use; SE measures confidence across situations.","HS02/HS04 with general SE, limited direct wording overlap.","Moderate.","MTMM; latent discriminant validity; prospective signal-use task","Keep separate."
hunger_satiety_awareness,habit_automaticity,"Automatic action may begin before internal signals are checked.","HS is signal awareness; HA is low deliberation in context.","HS02 with HA03/HA06.","Moderate.","Event-level timing; ESEM; criterion diary","Keep separate; interaction remains hypothesis-only."
hunger_satiety_awareness,body_image_avoidance,"Body awareness and appearance avoidance both mention the body but are conceptually distinct.","HS concerns internal hunger/fullness; BI concerns appearance-related participation.","Low semantic cross-loading if wording remains specific.","Moderate lay-report confusion around 'body awareness'.","CFA discriminant validity; cognitive interview terminology test","Keep separate and use distinct public labels."
hunger_satiety_awareness,implementation_maintenance_friction,"Unclear signals may complicate meal planning.","HS is internal perception; IM is action design and repeatability.","HS06 with IM01 if decisions are unclear.","Moderate.","Factor model; context-adjusted prospective planning criterion","Keep separate; revise HS06."
eating_self_efficacy,habit_automaticity,"Automatic behavior can weaken intention/confidence-behavior correspondence.","SE is perceived capability; HA is low-deliberation process.","SE04 with HA01/HA06.","High if confidence is interpreted as actual control.","MTMM; prospective moderated intention-behavior model; ESEM","Keep separate and test interaction only after main effects."
eating_self_efficacy,body_image_avoidance,"Avoidance can reduce mastery opportunities and confidence in visible situations.","SE is eating-specific confidence; BI is appearance-related avoidance.","SE03 with BI04/BI06.","Moderate.","Domain-specific self-efficacy comparator; social-anxiety control; CFA/ESEM","Keep separate; ensure SE remains eating-specific."
eating_self_efficacy,implementation_maintenance_friction,"Confidence and practical ability to execute/resume a plan are closely linked.","SE is belief in capability; IM is observed difficulty/plan architecture.","SE05/SE06 with IM03/IM05; strongest likely cross-loading.","Very high.","MTMM; prospective behavior; competing factor/higher-order models; temporal separation","Key scientific decision; retain distinct response formats and test rigorously."
habit_automaticity,body_image_avoidance,"Both can reduce deliberate choice, but in different behavioral domains.","HA concerns automatic eating actions; BI concerns appearance-based avoidance.","Low except general response style.","Low.","CFA discriminant validity; response-style sensitivity","Keep separate."
habit_automaticity,implementation_maintenance_friction,"Stable cues and repetition are central to both habit and maintenance.","HA measures automaticity of existing eating action; IM measures difficulty implementing intended actions.","HA02/HA06 with IM05/IM06.","High.","ESEM; behavior-specific anchors; prospective habit/adherence criteria","Keep separate by clearly naming target behavior and direction."
body_image_avoidance,implementation_maintenance_friction,"Avoidance may look like failure to implement movement/social plans.","BI requires appearance-related reason; IM concerns plan mechanics independent of appearance.","BI04/BI05 with IM04/IM06.","High when plans involve visible activity.","Context and social-anxiety controls; ESEM; domain-specific prospective outcomes","Keep separate; exclude movement/access context from BI item wording."
