persona_code,block_order,item_key,item_text,recall_period,response_scale,response_options,sensitive,assignment_seed,assignment_hash,synthetic_review_only
P01,1,RR01,Өөртөө тавьсан хоолны дүрмээс багахан зөрөхөд төлөвлөгөө нурсан мэт санагдсан.,Сүүлийн 14 хоног,0–4 frequency,Огт байгаагүй | Ховор | Заримдаа | Олон удаа | Бараг үргэлж,true,2026075065,96a82e6abaa3c2971c9e20d1e5e5952290757b4a34597820b57adbb04c642999,true
P01,2,UC03,Цадсанаа анзаарсан ч үргэлжлүүлэн идсэн.,Сүүлийн 14 хоног,0–4 frequency,Огт байгаагүй | Ховор | Заримдаа | Олон удаа | Бараг үргэлж,true,2026075065,96a82e6abaa3c2971c9e20d1e5e5952290757b4a34597820b57adbb04c642999,true
P01,3,EE03,Уйдсан үедээ хийх зүйл хайхын оронд юм идэж эхэлсэн.,Сүүлийн 14 хоног,0–4 frequency,Огт байгаагүй | Ховор | Заримдаа | Олон удаа | Бараг үргэлж,false,2026075065,96a82e6abaa3c2971c9e20d1e5e5952290757b4a34597820b57adbb04c642999,true
P01,4,HA05,Зууш авахдаа үнэхээр хүсэж байгаа эсэхээ бодолгүй сонгосон.,Сүүлийн 14 хоног,0–4 frequency,Огт байгаагүй | Ховор | Заримдаа | Олон удаа | Бараг үргэлж,false,2026075065,96a82e6abaa3c2971c9e20d1e5e5952290757b4a34597820b57adbb04c642999,true
P01,5,EC02,Хоолны үнэр анхаарлыг минь татаж идэхээр шийдэхэд нөлөөлсөн.,Сүүлийн 14 хоног,0–4 frequency,Огт байгаагүй | Ховор | Заримдаа | Олон удаа | Бараг үргэлж,false,2026075065,96a82e6abaa3c2971c9e20d1e5e5952290757b4a34597820b57adbb04c642999,true
P01,6,IM05,Нэг удаа алгассан ч дараагийн боломж дээрээ эргэн үргэлжлүүлсэн.,Сүүлийн 14 хоног,0–4 frequency,Огт байгаагүй | Ховор | Заримдаа | Олон удаа | Бараг үргэлж,false,2026075065,96a82e6abaa3c2971c9e20d1e5e5952290757b4a34597820b57adbb04c642999,true
P01,7,SE05,Нэг удаа төлөвлөснөөс өөр идсэн ч дараагийн боломж дээр эргэн үргэлжлүүлж чадна гэдэгтээ хэр итгэлтэй байсан бэ?,Сүүлийн 14 хоног,0–4 confidence,Огт итгэлгүй | Бага зэрэг итгэлтэй | Дунд зэрэг итгэлтэй | Их итгэлтэй | Маш их итгэлтэй,true,2026075065,96a82e6abaa3c2971c9e20d1e5e5952290757b4a34597820b57adbb04c642999,true
P01,8,EE06,Таагүй мэдрэмжээ хоол идэлгүй өнгөрөөж чадсан.,Сүүлийн 14 хоног,0–4 frequency,Огт байгаагүй | Ховор | Заримдаа | Олон удаа | Бараг үргэлж,true,2026075065,96a82e6abaa3c2971c9e20d1e5e5952290757b4a34597820b57adbb04c642999,true
P01,9,RR06,Төлөвлөснөөс өөр идсэн ч дараагийн хоолноос хэвийн хэмнэлдээ орсон.,Сүүлийн 14 хоног,0–4 frequency,Огт байгаагүй | Ховор | Заримдаа | Олон удаа | Бараг үргэлж,true,2026075065,96a82e6abaa3c2971c9e20d1e5e5952290757b4a34597820b57adbb04c642999,true
P01,10,BI02,Биеэ харах эвгүй санагдсанаас толиноос зайлсхийсэн.,Сүүлийн 14 хоног,0–4 frequency,Огт байгаагүй | Ховор | Заримдаа | Олон удаа | Бараг үргэлж,true,2026075065,96a82e6abaa3c2971c9e20d1e5e5952290757b4a34597820b57adbb04c642999,true
P01,11,HS04,Тав тухтай цадсан мөчөө идэж байхдаа анзаарсан.,Сүүлийн 14 хоног,0–4 frequency,Огт байгаагүй | Ховор | Заримдаа | Олон удаа | Бараг үргэлж,false,2026075065,96a82e6abaa3c2971c9e20d1e5e5952290757b4a34597820b57adbb04c642999,true
P01,12,UC01,Идэж эхэлсний дараа хүссэн үедээ зогсоох хэцүү байсан.,Сүүлийн 14 хоног,0–4 frequency,Огт байгаагүй | Ховор | Заримдаа | Олон удаа | Бараг үргэлж,true,2026075065,96a82e6abaa3c2971c9e20d1e5e5952290757b4a34597820b57adbb04c642999,true
P01,13,IM04,Өдрийн хуваарь өөрчлөгдөхөд төлөвлөгөө тэр чигтээ тасарсан.,Сүүлийн 14 хоног,0–4 frequency,Огт байгаагүй | Ховор | Заримдаа | Олон удаа | Бараг үргэлж,false,2026075065,96a82e6abaa3c2971c9e20d1e5e5952290757b4a34597820b57adbb04c642999,true
P01,14,AC01,Энэ мөрөнд хариултын чанарыг шалгахын тулд «Заримдаа»-г сонгоно уу.,Одоогийн асуулт,0–4 frequency,Огт байгаагүй | Ховор | Заримдаа | Олон удаа | Бараг үргэлж,false,2026075065,96a82e6abaa3c2971c9e20d1e5e5952290757b4a34597820b57adbb04c642999,true
P02,1,EE03,Уйдсан үедээ хийх зүйл хайхын оронд юм идэж эхэлсэн.,Сүүлийн 14 хоног,0–4 frequency,Огт байгаагүй | Ховор | Заримдаа | Олон удаа | Бараг үргэлж,false,2026075065,c1b4e11caee22b38395f0e57e02f46d261dfd6417fba4d671c97e01c91106020,true
P02,2,IM02,Хэрэгжүүлэхэд олон бэлтгэл шаардсанаас төлөвлөгөө хойшилсон.,Сүүлийн 14 хоног,0–4 frequency,Огт байгаагүй | Ховор | Заримдаа | Олон удаа | Бараг үргэлж,false,2026075065,c1b4e11caee22b38395f0e57e02f46d261dfd6417fba4d671c97e01c91106020,true
P02,3,IM01,Юуг яг хэзээ хийх нь тодорхойгүйгээс төлөвлөгөөгөө эхлүүлээгүй.,Сүүлийн 14 хоног,0–4 frequency,Огт байгаагүй | Ховор | Заримдаа | Олон удаа | Бараг үргэлж,false,2026075065,c1b4e11caee22b38395f0e57e02f46d261dfd6417fba4d671c97e01c91106020,true
P02,4,BI05,Бусад хүн биеийг минь анзаарах вий гэж бодоод хөдөлгөөн хийхээс зайлсхийсэн.,Сүүлийн 14 хоног,0–4 frequency,Огт байгаагүй | Ховор | Заримдаа | Олон удаа | Бараг үргэлж,true,2026075065,c1b4e11caee22b38395f0e57e02f46d261dfd6417fba4d671c97e01c91106020,true
P02,5,HS06,Биеийн дохио тодорхой байсан ч хэзээ эхлэх эсвэл зогсохоо шийдэхэд ашиглаж чадаагүй.,Сүүлийн 14 хоног,0–4 frequency,Огт байгаагүй | Ховор | Заримдаа | Олон удаа | Бараг үргэлж,false,2026075065,c1b4e11caee22b38395f0e57e02f46d261dfd6417fba4d671c97e01c91106020,true
P02,6,EE01,Сүүлийн 14 хоногт стресстсэн үедээ өлсөөгүй байсан ч юм идсэн.,Сүүлийн 14 хоног,0–4 frequency,Огт байгаагүй | Ховор | Заримдаа | Олон удаа | Бараг үргэлж,true,2026075065,c1b4e11caee22b38395f0e57e02f46d261dfd6417fba4d671c97e01c91106020,true
P02,7,RR04,Нэг удаа төлөвлөснөөс өөр идсэний дараа үлдсэн өдрөө хяналтгүй орхисон.,Сүүлийн 14 хоног,0–4 frequency,Огт байгаагүй | Ховор | Заримдаа | Олон удаа | Бараг үргэлж,true,2026075065,c1b4e11caee22b38395f0e57e02f46d261dfd6417fba4d671c97e01c91106020,true
P02,8,HA02,Нэг үйлдлийн дараа юм идэх нь автоматаар үргэлжилдэг дараалал болсон.,Сүүлийн 14 хоног,0–4 frequency,Огт байгаагүй | Ховор | Заримдаа | Олон удаа | Бараг үргэлж,false,2026075065,c1b4e11caee22b38395f0e57e02f46d261dfd6417fba4d671c97e01c91106020,true
P02,9,EC03,Идэх зүйл ойрхон бэлэн байснаас төлөвлөөгүй үедээ идсэн.,Сүүлийн 14 хоног,0–4 frequency,Огт байгаагүй | Ховор | Заримдаа | Олон удаа | Бараг үргэлж,false,2026075065,c1b4e11caee22b38395f0e57e02f46d261dfd6417fba4d671c97e01c91106020,true
P02,10,SE05,Нэг удаа төлөвлөснөөс өөр идсэн ч дараагийн боломж дээр эргэн үргэлжлүүлж чадна гэдэгтээ хэр итгэлтэй байсан бэ?,Сүүлийн 14 хоног,0–4 confidence,Огт итгэлгүй | Бага зэрэг итгэлтэй | Дунд зэрэг итгэлтэй | Их итгэлтэй | Маш их итгэлтэй,true,2026075065,c1b4e11caee22b38395f0e57e02f46d261dfd6417fba4d671c97e01c91106020,true
P02,11,RR03,Төлөвлөгөөгөө яг дагаагүй бол тэр өдрийг бүтэлгүй гэж үзсэн.,Сүүлийн 14 хоног,0–4 frequency,Огт байгаагүй | Ховор | Заримдаа | Олон удаа | Бараг үргэлж,true,2026075065,c1b4e11caee22b38395f0e57e02f46d261dfd6417fba4d671c97e01c91106020,true
P02,12,UC06,Идэж байхдаа түр зогсоод үргэлжлүүлэх эсэхээ бодож чадсан.,Сүүлийн 14 хоног,0–4 frequency,Огт байгаагүй | Ховор | Заримдаа | Олон удаа | Бараг үргэлж,true,2026075065,c1b4e11caee22b38395f0e57e02f46d261dfd6417fba4d671c97e01c91106020,true
P02,13,HS03,Өлссөнөө бие их сульдсаны дараа л анзаарсан.,Сүүлийн 14 хоног,0–4 frequency,Огт байгаагүй | Ховор | Заримдаа | Олон удаа | Бараг үргэлж,false,2026075065,c1b4e11caee22b38395f0e57e02f46d261dfd6417fba4d671c97e01c91106020,true
P02,14,SE04,Идэх зүйл ойрхон байсан ч идэх эсэхээ бодож сонгож чадна гэдэгтээ хэр итгэлтэй байсан бэ?,Сүүлийн 14 хоног,0–4 confidence,Огт итгэлгүй | Бага зэрэг итгэлтэй | Дунд зэрэг итгэлтэй | Их итгэлтэй | Маш их итгэлтэй,false,2026075065,c1b4e11caee22b38395f0e57e02f46d261dfd6417fba4d671c97e01c91106020,true
P03,1,HA02,Нэг үйлдлийн дараа юм идэх нь автоматаар үргэлжилдэг дараалал болсон.,Сүүлийн 14 хоног,0–4 frequency,Огт байгаагүй | Ховор | Заримдаа | Олон удаа | Бараг үргэлж,false,2026075065,d114c57ff2edc48f15e35a2777ba5167777aa471435809cd78d20247c8a3d367,true
P03,2,UC04,Идэж байхдаа үйлдлээ өөрөө удирдаж чадахгүй мэт санагдсан.,Сүүлийн 14 хоног,0–4 frequency,Огт байгаагүй | Ховор | Заримдаа | Олон удаа | Бараг үргэлж,true,2026075065,d114c57ff2edc48f15e35a2777ba5167777aa471435809cd78d20247c8a3d367,true
P03,3,RR04,Нэг удаа төлөвлөснөөс өөр идсэний дараа үлдсэн өдрөө хяналтгүй орхисон.,Сүүлийн 14 хоног,0–4 frequency,Огт байгаагүй | Ховор | Заримдаа | Олон удаа | Бараг үргэлж,true,2026075065,d114c57ff2edc48f15e35a2777ba5167777aa471435809cd78d20247c8a3d367,true
P03,4,SE02,Зав багатай үед өөрт тохирох боломжит хоолны сонголт хийж чадна гэдэгтээ хэр итгэлтэй байсан бэ?,Сүүлийн 14 хоног,0–4 confidence,Огт итгэлгүй | Бага зэрэг итгэлтэй | Дунд зэрэг итгэлтэй | Их итгэлтэй | Маш их итгэлтэй,false,2026075065,d114c57ff2edc48f15e35a2777ba5167777aa471435809cd78d20247c8a3d367,true
P03,5,IM02,Хэрэгжүүлэхэд олон бэлтгэл шаардсанаас төлөвлөгөө хойшилсон.,Сүүлийн 14 хоног,0–4 frequency,Огт байгаагүй | Ховор | Заримдаа | Олон удаа | Бараг үргэлж,false,2026075065,d114c57ff2edc48f15e35a2777ba5167777aa471435809cd78d20247c8a3d367,true
P03,6,EE03,Уйдсан үедээ хийх зүйл хайхын оронд юм идэж эхэлсэн.,Сүүлийн 14 хоног,0–4 frequency,Огт байгаагүй | Ховор | Заримдаа | Олон удаа | Бараг үргэлж,false,2026075065,d114c57ff2edc48f15e35a2777ba5167777aa471435809cd78d20247c8a3d367,true
P03,7,BI03,Биеийн төрхөөсөө болж өмсөхийг хүссэн хувцсаа сонгоогүй.,Сүүлийн 14 хоног,0–4 frequency,Огт байгаагүй | Ховор | Заримдаа | Олон удаа | Бараг үргэлж,true,2026075065,d114c57ff2edc48f15e35a2777ba5167777aa471435809cd78d20247c8a3d367,true
P03,8,BI05,Бусад хүн биеийг минь анзаарах вий гэж бодоод хөдөлгөөн хийхээс зайлсхийсэн.,Сүүлийн 14 хоног,0–4 frequency,Огт байгаагүй | Ховор | Заримдаа | Олон удаа | Бараг үргэлж,true,2026075065,d114c57ff2edc48f15e35a2777ba5167777aa471435809cd78d20247c8a3d367,true
P03,9,UC03,Цадсанаа анзаарсан ч үргэлжлүүлэн идсэн.,Сүүлийн 14 хоног,0–4 frequency,Огт байгаагүй | Ховор | Заримдаа | Олон удаа | Бараг үргэлж,true,2026075065,d114c57ff2edc48f15e35a2777ba5167777aa471435809cd78d20247c8a3d367,true
P03,10,EC06,Хоол харсан эсвэл үнэртсэн ч анхаарлаа өөр зүйлд буцааж чадсан.,Сүүлийн 14 хоног,0–4 frequency,Огт байгаагүй | Ховор | Заримдаа | Олон удаа | Бараг үргэлж,false,2026075065,d114c57ff2edc48f15e35a2777ba5167777aa471435809cd78d20247c8a3d367,true
P03,11,HS05,Цадсан эсэхээ мэдэхэд эргэлзсэн.,Сүүлийн 14 хоног,0–4 frequency,Огт байгаагүй | Ховор | Заримдаа | Олон удаа | Бараг үргэлж,false,2026075065,d114c57ff2edc48f15e35a2777ba5167777aa471435809cd78d20247c8a3d367,true
P03,12,IM03,Завгүй өдөр хийх хамгийн жижиг хувилбар надад бэлэн байсан.,Сүүлийн 14 хоног,0–4 frequency,Огт байгаагүй | Ховор | Заримдаа | Олон удаа | Бараг үргэлж,false,2026075065,d114c57ff2edc48f15e35a2777ba5167777aa471435809cd78d20247c8a3d367,true
P03,13,EE06,Таагүй мэдрэмжээ хоол идэлгүй өнгөрөөж чадсан.,Сүүлийн 14 хоног,0–4 frequency,Огт байгаагүй | Ховор | Заримдаа | Олон удаа | Бараг үргэлж,true,2026075065,d114c57ff2edc48f15e35a2777ba5167777aa471435809cd78d20247c8a3d367,true
P03,14,EC01,Өлсөөгүй байсан ч хоол хараад идэх хүсэл төрсөн.,Сүүлийн 14 хоног,0–4 frequency,Огт байгаагүй | Ховор | Заримдаа | Олон удаа | Бараг үргэлж,false,2026075065,d114c57ff2edc48f15e35a2777ba5167777aa471435809cd78d20247c8a3d367,true
P04,1,IM02,Хэрэгжүүлэхэд олон бэлтгэл шаардсанаас төлөвлөгөө хойшилсон.,Сүүлийн 14 хоног,0–4 frequency,Огт байгаагүй | Ховор | Заримдаа | Олон удаа | Бараг үргэлж,false,2026075065,36f7953cfa9142ce2797ca0710000c423d073ccf3064b42ae498a04e996fb7d0,true
P04,2,EC02,Хоолны үнэр анхаарлыг минь татаж идэхээр шийдэхэд нөлөөлсөн.,Сүүлийн 14 хоног,0–4 frequency,Огт байгаагүй | Ховор | Заримдаа | Олон удаа | Бараг үргэлж,false,2026075065,36f7953cfa9142ce2797ca0710000c423d073ccf3064b42ae498a04e996fb7d0,true
P04,3,UC06,Идэж байхдаа түр зогсоод үргэлжлүүлэх эсэхээ бодож чадсан.,Сүүлийн 14 хоног,0–4 frequency,Огт байгаагүй | Ховор | Заримдаа | Олон удаа | Бараг үргэлж,true,2026075065,36f7953cfa9142ce2797ca0710000c423d073ccf3064b42ae498a04e996fb7d0,true
P04,4,RR03,Төлөвлөгөөгөө яг дагаагүй бол тэр өдрийг бүтэлгүй гэж үзсэн.,Сүүлийн 14 хоног,0–4 frequency,Огт байгаагүй | Ховор | Заримдаа | Олон удаа | Бараг үргэлж,true,2026075065,36f7953cfa9142ce2797ca0710000c423d073ccf3064b42ae498a04e996fb7d0,true
P04,5,EE06,Таагүй мэдрэмжээ хоол идэлгүй өнгөрөөж чадсан.,Сүүлийн 14 хоног,0–4 frequency,Огт байгаагүй | Ховор | Заримдаа | Олон удаа | Бараг үргэлж,true,2026075065,36f7953cfa9142ce2797ca0710000c423d073ccf3064b42ae498a04e996fb7d0,true
P04,6,HS06,Биеийн дохио тодорхой байсан ч хэзээ эхлэх эсвэл зогсохоо шийдэхэд ашиглаж чадаагүй.,Сүүлийн 14 хоног,0–4 frequency,Огт байгаагүй | Ховор | Заримдаа | Олон удаа | Бараг үргэлж,false,2026075065,36f7953cfa9142ce2797ca0710000c423d073ccf3064b42ae498a04e996fb7d0,true
P04,7,HA01,Тодорхой цаг эсвэл газар болоход бодолгүйгээр идэх зүйл рүү гараа сунгасан.,Сүүлийн 14 хоног,0–4 frequency,Огт байгаагүй | Ховор | Заримдаа | Олон удаа | Бараг үргэлж,false,2026075065,36f7953cfa9142ce2797ca0710000c423d073ccf3064b42ae498a04e996fb7d0,true
P04,8,UC01,Идэж эхэлсний дараа хүссэн үедээ зогсоох хэцүү байсан.,Сүүлийн 14 хоног,0–4 frequency,Огт байгаагүй | Ховор | Заримдаа | Олон удаа | Бараг үргэлж,true,2026075065,36f7953cfa9142ce2797ca0710000c423d073ccf3064b42ae498a04e996fb7d0,true
P04,9,RR06,Төлөвлөснөөс өөр идсэн ч дараагийн хоолноос хэвийн хэмнэлдээ орсон.,Сүүлийн 14 хоног,0–4 frequency,Огт байгаагүй | Ховор | Заримдаа | Олон удаа | Бараг үргэлж,true,2026075065,36f7953cfa9142ce2797ca0710000c423d073ccf3064b42ae498a04e996fb7d0,true
P04,10,HS03,Өлссөнөө бие их сульдсаны дараа л анзаарсан.,Сүүлийн 14 хоног,0–4 frequency,Огт байгаагүй | Ховор | Заримдаа | Олон удаа | Бараг үргэлж,false,2026075065,36f7953cfa9142ce2797ca0710000c423d073ccf3064b42ae498a04e996fb7d0,true
P04,11,BI03,Биеийн төрхөөсөө болж өмсөхийг хүссэн хувцсаа сонгоогүй.,Сүүлийн 14 хоног,0–4 frequency,Огт байгаагүй | Ховор | Заримдаа | Олон удаа | Бараг үргэлж,true,2026075065,36f7953cfa9142ce2797ca0710000c423d073ccf3064b42ae498a04e996fb7d0,true
P04,12,SE03,Бусадтай хамт хооллох үед өөрийн сонголтоо тайван хийж чадна гэдэгтээ хэр итгэлтэй байсан бэ?,Сүүлийн 14 хоног,0–4 confidence,Огт итгэлгүй | Бага зэрэг итгэлтэй | Дунд зэрэг итгэлтэй | Их итгэлтэй | Маш их итгэлтэй,true,2026075065,36f7953cfa9142ce2797ca0710000c423d073ccf3064b42ae498a04e996fb7d0,true
P04,13,SE01,Стресстэй өдөр өөрийн сонгосон уян хатан хоолны төлөвлөгөөг хэрэгжүүлж чадна гэдэгтээ хэр итгэлтэй байсан бэ?,Сүүлийн 14 хоног,0–4 confidence,Огт итгэлгүй | Бага зэрэг итгэлтэй | Дунд зэрэг итгэлтэй | Их итгэлтэй | Маш их итгэлтэй,true,2026075065,36f7953cfa9142ce2797ca0710000c423d073ccf3064b42ae498a04e996fb7d0,true
P04,14,IM06,Нэг өдөр хийж чадсан зүйлээ дараагийн өдрүүдэд давтахад хэцүү байсан.,Сүүлийн 14 хоног,0–4 frequency,Огт байгаагүй | Ховор | Заримдаа | Олон удаа | Бараг үргэлж,false,2026075065,36f7953cfa9142ce2797ca0710000c423d073ccf3064b42ae498a04e996fb7d0,true
P05,1,HA06,Давтагддаг нөхцөлд идэхээсээ өмнө сонголтоо зориуд хийсэн.,Сүүлийн 14 хоног,0–4 frequency,Огт байгаагүй | Ховор | Заримдаа | Олон удаа | Бараг үргэлж,false,2026075065,28e9812ecff73b301f7a6c32a65167eff73795351339e4f3227f4577a5b9cdce,true
P05,2,EC02,Хоолны үнэр анхаарлыг минь татаж идэхээр шийдэхэд нөлөөлсөн.,Сүүлийн 14 хоног,0–4 frequency,Огт байгаагүй | Ховор | Заримдаа | Олон удаа | Бараг үргэлж,false,2026075065,28e9812ecff73b301f7a6c32a65167eff73795351339e4f3227f4577a5b9cdce,true
P05,3,UC02,Анх бодсоноосоо илүү хэмжээгээр идсэн.,Сүүлийн 14 хоног,0–4 frequency,Огт байгаагүй | Ховор | Заримдаа | Олон удаа | Бараг үргэлж,true,2026075065,28e9812ecff73b301f7a6c32a65167eff73795351339e4f3227f4577a5b9cdce,true
P05,4,HS01,Өлсөлт хэт хүчтэй болохоос өмнө биеийн дохиогоо анзаарсан.,Сүүлийн 14 хоног,0–4 frequency,Огт байгаагүй | Ховор | Заримдаа | Олон удаа | Бараг үргэлж,false,2026075065,28e9812ecff73b301f7a6c32a65167eff73795351339e4f3227f4577a5b9cdce,true
P05,5,EE01,Сүүлийн 14 хоногт стресстсэн үедээ өлсөөгүй байсан ч юм идсэн.,Сүүлийн 14 хоног,0–4 frequency,Огт байгаагүй | Ховор | Заримдаа | Олон удаа | Бараг үргэлж,true,2026075065,28e9812ecff73b301f7a6c32a65167eff73795351339e4f3227f4577a5b9cdce,true
P05,6,HA04,Танил орчинд ороход идэх үйлдэл өөрөө эхэлдэг мэт байсан.,Сүүлийн 14 хоног,0–4 frequency,Огт байгаагүй | Ховор | Заримдаа | Олон удаа | Бараг үргэлж,false,2026075065,28e9812ecff73b301f7a6c32a65167eff73795351339e4f3227f4577a5b9cdce,true
P05,7,RR06,Төлөвлөснөөс өөр идсэн ч дараагийн хоолноос хэвийн хэмнэлдээ орсон.,Сүүлийн 14 хоног,0–4 frequency,Огт байгаагүй | Ховор | Заримдаа | Олон удаа | Бараг үргэлж,true,2026075065,28e9812ecff73b301f7a6c32a65167eff73795351339e4f3227f4577a5b9cdce,true
P05,8,BI04,Биеийн төрхдөө санаа зовсноос хүмүүстэй хийх үйл ажиллагаанаас татгалзсан.,Сүүлийн 14 хоног,0–4 frequency,Огт байгаагүй | Ховор | Заримдаа | Олон удаа | Бараг үргэлж,true,2026075065,28e9812ecff73b301f7a6c32a65167eff73795351339e4f3227f4577a5b9cdce,true
P05,9,BI01,Биеийн төрхөөсөө санаа зовж зураг авахуулахаас зайлсхийсэн.,Сүүлийн 14 хоног,0–4 frequency,Огт байгаагүй | Ховор | Заримдаа | Олон удаа | Бараг үргэлж,true,2026075065,28e9812ecff73b301f7a6c32a65167eff73795351339e4f3227f4577a5b9cdce,true
P05,10,EC06,Хоол харсан эсвэл үнэртсэн ч анхаарлаа өөр зүйлд буцааж чадсан.,Сүүлийн 14 хоног,0–4 frequency,Огт байгаагүй | Ховор | Заримдаа | Олон удаа | Бараг үргэлж,false,2026075065,28e9812ecff73b301f7a6c32a65167eff73795351339e4f3227f4577a5b9cdce,true
P05,11,AC01,Энэ мөрөнд хариултын чанарыг шалгахын тулд «Заримдаа»-г сонгоно уу.,Одоогийн асуулт,0–4 frequency,Огт байгаагүй | Ховор | Заримдаа | Олон удаа | Бараг үргэлж,false,2026075065,28e9812ecff73b301f7a6c32a65167eff73795351339e4f3227f4577a5b9cdce,true
P05,12,IM01,Юуг яг хэзээ хийх нь тодорхойгүйгээс төлөвлөгөөгөө эхлүүлээгүй.,Сүүлийн 14 хоног,0–4 frequency,Огт байгаагүй | Ховор | Заримдаа | Олон удаа | Бараг үргэлж,false,2026075065,28e9812ecff73b301f7a6c32a65167eff73795351339e4f3227f4577a5b9cdce,true
P05,13,IM02,Хэрэгжүүлэхэд олон бэлтгэл шаардсанаас төлөвлөгөө хойшилсон.,Сүүлийн 14 хоног,0–4 frequency,Огт байгаагүй | Ховор | Заримдаа | Олон удаа | Бараг үргэлж,false,2026075065,28e9812ecff73b301f7a6c32a65167eff73795351339e4f3227f4577a5b9cdce,true
P05,14,SE06,Ядарсан үедээ ч өөрт боломжтой хамгийн жижиг хувилбарыг сонгож чадна гэдэгтээ хэр итгэлтэй байсан бэ?,Сүүлийн 14 хоног,0–4 confidence,Огт итгэлгүй | Бага зэрэг итгэлтэй | Дунд зэрэг итгэлтэй | Их итгэлтэй | Маш их итгэлтэй,false,2026075065,28e9812ecff73b301f7a6c32a65167eff73795351339e4f3227f4577a5b9cdce,true
P06,1,AC01,Энэ мөрөнд хариултын чанарыг шалгахын тулд «Заримдаа»-г сонгоно уу.,Одоогийн асуулт,0–4 frequency,Огт байгаагүй | Ховор | Заримдаа | Олон удаа | Бараг үргэлж,false,2026075065,e192f2ba34857493e00c58384552cbe530f2a17ad8930156efaaacf2275b7c51,true
P06,2,EE04,Ганцаардсан мэдрэмж төрөхөд идэх хүсэл нэмэгдсэн.,Сүүлийн 14 хоног,0–4 frequency,Огт байгаагүй | Ховор | Заримдаа | Олон удаа | Бараг үргэлж,true,2026075065,e192f2ba34857493e00c58384552cbe530f2a17ad8930156efaaacf2275b7c51,true
P06,3,UC03,Цадсанаа анзаарсан ч үргэлжлүүлэн идсэн.,Сүүлийн 14 хоног,0–4 frequency,Огт байгаагүй | Ховор | Заримдаа | Олон удаа | Бараг үргэлж,true,2026075065,e192f2ba34857493e00c58384552cbe530f2a17ad8930156efaaacf2275b7c51,true
P06,4,SE05,Нэг удаа төлөвлөснөөс өөр идсэн ч дараагийн боломж дээр эргэн үргэлжлүүлж чадна гэдэгтээ хэр итгэлтэй байсан бэ?,Сүүлийн 14 хоног,0–4 confidence,Огт итгэлгүй | Бага зэрэг итгэлтэй | Дунд зэрэг итгэлтэй | Их итгэлтэй | Маш их итгэлтэй,true,2026075065,e192f2ba34857493e00c58384552cbe530f2a17ad8930156efaaacf2275b7c51,true
P06,5,EC06,Хоол харсан эсвэл үнэртсэн ч анхаарлаа өөр зүйлд буцааж чадсан.,Сүүлийн 14 хоног,0–4 frequency,Огт байгаагүй | Ховор | Заримдаа | Олон удаа | Бараг үргэлж,false,2026075065,e192f2ba34857493e00c58384552cbe530f2a17ad8930156efaaacf2275b7c51,true
P06,6,HA06,Давтагддаг нөхцөлд идэхээсээ өмнө сонголтоо зориуд хийсэн.,Сүүлийн 14 хоног,0–4 frequency,Огт байгаагүй | Ховор | Заримдаа | Олон удаа | Бараг үргэлж,false,2026075065,e192f2ba34857493e00c58384552cbe530f2a17ad8930156efaaacf2275b7c51,true
P06,7,SE01,Стресстэй өдөр өөрийн сонгосон уян хатан хоолны төлөвлөгөөг хэрэгжүүлж чадна гэдэгтээ хэр итгэлтэй байсан бэ?,Сүүлийн 14 хоног,0–4 confidence,Огт итгэлгүй | Бага зэрэг итгэлтэй | Дунд зэрэг итгэлтэй | Их итгэлтэй | Маш их итгэлтэй,true,2026075065,e192f2ba34857493e00c58384552cbe530f2a17ad8930156efaaacf2275b7c51,true
P06,8,RR01,Өөртөө тавьсан хоолны дүрмээс багахан зөрөхөд төлөвлөгөө нурсан мэт санагдсан.,Сүүлийн 14 хоног,0–4 frequency,Огт байгаагүй | Ховор | Заримдаа | Олон удаа | Бараг үргэлж,true,2026075065,e192f2ba34857493e00c58384552cbe530f2a17ad8930156efaaacf2275b7c51,true
P06,9,BI06,Биеийнхээ талаар тавгүй байсан ч хүссэн үйл ажиллагаандаа оролцсон.,Сүүлийн 14 хоног,0–4 frequency,Огт байгаагүй | Ховор | Заримдаа | Олон удаа | Бараг үргэлж,true,2026075065,e192f2ba34857493e00c58384552cbe530f2a17ad8930156efaaacf2275b7c51,true
P06,10,IM04,Өдрийн хуваарь өөрчлөгдөхөд төлөвлөгөө тэр чигтээ тасарсан.,Сүүлийн 14 хоног,0–4 frequency,Огт байгаагүй | Ховор | Заримдаа | Олон удаа | Бараг үргэлж,false,2026075065,e192f2ba34857493e00c58384552cbe530f2a17ad8930156efaaacf2275b7c51,true
P06,11,HS03,Өлссөнөө бие их сульдсаны дараа л анзаарсан.,Сүүлийн 14 хоног,0–4 frequency,Огт байгаагүй | Ховор | Заримдаа | Олон удаа | Бараг үргэлж,false,2026075065,e192f2ba34857493e00c58384552cbe530f2a17ad8930156efaaacf2275b7c51,true
P06,12,EC03,Идэх зүйл ойрхон бэлэн байснаас төлөвлөөгүй үедээ идсэн.,Сүүлийн 14 хоног,0–4 frequency,Огт байгаагүй | Ховор | Заримдаа | Олон удаа | Бараг үргэлж,false,2026075065,e192f2ba34857493e00c58384552cbe530f2a17ad8930156efaaacf2275b7c51,true
P06,13,UC06,Идэж байхдаа түр зогсоод үргэлжлүүлэх эсэхээ бодож чадсан.,Сүүлийн 14 хоног,0–4 frequency,Огт байгаагүй | Ховор | Заримдаа | Олон удаа | Бараг үргэлж,true,2026075065,e192f2ba34857493e00c58384552cbe530f2a17ad8930156efaaacf2275b7c51,true
P06,14,AC02,Сүүлийн 14 хоногт асуулт бүрт нэг ижил хариулт сонгох шаардлагатай мэт санагдсан.,Сүүлийн 14 хоног,0–4 frequency,Огт байгаагүй | Ховор | Заримдаа | Олон удаа | Бараг үргэлж,false,2026075065,e192f2ba34857493e00c58384552cbe530f2a17ad8930156efaaacf2275b7c51,true
P07,1,HS04,Тав тухтай цадсан мөчөө идэж байхдаа анзаарсан.,Сүүлийн 14 хоног,0–4 frequency,Огт байгаагүй | Ховор | Заримдаа | Олон удаа | Бараг үргэлж,false,2026075065,a03496a6cfe3817070332a4b55c31e68122e64b892d9d8dd0bb3c99ee90ee37c,true
P07,2,IM04,Өдрийн хуваарь өөрчлөгдөхөд төлөвлөгөө тэр чигтээ тасарсан.,Сүүлийн 14 хоног,0–4 frequency,Огт байгаагүй | Ховор | Заримдаа | Олон удаа | Бараг үргэлж,false,2026075065,a03496a6cfe3817070332a4b55c31e68122e64b892d9d8dd0bb3c99ee90ee37c,true
P07,3,HS06,Биеийн дохио тодорхой байсан ч хэзээ эхлэх эсвэл зогсохоо шийдэхэд ашиглаж чадаагүй.,Сүүлийн 14 хоног,0–4 frequency,Огт байгаагүй | Ховор | Заримдаа | Олон удаа | Бараг үргэлж,false,2026075065,a03496a6cfe3817070332a4b55c31e68122e64b892d9d8dd0bb3c99ee90ee37c,true
P07,4,UC01,Идэж эхэлсний дараа хүссэн үедээ зогсоох хэцүү байсан.,Сүүлийн 14 хоног,0–4 frequency,Огт байгаагүй | Ховор | Заримдаа | Олон удаа | Бараг үргэлж,true,2026075065,a03496a6cfe3817070332a4b55c31e68122e64b892d9d8dd0bb3c99ee90ee37c,true
P07,5,BI04,Биеийн төрхдөө санаа зовсноос хүмүүстэй хийх үйл ажиллагаанаас татгалзсан.,Сүүлийн 14 хоног,0–4 frequency,Огт байгаагүй | Ховор | Заримдаа | Олон удаа | Бараг үргэлж,true,2026075065,a03496a6cfe3817070332a4b55c31e68122e64b892d9d8dd0bb3c99ee90ee37c,true
P07,6,EE04,Ганцаардсан мэдрэмж төрөхөд идэх хүсэл нэмэгдсэн.,Сүүлийн 14 хоног,0–4 frequency,Огт байгаагүй | Ховор | Заримдаа | Олон удаа | Бараг үргэлж,true,2026075065,a03496a6cfe3817070332a4b55c31e68122e64b892d9d8dd0bb3c99ee90ee37c,true
P07,7,HA05,Зууш авахдаа үнэхээр хүсэж байгаа эсэхээ бодолгүй сонгосон.,Сүүлийн 14 хоног,0–4 frequency,Огт байгаагүй | Ховор | Заримдаа | Олон удаа | Бараг үргэлж,false,2026075065,a03496a6cfe3817070332a4b55c31e68122e64b892d9d8dd0bb3c99ee90ee37c,true
P07,8,IM01,Юуг яг хэзээ хийх нь тодорхойгүйгээс төлөвлөгөөгөө эхлүүлээгүй.,Сүүлийн 14 хоног,0–4 frequency,Огт байгаагүй | Ховор | Заримдаа | Олон удаа | Бараг үргэлж,false,2026075065,a03496a6cfe3817070332a4b55c31e68122e64b892d9d8dd0bb3c99ee90ee37c,true
P07,9,HA02,Нэг үйлдлийн дараа юм идэх нь автоматаар үргэлжилдэг дараалал болсон.,Сүүлийн 14 хоног,0–4 frequency,Огт байгаагүй | Ховор | Заримдаа | Олон удаа | Бараг үргэлж,false,2026075065,a03496a6cfe3817070332a4b55c31e68122e64b892d9d8dd0bb3c99ee90ee37c,true
P07,10,EC01,Өлсөөгүй байсан ч хоол хараад идэх хүсэл төрсөн.,Сүүлийн 14 хоног,0–4 frequency,Огт байгаагүй | Ховор | Заримдаа | Олон удаа | Бараг үргэлж,false,2026075065,a03496a6cfe3817070332a4b55c31e68122e64b892d9d8dd0bb3c99ee90ee37c,true
P07,11,EC04,Хоолны апп эсвэл сурталчилгаа харсны дараа хоол бодогдсоор байсан.,Сүүлийн 14 хоног,0–4 frequency,Огт байгаагүй | Ховор | Заримдаа | Олон удаа | Бараг үргэлж,false,2026075065,a03496a6cfe3817070332a4b55c31e68122e64b892d9d8dd0bb3c99ee90ee37c,true
P07,12,EE02,Сэтгэл гунигтай үед хоол идэх нь түр тайвшруулна гэж мэдэрсэн.,Сүүлийн 14 хоног,0–4 frequency,Огт байгаагүй | Ховор | Заримдаа | Олон удаа | Бараг үргэлж,true,2026075065,a03496a6cfe3817070332a4b55c31e68122e64b892d9d8dd0bb3c99ee90ee37c,true
P07,13,SE06,Ядарсан үедээ ч өөрт боломжтой хамгийн жижиг хувилбарыг сонгож чадна гэдэгтээ хэр итгэлтэй байсан бэ?,Сүүлийн 14 хоног,0–4 confidence,Огт итгэлгүй | Бага зэрэг итгэлтэй | Дунд зэрэг итгэлтэй | Их итгэлтэй | Маш их итгэлтэй,false,2026075065,a03496a6cfe3817070332a4b55c31e68122e64b892d9d8dd0bb3c99ee90ee37c,true
P07,14,RR04,Нэг удаа төлөвлөснөөс өөр идсэний дараа үлдсэн өдрөө хяналтгүй орхисон.,Сүүлийн 14 хоног,0–4 frequency,Огт байгаагүй | Ховор | Заримдаа | Олон удаа | Бараг үргэлж,true,2026075065,a03496a6cfe3817070332a4b55c31e68122e64b892d9d8dd0bb3c99ee90ee37c,true
P08,1,EC03,Идэх зүйл ойрхон бэлэн байснаас төлөвлөөгүй үедээ идсэн.,Сүүлийн 14 хоног,0–4 frequency,Огт байгаагүй | Ховор | Заримдаа | Олон удаа | Бараг үргэлж,false,2026075065,011e45f1af9a84dc07ab1758df19e8f91c0b708427474e22841f18160261cd16,true
P08,2,UC05,Багахан иднэ гэж эхэлсэн ч үргэлжлүүлээд идсэн.,Сүүлийн 14 хоног,0–4 frequency,Огт байгаагүй | Ховор | Заримдаа | Олон удаа | Бараг үргэлж,true,2026075065,011e45f1af9a84dc07ab1758df19e8f91c0b708427474e22841f18160261cd16,true
P08,3,HA05,Зууш авахдаа үнэхээр хүсэж байгаа эсэхээ бодолгүй сонгосон.,Сүүлийн 14 хоног,0–4 frequency,Огт байгаагүй | Ховор | Заримдаа | Олон удаа | Бараг үргэлж,false,2026075065,011e45f1af9a84dc07ab1758df19e8f91c0b708427474e22841f18160261cd16,true
P08,4,HS04,Тав тухтай цадсан мөчөө идэж байхдаа анзаарсан.,Сүүлийн 14 хоног,0–4 frequency,Огт байгаагүй | Ховор | Заримдаа | Олон удаа | Бараг үргэлж,false,2026075065,011e45f1af9a84dc07ab1758df19e8f91c0b708427474e22841f18160261cd16,true
P08,5,SE02,Зав багатай үед өөрт тохирох боломжит хоолны сонголт хийж чадна гэдэгтээ хэр итгэлтэй байсан бэ?,Сүүлийн 14 хоног,0–4 confidence,Огт итгэлгүй | Бага зэрэг итгэлтэй | Дунд зэрэг итгэлтэй | Их итгэлтэй | Маш их итгэлтэй,false,2026075065,011e45f1af9a84dc07ab1758df19e8f91c0b708427474e22841f18160261cd16,true
P08,6,SE06,Ядарсан үедээ ч өөрт боломжтой хамгийн жижиг хувилбарыг сонгож чадна гэдэгтээ хэр итгэлтэй байсан бэ?,Сүүлийн 14 хоног,0–4 confidence,Огт итгэлгүй | Бага зэрэг итгэлтэй | Дунд зэрэг итгэлтэй | Их итгэлтэй | Маш их итгэлтэй,false,2026075065,011e45f1af9a84dc07ab1758df19e8f91c0b708427474e22841f18160261cd16,true
P08,7,BI06,Биеийнхээ талаар тавгүй байсан ч хүссэн үйл ажиллагаандаа оролцсон.,Сүүлийн 14 хоног,0–4 frequency,Огт байгаагүй | Ховор | Заримдаа | Олон удаа | Бараг үргэлж,true,2026075065,011e45f1af9a84dc07ab1758df19e8f91c0b708427474e22841f18160261cd16,true
P08,8,IM06,Нэг өдөр хийж чадсан зүйлээ дараагийн өдрүүдэд давтахад хэцүү байсан.,Сүүлийн 14 хоног,0–4 frequency,Огт байгаагүй | Ховор | Заримдаа | Олон удаа | Бараг үргэлж,false,2026075065,011e45f1af9a84dc07ab1758df19e8f91c0b708427474e22841f18160261cd16,true
P08,9,EE02,Сэтгэл гунигтай үед хоол идэх нь түр тайвшруулна гэж мэдэрсэн.,Сүүлийн 14 хоног,0–4 frequency,Огт байгаагүй | Ховор | Заримдаа | Олон удаа | Бараг үргэлж,true,2026075065,011e45f1af9a84dc07ab1758df19e8f91c0b708427474e22841f18160261cd16,true
P08,10,EC06,Хоол харсан эсвэл үнэртсэн ч анхаарлаа өөр зүйлд буцааж чадсан.,Сүүлийн 14 хоног,0–4 frequency,Огт байгаагүй | Ховор | Заримдаа | Олон удаа | Бараг үргэлж,false,2026075065,011e45f1af9a84dc07ab1758df19e8f91c0b708427474e22841f18160261cd16,true
P08,11,EE05,Уурлаж эсвэл бухимдсаны дараа хоол руу хандсан.,Сүүлийн 14 хоног,0–4 frequency,Огт байгаагүй | Ховор | Заримдаа | Олон удаа | Бараг үргэлж,true,2026075065,011e45f1af9a84dc07ab1758df19e8f91c0b708427474e22841f18160261cd16,true
P08,12,UC02,Анх бодсоноосоо илүү хэмжээгээр идсэн.,Сүүлийн 14 хоног,0–4 frequency,Огт байгаагүй | Ховор | Заримдаа | Олон удаа | Бараг үргэлж,true,2026075065,011e45f1af9a84dc07ab1758df19e8f91c0b708427474e22841f18160261cd16,true
P08,13,RR05,Төлөвлөгөөнөөс хазайсныхаа дараа маргааш нь дүрмээ улам чангалсан.,Сүүлийн 14 хоног,0–4 frequency,Огт байгаагүй | Ховор | Заримдаа | Олон удаа | Бараг үргэлж,true,2026075065,011e45f1af9a84dc07ab1758df19e8f91c0b708427474e22841f18160261cd16,true
P08,14,IM03,Завгүй өдөр хийх хамгийн жижиг хувилбар надад бэлэн байсан.,Сүүлийн 14 хоног,0–4 frequency,Огт байгаагүй | Ховор | Заримдаа | Олон удаа | Бараг үргэлж,false,2026075065,011e45f1af9a84dc07ab1758df19e8f91c0b708427474e22841f18160261cd16,true
P09,1,AC02,Сүүлийн 14 хоногт асуулт бүрт нэг ижил хариулт сонгох шаардлагатай мэт санагдсан.,Сүүлийн 14 хоног,0–4 frequency,Огт байгаагүй | Ховор | Заримдаа | Олон удаа | Бараг үргэлж,false,2026075065,6f0485418a455fd1fb12f762bce11a855a1719d65b038b2f164f2604b962d47e,true
P09,2,EE03,Уйдсан үедээ хийх зүйл хайхын оронд юм идэж эхэлсэн.,Сүүлийн 14 хоног,0–4 frequency,Огт байгаагүй | Ховор | Заримдаа | Олон удаа | Бараг үргэлж,false,2026075065,6f0485418a455fd1fb12f762bce11a855a1719d65b038b2f164f2604b962d47e,true
P09,3,HA03,Идэж эхэлснээ хэдийн эхэлсний дараа анзаарсан.,Сүүлийн 14 хоног,0–4 frequency,Огт байгаагүй | Ховор | Заримдаа | Олон удаа | Бараг үргэлж,false,2026075065,6f0485418a455fd1fb12f762bce11a855a1719d65b038b2f164f2604b962d47e,true
P09,4,EC01,Өлсөөгүй байсан ч хоол хараад идэх хүсэл төрсөн.,Сүүлийн 14 хоног,0–4 frequency,Огт байгаагүй | Ховор | Заримдаа | Олон удаа | Бараг үргэлж,false,2026075065,6f0485418a455fd1fb12f762bce11a855a1719d65b038b2f164f2604b962d47e,true
P09,5,RR05,Төлөвлөгөөнөөс хазайсныхаа дараа маргааш нь дүрмээ улам чангалсан.,Сүүлийн 14 хоног,0–4 frequency,Огт байгаагүй | Ховор | Заримдаа | Олон удаа | Бараг үргэлж,true,2026075065,6f0485418a455fd1fb12f762bce11a855a1719d65b038b2f164f2604b962d47e,true
P09,6,BI05,Бусад хүн биеийг минь анзаарах вий гэж бодоод хөдөлгөөн хийхээс зайлсхийсэн.,Сүүлийн 14 хоног,0–4 frequency,Огт байгаагүй | Ховор | Заримдаа | Олон удаа | Бараг үргэлж,true,2026075065,6f0485418a455fd1fb12f762bce11a855a1719d65b038b2f164f2604b962d47e,true
P09,7,BI01,Биеийн төрхөөсөө санаа зовж зураг авахуулахаас зайлсхийсэн.,Сүүлийн 14 хоног,0–4 frequency,Огт байгаагүй | Ховор | Заримдаа | Олон удаа | Бараг үргэлж,true,2026075065,6f0485418a455fd1fb12f762bce11a855a1719d65b038b2f164f2604b962d47e,true
P09,8,IM03,Завгүй өдөр хийх хамгийн жижиг хувилбар надад бэлэн байсан.,Сүүлийн 14 хоног,0–4 frequency,Огт байгаагүй | Ховор | Заримдаа | Олон удаа | Бараг үргэлж,false,2026075065,6f0485418a455fd1fb12f762bce11a855a1719d65b038b2f164f2604b962d47e,true
P09,9,UC02,Анх бодсоноосоо илүү хэмжээгээр идсэн.,Сүүлийн 14 хоног,0–4 frequency,Огт байгаагүй | Ховор | Заримдаа | Олон удаа | Бараг үргэлж,true,2026075065,6f0485418a455fd1fb12f762bce11a855a1719d65b038b2f164f2604b962d47e,true
P09,10,SE04,Идэх зүйл ойрхон байсан ч идэх эсэхээ бодож сонгож чадна гэдэгтээ хэр итгэлтэй байсан бэ?,Сүүлийн 14 хоног,0–4 confidence,Огт итгэлгүй | Бага зэрэг итгэлтэй | Дунд зэрэг итгэлтэй | Их итгэлтэй | Маш их итгэлтэй,false,2026075065,6f0485418a455fd1fb12f762bce11a855a1719d65b038b2f164f2604b962d47e,true
P09,11,SE06,Ядарсан үедээ ч өөрт боломжтой хамгийн жижиг хувилбарыг сонгож чадна гэдэгтээ хэр итгэлтэй байсан бэ?,Сүүлийн 14 хоног,0–4 confidence,Огт итгэлгүй | Бага зэрэг итгэлтэй | Дунд зэрэг итгэлтэй | Их итгэлтэй | Маш их итгэлтэй,false,2026075065,6f0485418a455fd1fb12f762bce11a855a1719d65b038b2f164f2604b962d47e,true
P09,12,UC01,Идэж эхэлсний дараа хүссэн үедээ зогсоох хэцүү байсан.,Сүүлийн 14 хоног,0–4 frequency,Огт байгаагүй | Ховор | Заримдаа | Олон удаа | Бараг үргэлж,true,2026075065,6f0485418a455fd1fb12f762bce11a855a1719d65b038b2f164f2604b962d47e,true
P09,13,HS04,Тав тухтай цадсан мөчөө идэж байхдаа анзаарсан.,Сүүлийн 14 хоног,0–4 frequency,Огт байгаагүй | Ховор | Заримдаа | Олон удаа | Бараг үргэлж,false,2026075065,6f0485418a455fd1fb12f762bce11a855a1719d65b038b2f164f2604b962d47e,true
P09,14,HS01,Өлсөлт хэт хүчтэй болохоос өмнө биеийн дохиогоо анзаарсан.,Сүүлийн 14 хоног,0–4 frequency,Огт байгаагүй | Ховор | Заримдаа | Олон удаа | Бараг үргэлж,false,2026075065,6f0485418a455fd1fb12f762bce11a855a1719d65b038b2f164f2604b962d47e,true
P10,1,EC05,Хоолны тухай бодол хийж байсан зүйлээс минь анхаарал сарниулсан.,Сүүлийн 14 хоног,0–4 frequency,Огт байгаагүй | Ховор | Заримдаа | Олон удаа | Бараг үргэлж,true,2026075065,9d54a43eef7b913909b43323a4ed57de14b68e690fb17cce813417495f367d14,true
P10,2,EE02,Сэтгэл гунигтай үед хоол идэх нь түр тайвшруулна гэж мэдэрсэн.,Сүүлийн 14 хоног,0–4 frequency,Огт байгаагүй | Ховор | Заримдаа | Олон удаа | Бараг үргэлж,true,2026075065,9d54a43eef7b913909b43323a4ed57de14b68e690fb17cce813417495f367d14,true
P10,3,HS01,Өлсөлт хэт хүчтэй болохоос өмнө биеийн дохиогоо анзаарсан.,Сүүлийн 14 хоног,0–4 frequency,Огт байгаагүй | Ховор | Заримдаа | Олон удаа | Бараг үргэлж,false,2026075065,9d54a43eef7b913909b43323a4ed57de14b68e690fb17cce813417495f367d14,true
P10,4,BI01,Биеийн төрхөөсөө санаа зовж зураг авахуулахаас зайлсхийсэн.,Сүүлийн 14 хоног,0–4 frequency,Огт байгаагүй | Ховор | Заримдаа | Олон удаа | Бараг үргэлж,true,2026075065,9d54a43eef7b913909b43323a4ed57de14b68e690fb17cce813417495f367d14,true
P10,5,UC02,Анх бодсоноосоо илүү хэмжээгээр идсэн.,Сүүлийн 14 хоног,0–4 frequency,Огт байгаагүй | Ховор | Заримдаа | Олон удаа | Бараг үргэлж,true,2026075065,9d54a43eef7b913909b43323a4ed57de14b68e690fb17cce813417495f367d14,true
P10,6,IM01,Юуг яг хэзээ хийх нь тодорхойгүйгээс төлөвлөгөөгөө эхлүүлээгүй.,Сүүлийн 14 хоног,0–4 frequency,Огт байгаагүй | Ховор | Заримдаа | Олон удаа | Бараг үргэлж,false,2026075065,9d54a43eef7b913909b43323a4ed57de14b68e690fb17cce813417495f367d14,true
P10,7,SE04,Идэх зүйл ойрхон байсан ч идэх эсэхээ бодож сонгож чадна гэдэгтээ хэр итгэлтэй байсан бэ?,Сүүлийн 14 хоног,0–4 confidence,Огт итгэлгүй | Бага зэрэг итгэлтэй | Дунд зэрэг итгэлтэй | Их итгэлтэй | Маш их итгэлтэй,false,2026075065,9d54a43eef7b913909b43323a4ed57de14b68e690fb17cce813417495f367d14,true
P10,8,HA04,Танил орчинд ороход идэх үйлдэл өөрөө эхэлдэг мэт байсан.,Сүүлийн 14 хоног,0–4 frequency,Огт байгаагүй | Ховор | Заримдаа | Олон удаа | Бараг үргэлж,false,2026075065,9d54a43eef7b913909b43323a4ed57de14b68e690fb17cce813417495f367d14,true
P10,9,BI02,Биеэ харах эвгүй санагдсанаас толиноос зайлсхийсэн.,Сүүлийн 14 хоног,0–4 frequency,Огт байгаагүй | Ховор | Заримдаа | Олон удаа | Бараг үргэлж,true,2026075065,9d54a43eef7b913909b43323a4ed57de14b68e690fb17cce813417495f367d14,true
P10,10,RR02,Зарим хоолыг өөртөө бүрэн хориглох дүрэм тогтоосон.,Сүүлийн 14 хоног,0–4 frequency,Огт байгаагүй | Ховор | Заримдаа | Олон удаа | Бараг үргэлж,true,2026075065,9d54a43eef7b913909b43323a4ed57de14b68e690fb17cce813417495f367d14,true
P10,11,EC03,Идэх зүйл ойрхон бэлэн байснаас төлөвлөөгүй үедээ идсэн.,Сүүлийн 14 хоног,0–4 frequency,Огт байгаагүй | Ховор | Заримдаа | Олон удаа | Бараг үргэлж,false,2026075065,9d54a43eef7b913909b43323a4ed57de14b68e690fb17cce813417495f367d14,true
P10,12,HS03,Өлссөнөө бие их сульдсаны дараа л анзаарсан.,Сүүлийн 14 хоног,0–4 frequency,Огт байгаагүй | Ховор | Заримдаа | Олон удаа | Бараг үргэлж,false,2026075065,9d54a43eef7b913909b43323a4ed57de14b68e690fb17cce813417495f367d14,true
P10,13,HA05,Зууш авахдаа үнэхээр хүсэж байгаа эсэхээ бодолгүй сонгосон.,Сүүлийн 14 хоног,0–4 frequency,Огт байгаагүй | Ховор | Заримдаа | Олон удаа | Бараг үргэлж,false,2026075065,9d54a43eef7b913909b43323a4ed57de14b68e690fb17cce813417495f367d14,true
P10,14,IM04,Өдрийн хуваарь өөрчлөгдөхөд төлөвлөгөө тэр чигтээ тасарсан.,Сүүлийн 14 хоног,0–4 frequency,Огт байгаагүй | Ховор | Заримдаа | Олон удаа | Бараг үргэлж,false,2026075065,9d54a43eef7b913909b43323a4ed57de14b68e690fb17cce813417495f367d14,true
P11,1,EC01,Өлсөөгүй байсан ч хоол хараад идэх хүсэл төрсөн.,Сүүлийн 14 хоног,0–4 frequency,Огт байгаагүй | Ховор | Заримдаа | Олон удаа | Бараг үргэлж,false,2026075065,f934484af633f28056869c19ae173062cc39f9becf81fb3bb165d240ca801d0c,true
P11,2,BI01,Биеийн төрхөөсөө санаа зовж зураг авахуулахаас зайлсхийсэн.,Сүүлийн 14 хоног,0–4 frequency,Огт байгаагүй | Ховор | Заримдаа | Олон удаа | Бараг үргэлж,true,2026075065,f934484af633f28056869c19ae173062cc39f9becf81fb3bb165d240ca801d0c,true
P11,3,EC05,Хоолны тухай бодол хийж байсан зүйлээс минь анхаарал сарниулсан.,Сүүлийн 14 хоног,0–4 frequency,Огт байгаагүй | Ховор | Заримдаа | Олон удаа | Бараг үргэлж,true,2026075065,f934484af633f28056869c19ae173062cc39f9becf81fb3bb165d240ca801d0c,true
P11,4,EE04,Ганцаардсан мэдрэмж төрөхөд идэх хүсэл нэмэгдсэн.,Сүүлийн 14 хоног,0–4 frequency,Огт байгаагүй | Ховор | Заримдаа | Олон удаа | Бараг үргэлж,true,2026075065,f934484af633f28056869c19ae173062cc39f9becf81fb3bb165d240ca801d0c,true
P11,5,IM05,Нэг удаа алгассан ч дараагийн боломж дээрээ эргэн үргэлжлүүлсэн.,Сүүлийн 14 хоног,0–4 frequency,Огт байгаагүй | Ховор | Заримдаа | Олон удаа | Бараг үргэлж,false,2026075065,f934484af633f28056869c19ae173062cc39f9becf81fb3bb165d240ca801d0c,true
P11,6,SE05,Нэг удаа төлөвлөснөөс өөр идсэн ч дараагийн боломж дээр эргэн үргэлжлүүлж чадна гэдэгтээ хэр итгэлтэй байсан бэ?,Сүүлийн 14 хоног,0–4 confidence,Огт итгэлгүй | Бага зэрэг итгэлтэй | Дунд зэрэг итгэлтэй | Их итгэлтэй | Маш их итгэлтэй,true,2026075065,f934484af633f28056869c19ae173062cc39f9becf81fb3bb165d240ca801d0c,true
P11,7,BI02,Биеэ харах эвгүй санагдсанаас толиноос зайлсхийсэн.,Сүүлийн 14 хоног,0–4 frequency,Огт байгаагүй | Ховор | Заримдаа | Олон удаа | Бараг үргэлж,true,2026075065,f934484af633f28056869c19ae173062cc39f9becf81fb3bb165d240ca801d0c,true
P11,8,EE01,Сүүлийн 14 хоногт стресстсэн үедээ өлсөөгүй байсан ч юм идсэн.,Сүүлийн 14 хоног,0–4 frequency,Огт байгаагүй | Ховор | Заримдаа | Олон удаа | Бараг үргэлж,true,2026075065,f934484af633f28056869c19ae173062cc39f9becf81fb3bb165d240ca801d0c,true
P11,9,RR02,Зарим хоолыг өөртөө бүрэн хориглох дүрэм тогтоосон.,Сүүлийн 14 хоног,0–4 frequency,Огт байгаагүй | Ховор | Заримдаа | Олон удаа | Бараг үргэлж,true,2026075065,f934484af633f28056869c19ae173062cc39f9becf81fb3bb165d240ca801d0c,true
P11,10,RR04,Нэг удаа төлөвлөснөөс өөр идсэний дараа үлдсэн өдрөө хяналтгүй орхисон.,Сүүлийн 14 хоног,0–4 frequency,Огт байгаагүй | Ховор | Заримдаа | Олон удаа | Бараг үргэлж,true,2026075065,f934484af633f28056869c19ae173062cc39f9becf81fb3bb165d240ca801d0c,true
P11,11,HA06,Давтагддаг нөхцөлд идэхээсээ өмнө сонголтоо зориуд хийсэн.,Сүүлийн 14 хоног,0–4 frequency,Огт байгаагүй | Ховор | Заримдаа | Олон удаа | Бараг үргэлж,false,2026075065,f934484af633f28056869c19ae173062cc39f9becf81fb3bb165d240ca801d0c,true
P11,12,HS01,Өлсөлт хэт хүчтэй болохоос өмнө биеийн дохиогоо анзаарсан.,Сүүлийн 14 хоног,0–4 frequency,Огт байгаагүй | Ховор | Заримдаа | Олон удаа | Бараг үргэлж,false,2026075065,f934484af633f28056869c19ae173062cc39f9becf81fb3bb165d240ca801d0c,true
P11,13,UC04,Идэж байхдаа үйлдлээ өөрөө удирдаж чадахгүй мэт санагдсан.,Сүүлийн 14 хоног,0–4 frequency,Огт байгаагүй | Ховор | Заримдаа | Олон удаа | Бараг үргэлж,true,2026075065,f934484af633f28056869c19ae173062cc39f9becf81fb3bb165d240ca801d0c,true
P11,14,HA02,Нэг үйлдлийн дараа юм идэх нь автоматаар үргэлжилдэг дараалал болсон.,Сүүлийн 14 хоног,0–4 frequency,Огт байгаагүй | Ховор | Заримдаа | Олон удаа | Бараг үргэлж,false,2026075065,f934484af633f28056869c19ae173062cc39f9becf81fb3bb165d240ca801d0c,true
P12,1,IM01,Юуг яг хэзээ хийх нь тодорхойгүйгээс төлөвлөгөөгөө эхлүүлээгүй.,Сүүлийн 14 хоног,0–4 frequency,Огт байгаагүй | Ховор | Заримдаа | Олон удаа | Бараг үргэлж,false,2026075065,5275c8a34626ec28c3e39a57a8f83dc85d70569c465e7f00baa84ce47c803b1f,true
P12,2,EC04,Хоолны апп эсвэл сурталчилгаа харсны дараа хоол бодогдсоор байсан.,Сүүлийн 14 хоног,0–4 frequency,Огт байгаагүй | Ховор | Заримдаа | Олон удаа | Бараг үргэлж,false,2026075065,5275c8a34626ec28c3e39a57a8f83dc85d70569c465e7f00baa84ce47c803b1f,true
P12,3,HS05,Цадсан эсэхээ мэдэхэд эргэлзсэн.,Сүүлийн 14 хоног,0–4 frequency,Огт байгаагүй | Ховор | Заримдаа | Олон удаа | Бараг үргэлж,false,2026075065,5275c8a34626ec28c3e39a57a8f83dc85d70569c465e7f00baa84ce47c803b1f,true
P12,4,SE04,Идэх зүйл ойрхон байсан ч идэх эсэхээ бодож сонгож чадна гэдэгтээ хэр итгэлтэй байсан бэ?,Сүүлийн 14 хоног,0–4 confidence,Огт итгэлгүй | Бага зэрэг итгэлтэй | Дунд зэрэг итгэлтэй | Их итгэлтэй | Маш их итгэлтэй,false,2026075065,5275c8a34626ec28c3e39a57a8f83dc85d70569c465e7f00baa84ce47c803b1f,true
P12,5,UC03,Цадсанаа анзаарсан ч үргэлжлүүлэн идсэн.,Сүүлийн 14 хоног,0–4 frequency,Огт байгаагүй | Ховор | Заримдаа | Олон удаа | Бараг үргэлж,true,2026075065,5275c8a34626ec28c3e39a57a8f83dc85d70569c465e7f00baa84ce47c803b1f,true
P12,6,RR01,Өөртөө тавьсан хоолны дүрмээс багахан зөрөхөд төлөвлөгөө нурсан мэт санагдсан.,Сүүлийн 14 хоног,0–4 frequency,Огт байгаагүй | Ховор | Заримдаа | Олон удаа | Бараг үргэлж,true,2026075065,5275c8a34626ec28c3e39a57a8f83dc85d70569c465e7f00baa84ce47c803b1f,true
P12,7,EE03,Уйдсан үедээ хийх зүйл хайхын оронд юм идэж эхэлсэн.,Сүүлийн 14 хоног,0–4 frequency,Огт байгаагүй | Ховор | Заримдаа | Олон удаа | Бараг үргэлж,false,2026075065,5275c8a34626ec28c3e39a57a8f83dc85d70569c465e7f00baa84ce47c803b1f,true
P12,8,IM04,Өдрийн хуваарь өөрчлөгдөхөд төлөвлөгөө тэр чигтээ тасарсан.,Сүүлийн 14 хоног,0–4 frequency,Огт байгаагүй | Ховор | Заримдаа | Олон удаа | Бараг үргэлж,false,2026075065,5275c8a34626ec28c3e39a57a8f83dc85d70569c465e7f00baa84ce47c803b1f,true
P12,9,HA04,Танил орчинд ороход идэх үйлдэл өөрөө эхэлдэг мэт байсан.,Сүүлийн 14 хоног,0–4 frequency,Огт байгаагүй | Ховор | Заримдаа | Олон удаа | Бараг үргэлж,false,2026075065,5275c8a34626ec28c3e39a57a8f83dc85d70569c465e7f00baa84ce47c803b1f,true
P12,10,RR05,Төлөвлөгөөнөөс хазайсныхаа дараа маргааш нь дүрмээ улам чангалсан.,Сүүлийн 14 хоног,0–4 frequency,Огт байгаагүй | Ховор | Заримдаа | Олон удаа | Бараг үргэлж,true,2026075065,5275c8a34626ec28c3e39a57a8f83dc85d70569c465e7f00baa84ce47c803b1f,true
P12,11,HS02,Идэх хүсэл төрөхөд өлссөн эсэхээ ялгаж чадсан.,Сүүлийн 14 хоног,0–4 frequency,Огт байгаагүй | Ховор | Заримдаа | Олон удаа | Бараг үргэлж,false,2026075065,5275c8a34626ec28c3e39a57a8f83dc85d70569c465e7f00baa84ce47c803b1f,true
P12,12,HA03,Идэж эхэлснээ хэдийн эхэлсний дараа анзаарсан.,Сүүлийн 14 хоног,0–4 frequency,Огт байгаагүй | Ховор | Заримдаа | Олон удаа | Бараг үргэлж,false,2026075065,5275c8a34626ec28c3e39a57a8f83dc85d70569c465e7f00baa84ce47c803b1f,true
P12,13,BI04,Биеийн төрхдөө санаа зовсноос хүмүүстэй хийх үйл ажиллагаанаас татгалзсан.,Сүүлийн 14 хоног,0–4 frequency,Огт байгаагүй | Ховор | Заримдаа | Олон удаа | Бараг үргэлж,true,2026075065,5275c8a34626ec28c3e39a57a8f83dc85d70569c465e7f00baa84ce47c803b1f,true
P12,14,BI05,Бусад хүн биеийг минь анзаарах вий гэж бодоод хөдөлгөөн хийхээс зайлсхийсэн.,Сүүлийн 14 хоног,0–4 frequency,Огт байгаагүй | Ховор | Заримдаа | Олон удаа | Бараг үргэлж,true,2026075065,5275c8a34626ec28c3e39a57a8f83dc85d70569c465e7f00baa84ce47c803b1f,true
P13,1,EE05,Уурлаж эсвэл бухимдсаны дараа хоол руу хандсан.,Сүүлийн 14 хоног,0–4 frequency,Огт байгаагүй | Ховор | Заримдаа | Олон удаа | Бараг үргэлж,true,2026075065,f592e688093fa40acb772114f29054d4a1ee1beed28e9b5e407a32746e591037,true
P13,2,RR01,Өөртөө тавьсан хоолны дүрмээс багахан зөрөхөд төлөвлөгөө нурсан мэт санагдсан.,Сүүлийн 14 хоног,0–4 frequency,Огт байгаагүй | Ховор | Заримдаа | Олон удаа | Бараг үргэлж,true,2026075065,f592e688093fa40acb772114f29054d4a1ee1beed28e9b5e407a32746e591037,true
P13,3,HA01,Тодорхой цаг эсвэл газар болоход бодолгүйгээр идэх зүйл рүү гараа сунгасан.,Сүүлийн 14 хоног,0–4 frequency,Огт байгаагүй | Ховор | Заримдаа | Олон удаа | Бараг үргэлж,false,2026075065,f592e688093fa40acb772114f29054d4a1ee1beed28e9b5e407a32746e591037,true
P13,4,SE05,Нэг удаа төлөвлөснөөс өөр идсэн ч дараагийн боломж дээр эргэн үргэлжлүүлж чадна гэдэгтээ хэр итгэлтэй байсан бэ?,Сүүлийн 14 хоног,0–4 confidence,Огт итгэлгүй | Бага зэрэг итгэлтэй | Дунд зэрэг итгэлтэй | Их итгэлтэй | Маш их итгэлтэй,true,2026075065,f592e688093fa40acb772114f29054d4a1ee1beed28e9b5e407a32746e591037,true
P13,5,BI03,Биеийн төрхөөсөө болж өмсөхийг хүссэн хувцсаа сонгоогүй.,Сүүлийн 14 хоног,0–4 frequency,Огт байгаагүй | Ховор | Заримдаа | Олон удаа | Бараг үргэлж,true,2026075065,f592e688093fa40acb772114f29054d4a1ee1beed28e9b5e407a32746e591037,true
P13,6,HS01,Өлсөлт хэт хүчтэй болохоос өмнө биеийн дохиогоо анзаарсан.,Сүүлийн 14 хоног,0–4 frequency,Огт байгаагүй | Ховор | Заримдаа | Олон удаа | Бараг үргэлж,false,2026075065,f592e688093fa40acb772114f29054d4a1ee1beed28e9b5e407a32746e591037,true
P13,7,IM05,Нэг удаа алгассан ч дараагийн боломж дээрээ эргэн үргэлжлүүлсэн.,Сүүлийн 14 хоног,0–4 frequency,Огт байгаагүй | Ховор | Заримдаа | Олон удаа | Бараг үргэлж,false,2026075065,f592e688093fa40acb772114f29054d4a1ee1beed28e9b5e407a32746e591037,true
P13,8,AC02,Сүүлийн 14 хоногт асуулт бүрт нэг ижил хариулт сонгох шаардлагатай мэт санагдсан.,Сүүлийн 14 хоног,0–4 frequency,Огт байгаагүй | Ховор | Заримдаа | Олон удаа | Бараг үргэлж,false,2026075065,f592e688093fa40acb772114f29054d4a1ee1beed28e9b5e407a32746e591037,true
P13,9,EC05,Хоолны тухай бодол хийж байсан зүйлээс минь анхаарал сарниулсан.,Сүүлийн 14 хоног,0–4 frequency,Огт байгаагүй | Ховор | Заримдаа | Олон удаа | Бараг үргэлж,true,2026075065,f592e688093fa40acb772114f29054d4a1ee1beed28e9b5e407a32746e591037,true
P13,10,UC04,Идэж байхдаа үйлдлээ өөрөө удирдаж чадахгүй мэт санагдсан.,Сүүлийн 14 хоног,0–4 frequency,Огт байгаагүй | Ховор | Заримдаа | Олон удаа | Бараг үргэлж,true,2026075065,f592e688093fa40acb772114f29054d4a1ee1beed28e9b5e407a32746e591037,true
P13,11,SE03,Бусадтай хамт хооллох үед өөрийн сонголтоо тайван хийж чадна гэдэгтээ хэр итгэлтэй байсан бэ?,Сүүлийн 14 хоног,0–4 confidence,Огт итгэлгүй | Бага зэрэг итгэлтэй | Дунд зэрэг итгэлтэй | Их итгэлтэй | Маш их итгэлтэй,true,2026075065,f592e688093fa40acb772114f29054d4a1ee1beed28e9b5e407a32746e591037,true
P13,12,EC03,Идэх зүйл ойрхон бэлэн байснаас төлөвлөөгүй үедээ идсэн.,Сүүлийн 14 хоног,0–4 frequency,Огт байгаагүй | Ховор | Заримдаа | Олон удаа | Бараг үргэлж,false,2026075065,f592e688093fa40acb772114f29054d4a1ee1beed28e9b5e407a32746e591037,true
P13,13,UC03,Цадсанаа анзаарсан ч үргэлжлүүлэн идсэн.,Сүүлийн 14 хоног,0–4 frequency,Огт байгаагүй | Ховор | Заримдаа | Олон удаа | Бараг үргэлж,true,2026075065,f592e688093fa40acb772114f29054d4a1ee1beed28e9b5e407a32746e591037,true
P13,14,RR06,Төлөвлөснөөс өөр идсэн ч дараагийн хоолноос хэвийн хэмнэлдээ орсон.,Сүүлийн 14 хоног,0–4 frequency,Огт байгаагүй | Ховор | Заримдаа | Олон удаа | Бараг үргэлж,true,2026075065,f592e688093fa40acb772114f29054d4a1ee1beed28e9b5e407a32746e591037,true
P14,1,SE02,Зав багатай үед өөрт тохирох боломжит хоолны сонголт хийж чадна гэдэгтээ хэр итгэлтэй байсан бэ?,Сүүлийн 14 хоног,0–4 confidence,Огт итгэлгүй | Бага зэрэг итгэлтэй | Дунд зэрэг итгэлтэй | Их итгэлтэй | Маш их итгэлтэй,false,2026075065,761dac83752550fa8be1911319ae0dac15e835aef51e30dc80516d72b1986e11,true
P14,2,HA03,Идэж эхэлснээ хэдийн эхэлсний дараа анзаарсан.,Сүүлийн 14 хоног,0–4 frequency,Огт байгаагүй | Ховор | Заримдаа | Олон удаа | Бараг үргэлж,false,2026075065,761dac83752550fa8be1911319ae0dac15e835aef51e30dc80516d72b1986e11,true
P14,3,EC06,Хоол харсан эсвэл үнэртсэн ч анхаарлаа өөр зүйлд буцааж чадсан.,Сүүлийн 14 хоног,0–4 frequency,Огт байгаагүй | Ховор | Заримдаа | Олон удаа | Бараг үргэлж,false,2026075065,761dac83752550fa8be1911319ae0dac15e835aef51e30dc80516d72b1986e11,true
P14,4,HA04,Танил орчинд ороход идэх үйлдэл өөрөө эхэлдэг мэт байсан.,Сүүлийн 14 хоног,0–4 frequency,Огт байгаагүй | Ховор | Заримдаа | Олон удаа | Бараг үргэлж,false,2026075065,761dac83752550fa8be1911319ae0dac15e835aef51e30dc80516d72b1986e11,true
P14,5,EE03,Уйдсан үедээ хийх зүйл хайхын оронд юм идэж эхэлсэн.,Сүүлийн 14 хоног,0–4 frequency,Огт байгаагүй | Ховор | Заримдаа | Олон удаа | Бараг үргэлж,false,2026075065,761dac83752550fa8be1911319ae0dac15e835aef51e30dc80516d72b1986e11,true
P14,6,EC02,Хоолны үнэр анхаарлыг минь татаж идэхээр шийдэхэд нөлөөлсөн.,Сүүлийн 14 хоног,0–4 frequency,Огт байгаагүй | Ховор | Заримдаа | Олон удаа | Бараг үргэлж,false,2026075065,761dac83752550fa8be1911319ae0dac15e835aef51e30dc80516d72b1986e11,true
P14,7,RR03,Төлөвлөгөөгөө яг дагаагүй бол тэр өдрийг бүтэлгүй гэж үзсэн.,Сүүлийн 14 хоног,0–4 frequency,Огт байгаагүй | Ховор | Заримдаа | Олон удаа | Бараг үргэлж,true,2026075065,761dac83752550fa8be1911319ae0dac15e835aef51e30dc80516d72b1986e11,true
P14,8,IM03,Завгүй өдөр хийх хамгийн жижиг хувилбар надад бэлэн байсан.,Сүүлийн 14 хоног,0–4 frequency,Огт байгаагүй | Ховор | Заримдаа | Олон удаа | Бараг үргэлж,false,2026075065,761dac83752550fa8be1911319ae0dac15e835aef51e30dc80516d72b1986e11,true
P14,9,SE06,Ядарсан үедээ ч өөрт боломжтой хамгийн жижиг хувилбарыг сонгож чадна гэдэгтээ хэр итгэлтэй байсан бэ?,Сүүлийн 14 хоног,0–4 confidence,Огт итгэлгүй | Бага зэрэг итгэлтэй | Дунд зэрэг итгэлтэй | Их итгэлтэй | Маш их итгэлтэй,false,2026075065,761dac83752550fa8be1911319ae0dac15e835aef51e30dc80516d72b1986e11,true
P14,10,BI02,Биеэ харах эвгүй санагдсанаас толиноос зайлсхийсэн.,Сүүлийн 14 хоног,0–4 frequency,Огт байгаагүй | Ховор | Заримдаа | Олон удаа | Бараг үргэлж,true,2026075065,761dac83752550fa8be1911319ae0dac15e835aef51e30dc80516d72b1986e11,true
P14,11,IM06,Нэг өдөр хийж чадсан зүйлээ дараагийн өдрүүдэд давтахад хэцүү байсан.,Сүүлийн 14 хоног,0–4 frequency,Огт байгаагүй | Ховор | Заримдаа | Олон удаа | Бараг үргэлж,false,2026075065,761dac83752550fa8be1911319ae0dac15e835aef51e30dc80516d72b1986e11,true
P14,12,BI05,Бусад хүн биеийг минь анзаарах вий гэж бодоод хөдөлгөөн хийхээс зайлсхийсэн.,Сүүлийн 14 хоног,0–4 frequency,Огт байгаагүй | Ховор | Заримдаа | Олон удаа | Бараг үргэлж,true,2026075065,761dac83752550fa8be1911319ae0dac15e835aef51e30dc80516d72b1986e11,true
P14,13,UC02,Анх бодсоноосоо илүү хэмжээгээр идсэн.,Сүүлийн 14 хоног,0–4 frequency,Огт байгаагүй | Ховор | Заримдаа | Олон удаа | Бараг үргэлж,true,2026075065,761dac83752550fa8be1911319ae0dac15e835aef51e30dc80516d72b1986e11,true
P14,14,HS02,Идэх хүсэл төрөхөд өлссөн эсэхээ ялгаж чадсан.,Сүүлийн 14 хоног,0–4 frequency,Огт байгаагүй | Ховор | Заримдаа | Олон удаа | Бараг үргэлж,false,2026075065,761dac83752550fa8be1911319ae0dac15e835aef51e30dc80516d72b1986e11,true
P15,1,HA04,Танил орчинд ороход идэх үйлдэл өөрөө эхэлдэг мэт байсан.,Сүүлийн 14 хоног,0–4 frequency,Огт байгаагүй | Ховор | Заримдаа | Олон удаа | Бараг үргэлж,false,2026075065,06db07b03c6e52d07c6fa5566972756314852577e65f114bfb8bc33a593c6ee3,true
P15,2,RR04,Нэг удаа төлөвлөснөөс өөр идсэний дараа үлдсэн өдрөө хяналтгүй орхисон.,Сүүлийн 14 хоног,0–4 frequency,Огт байгаагүй | Ховор | Заримдаа | Олон удаа | Бараг үргэлж,true,2026075065,06db07b03c6e52d07c6fa5566972756314852577e65f114bfb8bc33a593c6ee3,true
P15,3,SE03,Бусадтай хамт хооллох үед өөрийн сонголтоо тайван хийж чадна гэдэгтээ хэр итгэлтэй байсан бэ?,Сүүлийн 14 хоног,0–4 confidence,Огт итгэлгүй | Бага зэрэг итгэлтэй | Дунд зэрэг итгэлтэй | Их итгэлтэй | Маш их итгэлтэй,true,2026075065,06db07b03c6e52d07c6fa5566972756314852577e65f114bfb8bc33a593c6ee3,true
P15,4,HS05,Цадсан эсэхээ мэдэхэд эргэлзсэн.,Сүүлийн 14 хоног,0–4 frequency,Огт байгаагүй | Ховор | Заримдаа | Олон удаа | Бараг үргэлж,false,2026075065,06db07b03c6e52d07c6fa5566972756314852577e65f114bfb8bc33a593c6ee3,true
P15,5,BI03,Биеийн төрхөөсөө болж өмсөхийг хүссэн хувцсаа сонгоогүй.,Сүүлийн 14 хоног,0–4 frequency,Огт байгаагүй | Ховор | Заримдаа | Олон удаа | Бараг үргэлж,true,2026075065,06db07b03c6e52d07c6fa5566972756314852577e65f114bfb8bc33a593c6ee3,true
P15,6,HS06,Биеийн дохио тодорхой байсан ч хэзээ эхлэх эсвэл зогсохоо шийдэхэд ашиглаж чадаагүй.,Сүүлийн 14 хоног,0–4 frequency,Огт байгаагүй | Ховор | Заримдаа | Олон удаа | Бараг үргэлж,false,2026075065,06db07b03c6e52d07c6fa5566972756314852577e65f114bfb8bc33a593c6ee3,true
P15,7,IM06,Нэг өдөр хийж чадсан зүйлээ дараагийн өдрүүдэд давтахад хэцүү байсан.,Сүүлийн 14 хоног,0–4 frequency,Огт байгаагүй | Ховор | Заримдаа | Олон удаа | Бараг үргэлж,false,2026075065,06db07b03c6e52d07c6fa5566972756314852577e65f114bfb8bc33a593c6ee3,true
P15,8,EC05,Хоолны тухай бодол хийж байсан зүйлээс минь анхаарал сарниулсан.,Сүүлийн 14 хоног,0–4 frequency,Огт байгаагүй | Ховор | Заримдаа | Олон удаа | Бараг үргэлж,true,2026075065,06db07b03c6e52d07c6fa5566972756314852577e65f114bfb8bc33a593c6ee3,true
P15,9,EE02,Сэтгэл гунигтай үед хоол идэх нь түр тайвшруулна гэж мэдэрсэн.,Сүүлийн 14 хоног,0–4 frequency,Огт байгаагүй | Ховор | Заримдаа | Олон удаа | Бараг үргэлж,true,2026075065,06db07b03c6e52d07c6fa5566972756314852577e65f114bfb8bc33a593c6ee3,true
P15,10,EC04,Хоолны апп эсвэл сурталчилгаа харсны дараа хоол бодогдсоор байсан.,Сүүлийн 14 хоног,0–4 frequency,Огт байгаагүй | Ховор | Заримдаа | Олон удаа | Бараг үргэлж,false,2026075065,06db07b03c6e52d07c6fa5566972756314852577e65f114bfb8bc33a593c6ee3,true
P15,11,RR03,Төлөвлөгөөгөө яг дагаагүй бол тэр өдрийг бүтэлгүй гэж үзсэн.,Сүүлийн 14 хоног,0–4 frequency,Огт байгаагүй | Ховор | Заримдаа | Олон удаа | Бараг үргэлж,true,2026075065,06db07b03c6e52d07c6fa5566972756314852577e65f114bfb8bc33a593c6ee3,true
P15,12,HA02,Нэг үйлдлийн дараа юм идэх нь автоматаар үргэлжилдэг дараалал болсон.,Сүүлийн 14 хоног,0–4 frequency,Огт байгаагүй | Ховор | Заримдаа | Олон удаа | Бараг үргэлж,false,2026075065,06db07b03c6e52d07c6fa5566972756314852577e65f114bfb8bc33a593c6ee3,true
P15,13,EE05,Уурлаж эсвэл бухимдсаны дараа хоол руу хандсан.,Сүүлийн 14 хоног,0–4 frequency,Огт байгаагүй | Ховор | Заримдаа | Олон удаа | Бараг үргэлж,true,2026075065,06db07b03c6e52d07c6fa5566972756314852577e65f114bfb8bc33a593c6ee3,true
P15,14,UC06,Идэж байхдаа түр зогсоод үргэлжлүүлэх эсэхээ бодож чадсан.,Сүүлийн 14 хоног,0–4 frequency,Огт байгаагүй | Ховор | Заримдаа | Олон удаа | Бараг үргэлж,true,2026075065,06db07b03c6e52d07c6fa5566972756314852577e65f114bfb8bc33a593c6ee3,true
P16,1,EE02,Сэтгэл гунигтай үед хоол идэх нь түр тайвшруулна гэж мэдэрсэн.,Сүүлийн 14 хоног,0–4 frequency,Огт байгаагүй | Ховор | Заримдаа | Олон удаа | Бараг үргэлж,true,2026075065,ccd27f1d477ac344f93a63d090bbf32aeb8f13d31d87346f1cd72a00e74bd549,true
P16,2,EC01,Өлсөөгүй байсан ч хоол хараад идэх хүсэл төрсөн.,Сүүлийн 14 хоног,0–4 frequency,Огт байгаагүй | Ховор | Заримдаа | Олон удаа | Бараг үргэлж,false,2026075065,ccd27f1d477ac344f93a63d090bbf32aeb8f13d31d87346f1cd72a00e74bd549,true
P16,3,HS02,Идэх хүсэл төрөхөд өлссөн эсэхээ ялгаж чадсан.,Сүүлийн 14 хоног,0–4 frequency,Огт байгаагүй | Ховор | Заримдаа | Олон удаа | Бараг үргэлж,false,2026075065,ccd27f1d477ac344f93a63d090bbf32aeb8f13d31d87346f1cd72a00e74bd549,true
P16,4,RR01,Өөртөө тавьсан хоолны дүрмээс багахан зөрөхөд төлөвлөгөө нурсан мэт санагдсан.,Сүүлийн 14 хоног,0–4 frequency,Огт байгаагүй | Ховор | Заримдаа | Олон удаа | Бараг үргэлж,true,2026075065,ccd27f1d477ac344f93a63d090bbf32aeb8f13d31d87346f1cd72a00e74bd549,true
P16,5,HA05,Зууш авахдаа үнэхээр хүсэж байгаа эсэхээ бодолгүй сонгосон.,Сүүлийн 14 хоног,0–4 frequency,Огт байгаагүй | Ховор | Заримдаа | Олон удаа | Бараг үргэлж,false,2026075065,ccd27f1d477ac344f93a63d090bbf32aeb8f13d31d87346f1cd72a00e74bd549,true
P16,6,HA03,Идэж эхэлснээ хэдийн эхэлсний дараа анзаарсан.,Сүүлийн 14 хоног,0–4 frequency,Огт байгаагүй | Ховор | Заримдаа | Олон удаа | Бараг үргэлж,false,2026075065,ccd27f1d477ac344f93a63d090bbf32aeb8f13d31d87346f1cd72a00e74bd549,true
P16,7,SE02,Зав багатай үед өөрт тохирох боломжит хоолны сонголт хийж чадна гэдэгтээ хэр итгэлтэй байсан бэ?,Сүүлийн 14 хоног,0–4 confidence,Огт итгэлгүй | Бага зэрэг итгэлтэй | Дунд зэрэг итгэлтэй | Их итгэлтэй | Маш их итгэлтэй,false,2026075065,ccd27f1d477ac344f93a63d090bbf32aeb8f13d31d87346f1cd72a00e74bd549,true
P16,8,HS05,Цадсан эсэхээ мэдэхэд эргэлзсэн.,Сүүлийн 14 хоног,0–4 frequency,Огт байгаагүй | Ховор | Заримдаа | Олон удаа | Бараг үргэлж,false,2026075065,ccd27f1d477ac344f93a63d090bbf32aeb8f13d31d87346f1cd72a00e74bd549,true
P16,9,UC03,Цадсанаа анзаарсан ч үргэлжлүүлэн идсэн.,Сүүлийн 14 хоног,0–4 frequency,Огт байгаагүй | Ховор | Заримдаа | Олон удаа | Бараг үргэлж,true,2026075065,ccd27f1d477ac344f93a63d090bbf32aeb8f13d31d87346f1cd72a00e74bd549,true
P16,10,UC01,Идэж эхэлсний дараа хүссэн үедээ зогсоох хэцүү байсан.,Сүүлийн 14 хоног,0–4 frequency,Огт байгаагүй | Ховор | Заримдаа | Олон удаа | Бараг үргэлж,true,2026075065,ccd27f1d477ac344f93a63d090bbf32aeb8f13d31d87346f1cd72a00e74bd549,true
P16,11,AC02,Сүүлийн 14 хоногт асуулт бүрт нэг ижил хариулт сонгох шаардлагатай мэт санагдсан.,Сүүлийн 14 хоног,0–4 frequency,Огт байгаагүй | Ховор | Заримдаа | Олон удаа | Бараг үргэлж,false,2026075065,ccd27f1d477ac344f93a63d090bbf32aeb8f13d31d87346f1cd72a00e74bd549,true
P16,12,IM03,Завгүй өдөр хийх хамгийн жижиг хувилбар надад бэлэн байсан.,Сүүлийн 14 хоног,0–4 frequency,Огт байгаагүй | Ховор | Заримдаа | Олон удаа | Бараг үргэлж,false,2026075065,ccd27f1d477ac344f93a63d090bbf32aeb8f13d31d87346f1cd72a00e74bd549,true
P16,13,EE06,Таагүй мэдрэмжээ хоол идэлгүй өнгөрөөж чадсан.,Сүүлийн 14 хоног,0–4 frequency,Огт байгаагүй | Ховор | Заримдаа | Олон удаа | Бараг үргэлж,true,2026075065,ccd27f1d477ac344f93a63d090bbf32aeb8f13d31d87346f1cd72a00e74bd549,true
P16,14,BI06,Биеийнхээ талаар тавгүй байсан ч хүссэн үйл ажиллагаандаа оролцсон.,Сүүлийн 14 хоног,0–4 frequency,Огт байгаагүй | Ховор | Заримдаа | Олон удаа | Бараг үргэлж,true,2026075065,ccd27f1d477ac344f93a63d090bbf32aeb8f13d31d87346f1cd72a00e74bd549,true
P17,1,RR02,Зарим хоолыг өөртөө бүрэн хориглох дүрэм тогтоосон.,Сүүлийн 14 хоног,0–4 frequency,Огт байгаагүй | Ховор | Заримдаа | Олон удаа | Бараг үргэлж,true,2026075065,ab02f84b85fce9bbbfc13a2035633a451ca491a9ba54b85615bb2a0d1a66711f,true
P17,2,IM04,Өдрийн хуваарь өөрчлөгдөхөд төлөвлөгөө тэр чигтээ тасарсан.,Сүүлийн 14 хоног,0–4 frequency,Огт байгаагүй | Ховор | Заримдаа | Олон удаа | Бараг үргэлж,false,2026075065,ab02f84b85fce9bbbfc13a2035633a451ca491a9ba54b85615bb2a0d1a66711f,true
P17,3,EC04,Хоолны апп эсвэл сурталчилгаа харсны дараа хоол бодогдсоор байсан.,Сүүлийн 14 хоног,0–4 frequency,Огт байгаагүй | Ховор | Заримдаа | Олон удаа | Бараг үргэлж,false,2026075065,ab02f84b85fce9bbbfc13a2035633a451ca491a9ba54b85615bb2a0d1a66711f,true
P17,4,EE05,Уурлаж эсвэл бухимдсаны дараа хоол руу хандсан.,Сүүлийн 14 хоног,0–4 frequency,Огт байгаагүй | Ховор | Заримдаа | Олон удаа | Бараг үргэлж,true,2026075065,ab02f84b85fce9bbbfc13a2035633a451ca491a9ba54b85615bb2a0d1a66711f,true
P17,5,HS04,Тав тухтай цадсан мөчөө идэж байхдаа анзаарсан.,Сүүлийн 14 хоног,0–4 frequency,Огт байгаагүй | Ховор | Заримдаа | Олон удаа | Бараг үргэлж,false,2026075065,ab02f84b85fce9bbbfc13a2035633a451ca491a9ba54b85615bb2a0d1a66711f,true
P17,6,BI03,Биеийн төрхөөсөө болж өмсөхийг хүссэн хувцсаа сонгоогүй.,Сүүлийн 14 хоног,0–4 frequency,Огт байгаагүй | Ховор | Заримдаа | Олон удаа | Бараг үргэлж,true,2026075065,ab02f84b85fce9bbbfc13a2035633a451ca491a9ba54b85615bb2a0d1a66711f,true
P17,7,SE01,Стресстэй өдөр өөрийн сонгосон уян хатан хоолны төлөвлөгөөг хэрэгжүүлж чадна гэдэгтээ хэр итгэлтэй байсан бэ?,Сүүлийн 14 хоног,0–4 confidence,Огт итгэлгүй | Бага зэрэг итгэлтэй | Дунд зэрэг итгэлтэй | Их итгэлтэй | Маш их итгэлтэй,true,2026075065,ab02f84b85fce9bbbfc13a2035633a451ca491a9ba54b85615bb2a0d1a66711f,true
P17,8,IM05,Нэг удаа алгассан ч дараагийн боломж дээрээ эргэн үргэлжлүүлсэн.,Сүүлийн 14 хоног,0–4 frequency,Огт байгаагүй | Ховор | Заримдаа | Олон удаа | Бараг үргэлж,false,2026075065,ab02f84b85fce9bbbfc13a2035633a451ca491a9ba54b85615bb2a0d1a66711f,true
P17,9,BI02,Биеэ харах эвгүй санагдсанаас толиноос зайлсхийсэн.,Сүүлийн 14 хоног,0–4 frequency,Огт байгаагүй | Ховор | Заримдаа | Олон удаа | Бараг үргэлж,true,2026075065,ab02f84b85fce9bbbfc13a2035633a451ca491a9ba54b85615bb2a0d1a66711f,true
P17,10,UC04,Идэж байхдаа үйлдлээ өөрөө удирдаж чадахгүй мэт санагдсан.,Сүүлийн 14 хоног,0–4 frequency,Огт байгаагүй | Ховор | Заримдаа | Олон удаа | Бараг үргэлж,true,2026075065,ab02f84b85fce9bbbfc13a2035633a451ca491a9ba54b85615bb2a0d1a66711f,true
P17,11,UC05,Багахан иднэ гэж эхэлсэн ч үргэлжлүүлээд идсэн.,Сүүлийн 14 хоног,0–4 frequency,Огт байгаагүй | Ховор | Заримдаа | Олон удаа | Бараг үргэлж,true,2026075065,ab02f84b85fce9bbbfc13a2035633a451ca491a9ba54b85615bb2a0d1a66711f,true
P17,12,HA01,Тодорхой цаг эсвэл газар болоход бодолгүйгээр идэх зүйл рүү гараа сунгасан.,Сүүлийн 14 хоног,0–4 frequency,Огт байгаагүй | Ховор | Заримдаа | Олон удаа | Бараг үргэлж,false,2026075065,ab02f84b85fce9bbbfc13a2035633a451ca491a9ba54b85615bb2a0d1a66711f,true
P17,13,EC05,Хоолны тухай бодол хийж байсан зүйлээс минь анхаарал сарниулсан.,Сүүлийн 14 хоног,0–4 frequency,Огт байгаагүй | Ховор | Заримдаа | Олон удаа | Бараг үргэлж,true,2026075065,ab02f84b85fce9bbbfc13a2035633a451ca491a9ba54b85615bb2a0d1a66711f,true
P17,14,EE04,Ганцаардсан мэдрэмж төрөхөд идэх хүсэл нэмэгдсэн.,Сүүлийн 14 хоног,0–4 frequency,Огт байгаагүй | Ховор | Заримдаа | Олон удаа | Бараг үргэлж,true,2026075065,ab02f84b85fce9bbbfc13a2035633a451ca491a9ba54b85615bb2a0d1a66711f,true
P18,1,HS05,Цадсан эсэхээ мэдэхэд эргэлзсэн.,Сүүлийн 14 хоног,0–4 frequency,Огт байгаагүй | Ховор | Заримдаа | Олон удаа | Бараг үргэлж,false,2026075065,ac33a70369b8628bb60d3e6601809a522e4116ef76cb8ba2fd1374553995928f,true
P18,2,AC01,Энэ мөрөнд хариултын чанарыг шалгахын тулд «Заримдаа»-г сонгоно уу.,Одоогийн асуулт,0–4 frequency,Огт байгаагүй | Ховор | Заримдаа | Олон удаа | Бараг үргэлж,false,2026075065,ac33a70369b8628bb60d3e6601809a522e4116ef76cb8ba2fd1374553995928f,true
P18,3,RR06,Төлөвлөснөөс өөр идсэн ч дараагийн хоолноос хэвийн хэмнэлдээ орсон.,Сүүлийн 14 хоног,0–4 frequency,Огт байгаагүй | Ховор | Заримдаа | Олон удаа | Бараг үргэлж,true,2026075065,ac33a70369b8628bb60d3e6601809a522e4116ef76cb8ba2fd1374553995928f,true
P18,4,EE04,Ганцаардсан мэдрэмж төрөхөд идэх хүсэл нэмэгдсэн.,Сүүлийн 14 хоног,0–4 frequency,Огт байгаагүй | Ховор | Заримдаа | Олон удаа | Бараг үргэлж,true,2026075065,ac33a70369b8628bb60d3e6601809a522e4116ef76cb8ba2fd1374553995928f,true
P18,5,UC06,Идэж байхдаа түр зогсоод үргэлжлүүлэх эсэхээ бодож чадсан.,Сүүлийн 14 хоног,0–4 frequency,Огт байгаагүй | Ховор | Заримдаа | Олон удаа | Бараг үргэлж,true,2026075065,ac33a70369b8628bb60d3e6601809a522e4116ef76cb8ba2fd1374553995928f,true
P18,6,EC02,Хоолны үнэр анхаарлыг минь татаж идэхээр шийдэхэд нөлөөлсөн.,Сүүлийн 14 хоног,0–4 frequency,Огт байгаагүй | Ховор | Заримдаа | Олон удаа | Бараг үргэлж,false,2026075065,ac33a70369b8628bb60d3e6601809a522e4116ef76cb8ba2fd1374553995928f,true
P18,7,RR01,Өөртөө тавьсан хоолны дүрмээс багахан зөрөхөд төлөвлөгөө нурсан мэт санагдсан.,Сүүлийн 14 хоног,0–4 frequency,Огт байгаагүй | Ховор | Заримдаа | Олон удаа | Бараг үргэлж,true,2026075065,ac33a70369b8628bb60d3e6601809a522e4116ef76cb8ba2fd1374553995928f,true
P18,8,EE01,Сүүлийн 14 хоногт стресстсэн үедээ өлсөөгүй байсан ч юм идсэн.,Сүүлийн 14 хоног,0–4 frequency,Огт байгаагүй | Ховор | Заримдаа | Олон удаа | Бараг үргэлж,true,2026075065,ac33a70369b8628bb60d3e6601809a522e4116ef76cb8ba2fd1374553995928f,true
P18,9,HA03,Идэж эхэлснээ хэдийн эхэлсний дараа анзаарсан.,Сүүлийн 14 хоног,0–4 frequency,Огт байгаагүй | Ховор | Заримдаа | Олон удаа | Бараг үргэлж,false,2026075065,ac33a70369b8628bb60d3e6601809a522e4116ef76cb8ba2fd1374553995928f,true
P18,10,IM02,Хэрэгжүүлэхэд олон бэлтгэл шаардсанаас төлөвлөгөө хойшилсон.,Сүүлийн 14 хоног,0–4 frequency,Огт байгаагүй | Ховор | Заримдаа | Олон удаа | Бараг үргэлж,false,2026075065,ac33a70369b8628bb60d3e6601809a522e4116ef76cb8ba2fd1374553995928f,true
P18,11,SE05,Нэг удаа төлөвлөснөөс өөр идсэн ч дараагийн боломж дээр эргэн үргэлжлүүлж чадна гэдэгтээ хэр итгэлтэй байсан бэ?,Сүүлийн 14 хоног,0–4 confidence,Огт итгэлгүй | Бага зэрэг итгэлтэй | Дунд зэрэг итгэлтэй | Их итгэлтэй | Маш их итгэлтэй,true,2026075065,ac33a70369b8628bb60d3e6601809a522e4116ef76cb8ba2fd1374553995928f,true
P18,12,BI06,Биеийнхээ талаар тавгүй байсан ч хүссэн үйл ажиллагаандаа оролцсон.,Сүүлийн 14 хоног,0–4 frequency,Огт байгаагүй | Ховор | Заримдаа | Олон удаа | Бараг үргэлж,true,2026075065,ac33a70369b8628bb60d3e6601809a522e4116ef76cb8ba2fd1374553995928f,true
P18,13,SE01,Стресстэй өдөр өөрийн сонгосон уян хатан хоолны төлөвлөгөөг хэрэгжүүлж чадна гэдэгтээ хэр итгэлтэй байсан бэ?,Сүүлийн 14 хоног,0–4 confidence,Огт итгэлгүй | Бага зэрэг итгэлтэй | Дунд зэрэг итгэлтэй | Их итгэлтэй | Маш их итгэлтэй,true,2026075065,ac33a70369b8628bb60d3e6601809a522e4116ef76cb8ba2fd1374553995928f,true
P18,14,HS02,Идэх хүсэл төрөхөд өлссөн эсэхээ ялгаж чадсан.,Сүүлийн 14 хоног,0–4 frequency,Огт байгаагүй | Ховор | Заримдаа | Олон удаа | Бараг үргэлж,false,2026075065,ac33a70369b8628bb60d3e6601809a522e4116ef76cb8ba2fd1374553995928f,true
P19,1,IM02,Хэрэгжүүлэхэд олон бэлтгэл шаардсанаас төлөвлөгөө хойшилсон.,Сүүлийн 14 хоног,0–4 frequency,Огт байгаагүй | Ховор | Заримдаа | Олон удаа | Бараг үргэлж,false,2026075065,a5bcd7a0c40631b55f7913d87ea62f011d7758c1c0bad8a9a2d7e239170793b4,true
P19,2,SE03,Бусадтай хамт хооллох үед өөрийн сонголтоо тайван хийж чадна гэдэгтээ хэр итгэлтэй байсан бэ?,Сүүлийн 14 хоног,0–4 confidence,Огт итгэлгүй | Бага зэрэг итгэлтэй | Дунд зэрэг итгэлтэй | Их итгэлтэй | Маш их итгэлтэй,true,2026075065,a5bcd7a0c40631b55f7913d87ea62f011d7758c1c0bad8a9a2d7e239170793b4,true
P19,3,HA04,Танил орчинд ороход идэх үйлдэл өөрөө эхэлдэг мэт байсан.,Сүүлийн 14 хоног,0–4 frequency,Огт байгаагүй | Ховор | Заримдаа | Олон удаа | Бараг үргэлж,false,2026075065,a5bcd7a0c40631b55f7913d87ea62f011d7758c1c0bad8a9a2d7e239170793b4,true
P19,4,EC01,Өлсөөгүй байсан ч хоол хараад идэх хүсэл төрсөн.,Сүүлийн 14 хоног,0–4 frequency,Огт байгаагүй | Ховор | Заримдаа | Олон удаа | Бараг үргэлж,false,2026075065,a5bcd7a0c40631b55f7913d87ea62f011d7758c1c0bad8a9a2d7e239170793b4,true
P19,5,RR03,Төлөвлөгөөгөө яг дагаагүй бол тэр өдрийг бүтэлгүй гэж үзсэн.,Сүүлийн 14 хоног,0–4 frequency,Огт байгаагүй | Ховор | Заримдаа | Олон удаа | Бараг үргэлж,true,2026075065,a5bcd7a0c40631b55f7913d87ea62f011d7758c1c0bad8a9a2d7e239170793b4,true
P19,6,HS05,Цадсан эсэхээ мэдэхэд эргэлзсэн.,Сүүлийн 14 хоног,0–4 frequency,Огт байгаагүй | Ховор | Заримдаа | Олон удаа | Бараг үргэлж,false,2026075065,a5bcd7a0c40631b55f7913d87ea62f011d7758c1c0bad8a9a2d7e239170793b4,true
P19,7,EE05,Уурлаж эсвэл бухимдсаны дараа хоол руу хандсан.,Сүүлийн 14 хоног,0–4 frequency,Огт байгаагүй | Ховор | Заримдаа | Олон удаа | Бараг үргэлж,true,2026075065,a5bcd7a0c40631b55f7913d87ea62f011d7758c1c0bad8a9a2d7e239170793b4,true
P19,8,HS03,Өлссөнөө бие их сульдсаны дараа л анзаарсан.,Сүүлийн 14 хоног,0–4 frequency,Огт байгаагүй | Ховор | Заримдаа | Олон удаа | Бараг үргэлж,false,2026075065,a5bcd7a0c40631b55f7913d87ea62f011d7758c1c0bad8a9a2d7e239170793b4,true
P19,9,RR04,Нэг удаа төлөвлөснөөс өөр идсэний дараа үлдсэн өдрөө хяналтгүй орхисон.,Сүүлийн 14 хоног,0–4 frequency,Огт байгаагүй | Ховор | Заримдаа | Олон удаа | Бараг үргэлж,true,2026075065,a5bcd7a0c40631b55f7913d87ea62f011d7758c1c0bad8a9a2d7e239170793b4,true
P19,10,IM06,Нэг өдөр хийж чадсан зүйлээ дараагийн өдрүүдэд давтахад хэцүү байсан.,Сүүлийн 14 хоног,0–4 frequency,Огт байгаагүй | Ховор | Заримдаа | Олон удаа | Бараг үргэлж,false,2026075065,a5bcd7a0c40631b55f7913d87ea62f011d7758c1c0bad8a9a2d7e239170793b4,true
P19,11,UC06,Идэж байхдаа түр зогсоод үргэлжлүүлэх эсэхээ бодож чадсан.,Сүүлийн 14 хоног,0–4 frequency,Огт байгаагүй | Ховор | Заримдаа | Олон удаа | Бараг үргэлж,true,2026075065,a5bcd7a0c40631b55f7913d87ea62f011d7758c1c0bad8a9a2d7e239170793b4,true
P19,12,SE01,Стресстэй өдөр өөрийн сонгосон уян хатан хоолны төлөвлөгөөг хэрэгжүүлж чадна гэдэгтээ хэр итгэлтэй байсан бэ?,Сүүлийн 14 хоног,0–4 confidence,Огт итгэлгүй | Бага зэрэг итгэлтэй | Дунд зэрэг итгэлтэй | Их итгэлтэй | Маш их итгэлтэй,true,2026075065,a5bcd7a0c40631b55f7913d87ea62f011d7758c1c0bad8a9a2d7e239170793b4,true
P19,13,BI04,Биеийн төрхдөө санаа зовсноос хүмүүстэй хийх үйл ажиллагаанаас татгалзсан.,Сүүлийн 14 хоног,0–4 frequency,Огт байгаагүй | Ховор | Заримдаа | Олон удаа | Бараг үргэлж,true,2026075065,a5bcd7a0c40631b55f7913d87ea62f011d7758c1c0bad8a9a2d7e239170793b4,true
P19,14,HA03,Идэж эхэлснээ хэдийн эхэлсний дараа анзаарсан.,Сүүлийн 14 хоног,0–4 frequency,Огт байгаагүй | Ховор | Заримдаа | Олон удаа | Бараг үргэлж,false,2026075065,a5bcd7a0c40631b55f7913d87ea62f011d7758c1c0bad8a9a2d7e239170793b4,true
P20,1,AC02,Сүүлийн 14 хоногт асуулт бүрт нэг ижил хариулт сонгох шаардлагатай мэт санагдсан.,Сүүлийн 14 хоног,0–4 frequency,Огт байгаагүй | Ховор | Заримдаа | Олон удаа | Бараг үргэлж,false,2026075065,39047dce1eb0822d6334416e17335cd70c657decfd9635fdea9c6ab37a749b48,true
P20,2,UC02,Анх бодсоноосоо илүү хэмжээгээр идсэн.,Сүүлийн 14 хоног,0–4 frequency,Огт байгаагүй | Ховор | Заримдаа | Олон удаа | Бараг үргэлж,true,2026075065,39047dce1eb0822d6334416e17335cd70c657decfd9635fdea9c6ab37a749b48,true
P20,3,BI03,Биеийн төрхөөсөө болж өмсөхийг хүссэн хувцсаа сонгоогүй.,Сүүлийн 14 хоног,0–4 frequency,Огт байгаагүй | Ховор | Заримдаа | Олон удаа | Бараг үргэлж,true,2026075065,39047dce1eb0822d6334416e17335cd70c657decfd9635fdea9c6ab37a749b48,true
P20,4,RR05,Төлөвлөгөөнөөс хазайсныхаа дараа маргааш нь дүрмээ улам чангалсан.,Сүүлийн 14 хоног,0–4 frequency,Огт байгаагүй | Ховор | Заримдаа | Олон удаа | Бараг үргэлж,true,2026075065,39047dce1eb0822d6334416e17335cd70c657decfd9635fdea9c6ab37a749b48,true
P20,5,EE02,Сэтгэл гунигтай үед хоол идэх нь түр тайвшруулна гэж мэдэрсэн.,Сүүлийн 14 хоног,0–4 frequency,Огт байгаагүй | Ховор | Заримдаа | Олон удаа | Бараг үргэлж,true,2026075065,39047dce1eb0822d6334416e17335cd70c657decfd9635fdea9c6ab37a749b48,true
P20,6,EC05,Хоолны тухай бодол хийж байсан зүйлээс минь анхаарал сарниулсан.,Сүүлийн 14 хоног,0–4 frequency,Огт байгаагүй | Ховор | Заримдаа | Олон удаа | Бараг үргэлж,true,2026075065,39047dce1eb0822d6334416e17335cd70c657decfd9635fdea9c6ab37a749b48,true
P20,7,HS02,Идэх хүсэл төрөхөд өлссөн эсэхээ ялгаж чадсан.,Сүүлийн 14 хоног,0–4 frequency,Огт байгаагүй | Ховор | Заримдаа | Олон удаа | Бараг үргэлж,false,2026075065,39047dce1eb0822d6334416e17335cd70c657decfd9635fdea9c6ab37a749b48,true
P20,8,BI06,Биеийнхээ талаар тавгүй байсан ч хүссэн үйл ажиллагаандаа оролцсон.,Сүүлийн 14 хоног,0–4 frequency,Огт байгаагүй | Ховор | Заримдаа | Олон удаа | Бараг үргэлж,true,2026075065,39047dce1eb0822d6334416e17335cd70c657decfd9635fdea9c6ab37a749b48,true
P20,9,HA06,Давтагддаг нөхцөлд идэхээсээ өмнө сонголтоо зориуд хийсэн.,Сүүлийн 14 хоног,0–4 frequency,Огт байгаагүй | Ховор | Заримдаа | Олон удаа | Бараг үргэлж,false,2026075065,39047dce1eb0822d6334416e17335cd70c657decfd9635fdea9c6ab37a749b48,true
P20,10,SE03,Бусадтай хамт хооллох үед өөрийн сонголтоо тайван хийж чадна гэдэгтээ хэр итгэлтэй байсан бэ?,Сүүлийн 14 хоног,0–4 confidence,Огт итгэлгүй | Бага зэрэг итгэлтэй | Дунд зэрэг итгэлтэй | Их итгэлтэй | Маш их итгэлтэй,true,2026075065,39047dce1eb0822d6334416e17335cd70c657decfd9635fdea9c6ab37a749b48,true
P20,11,EC06,Хоол харсан эсвэл үнэртсэн ч анхаарлаа өөр зүйлд буцааж чадсан.,Сүүлийн 14 хоног,0–4 frequency,Огт байгаагүй | Ховор | Заримдаа | Олон удаа | Бараг үргэлж,false,2026075065,39047dce1eb0822d6334416e17335cd70c657decfd9635fdea9c6ab37a749b48,true
P20,12,UC05,Багахан иднэ гэж эхэлсэн ч үргэлжлүүлээд идсэн.,Сүүлийн 14 хоног,0–4 frequency,Огт байгаагүй | Ховор | Заримдаа | Олон удаа | Бараг үргэлж,true,2026075065,39047dce1eb0822d6334416e17335cd70c657decfd9635fdea9c6ab37a749b48,true
P20,13,IM06,Нэг өдөр хийж чадсан зүйлээ дараагийн өдрүүдэд давтахад хэцүү байсан.,Сүүлийн 14 хоног,0–4 frequency,Огт байгаагүй | Ховор | Заримдаа | Олон удаа | Бараг үргэлж,false,2026075065,39047dce1eb0822d6334416e17335cd70c657decfd9635fdea9c6ab37a749b48,true
P20,14,SE06,Ядарсан үедээ ч өөрт боломжтой хамгийн жижиг хувилбарыг сонгож чадна гэдэгтээ хэр итгэлтэй байсан бэ?,Сүүлийн 14 хоног,0–4 confidence,Огт итгэлгүй | Бага зэрэг итгэлтэй | Дунд зэрэг итгэлтэй | Их итгэлтэй | Маш их итгэлтэй,false,2026075065,39047dce1eb0822d6334416e17335cd70c657decfd9635fdea9c6ab37a749b48,true
P21,1,RR02,Зарим хоолыг өөртөө бүрэн хориглох дүрэм тогтоосон.,Сүүлийн 14 хоног,0–4 frequency,Огт байгаагүй | Ховор | Заримдаа | Олон удаа | Бараг үргэлж,true,2026075065,7e4a6e4fdcc655eb53fd15d23457c8a5a3b5fa9d742c03c55f985ab7c9d64977,true
P21,2,HS03,Өлссөнөө бие их сульдсаны дараа л анзаарсан.,Сүүлийн 14 хоног,0–4 frequency,Огт байгаагүй | Ховор | Заримдаа | Олон удаа | Бараг үргэлж,false,2026075065,7e4a6e4fdcc655eb53fd15d23457c8a5a3b5fa9d742c03c55f985ab7c9d64977,true
P21,3,BI06,Биеийнхээ талаар тавгүй байсан ч хүссэн үйл ажиллагаандаа оролцсон.,Сүүлийн 14 хоног,0–4 frequency,Огт байгаагүй | Ховор | Заримдаа | Олон удаа | Бараг үргэлж,true,2026075065,7e4a6e4fdcc655eb53fd15d23457c8a5a3b5fa9d742c03c55f985ab7c9d64977,true
P21,4,AC01,Энэ мөрөнд хариултын чанарыг шалгахын тулд «Заримдаа»-г сонгоно уу.,Одоогийн асуулт,0–4 frequency,Огт байгаагүй | Ховор | Заримдаа | Олон удаа | Бараг үргэлж,false,2026075065,7e4a6e4fdcc655eb53fd15d23457c8a5a3b5fa9d742c03c55f985ab7c9d64977,true
P21,5,IM01,Юуг яг хэзээ хийх нь тодорхойгүйгээс төлөвлөгөөгөө эхлүүлээгүй.,Сүүлийн 14 хоног,0–4 frequency,Огт байгаагүй | Ховор | Заримдаа | Олон удаа | Бараг үргэлж,false,2026075065,7e4a6e4fdcc655eb53fd15d23457c8a5a3b5fa9d742c03c55f985ab7c9d64977,true
P21,6,EE06,Таагүй мэдрэмжээ хоол идэлгүй өнгөрөөж чадсан.,Сүүлийн 14 хоног,0–4 frequency,Огт байгаагүй | Ховор | Заримдаа | Олон удаа | Бараг үргэлж,true,2026075065,7e4a6e4fdcc655eb53fd15d23457c8a5a3b5fa9d742c03c55f985ab7c9d64977,true
P21,7,HS06,Биеийн дохио тодорхой байсан ч хэзээ эхлэх эсвэл зогсохоо шийдэхэд ашиглаж чадаагүй.,Сүүлийн 14 хоног,0–4 frequency,Огт байгаагүй | Ховор | Заримдаа | Олон удаа | Бараг үргэлж,false,2026075065,7e4a6e4fdcc655eb53fd15d23457c8a5a3b5fa9d742c03c55f985ab7c9d64977,true
P21,8,HA06,Давтагддаг нөхцөлд идэхээсээ өмнө сонголтоо зориуд хийсэн.,Сүүлийн 14 хоног,0–4 frequency,Огт байгаагүй | Ховор | Заримдаа | Олон удаа | Бараг үргэлж,false,2026075065,7e4a6e4fdcc655eb53fd15d23457c8a5a3b5fa9d742c03c55f985ab7c9d64977,true
P21,9,EC04,Хоолны апп эсвэл сурталчилгаа харсны дараа хоол бодогдсоор байсан.,Сүүлийн 14 хоног,0–4 frequency,Огт байгаагүй | Ховор | Заримдаа | Олон удаа | Бараг үргэлж,false,2026075065,7e4a6e4fdcc655eb53fd15d23457c8a5a3b5fa9d742c03c55f985ab7c9d64977,true
P21,10,BI01,Биеийн төрхөөсөө санаа зовж зураг авахуулахаас зайлсхийсэн.,Сүүлийн 14 хоног,0–4 frequency,Огт байгаагүй | Ховор | Заримдаа | Олон удаа | Бараг үргэлж,true,2026075065,7e4a6e4fdcc655eb53fd15d23457c8a5a3b5fa9d742c03c55f985ab7c9d64977,true
P21,11,UC05,Багахан иднэ гэж эхэлсэн ч үргэлжлүүлээд идсэн.,Сүүлийн 14 хоног,0–4 frequency,Огт байгаагүй | Ховор | Заримдаа | Олон удаа | Бараг үргэлж,true,2026075065,7e4a6e4fdcc655eb53fd15d23457c8a5a3b5fa9d742c03c55f985ab7c9d64977,true
P21,12,SE04,Идэх зүйл ойрхон байсан ч идэх эсэхээ бодож сонгож чадна гэдэгтээ хэр итгэлтэй байсан бэ?,Сүүлийн 14 хоног,0–4 confidence,Огт итгэлгүй | Бага зэрэг итгэлтэй | Дунд зэрэг итгэлтэй | Их итгэлтэй | Маш их итгэлтэй,false,2026075065,7e4a6e4fdcc655eb53fd15d23457c8a5a3b5fa9d742c03c55f985ab7c9d64977,true
P21,13,SE01,Стресстэй өдөр өөрийн сонгосон уян хатан хоолны төлөвлөгөөг хэрэгжүүлж чадна гэдэгтээ хэр итгэлтэй байсан бэ?,Сүүлийн 14 хоног,0–4 confidence,Огт итгэлгүй | Бага зэрэг итгэлтэй | Дунд зэрэг итгэлтэй | Их итгэлтэй | Маш их итгэлтэй,true,2026075065,7e4a6e4fdcc655eb53fd15d23457c8a5a3b5fa9d742c03c55f985ab7c9d64977,true
P21,14,RR05,Төлөвлөгөөнөөс хазайсныхаа дараа маргааш нь дүрмээ улам чангалсан.,Сүүлийн 14 хоног,0–4 frequency,Огт байгаагүй | Ховор | Заримдаа | Олон удаа | Бараг үргэлж,true,2026075065,7e4a6e4fdcc655eb53fd15d23457c8a5a3b5fa9d742c03c55f985ab7c9d64977,true
P22,1,HS01,Өлсөлт хэт хүчтэй болохоос өмнө биеийн дохиогоо анзаарсан.,Сүүлийн 14 хоног,0–4 frequency,Огт байгаагүй | Ховор | Заримдаа | Олон удаа | Бараг үргэлж,false,2026075065,5b65d264dda6423fb2de68d8b98dac85619a9a227d3a2d32757fab06766c8ef5,true
P22,2,RR05,Төлөвлөгөөнөөс хазайсныхаа дараа маргааш нь дүрмээ улам чангалсан.,Сүүлийн 14 хоног,0–4 frequency,Огт байгаагүй | Ховор | Заримдаа | Олон удаа | Бараг үргэлж,true,2026075065,5b65d264dda6423fb2de68d8b98dac85619a9a227d3a2d32757fab06766c8ef5,true
P22,3,UC04,Идэж байхдаа үйлдлээ өөрөө удирдаж чадахгүй мэт санагдсан.,Сүүлийн 14 хоног,0–4 frequency,Огт байгаагүй | Ховор | Заримдаа | Олон удаа | Бараг үргэлж,true,2026075065,5b65d264dda6423fb2de68d8b98dac85619a9a227d3a2d32757fab06766c8ef5,true
P22,4,EE04,Ганцаардсан мэдрэмж төрөхөд идэх хүсэл нэмэгдсэн.,Сүүлийн 14 хоног,0–4 frequency,Огт байгаагүй | Ховор | Заримдаа | Олон удаа | Бараг үргэлж,true,2026075065,5b65d264dda6423fb2de68d8b98dac85619a9a227d3a2d32757fab06766c8ef5,true
P22,5,BI05,Бусад хүн биеийг минь анзаарах вий гэж бодоод хөдөлгөөн хийхээс зайлсхийсэн.,Сүүлийн 14 хоног,0–4 frequency,Огт байгаагүй | Ховор | Заримдаа | Олон удаа | Бараг үргэлж,true,2026075065,5b65d264dda6423fb2de68d8b98dac85619a9a227d3a2d32757fab06766c8ef5,true
P22,6,BI01,Биеийн төрхөөсөө санаа зовж зураг авахуулахаас зайлсхийсэн.,Сүүлийн 14 хоног,0–4 frequency,Огт байгаагүй | Ховор | Заримдаа | Олон удаа | Бараг үргэлж,true,2026075065,5b65d264dda6423fb2de68d8b98dac85619a9a227d3a2d32757fab06766c8ef5,true
P22,7,RR02,Зарим хоолыг өөртөө бүрэн хориглох дүрэм тогтоосон.,Сүүлийн 14 хоног,0–4 frequency,Огт байгаагүй | Ховор | Заримдаа | Олон удаа | Бараг үргэлж,true,2026075065,5b65d264dda6423fb2de68d8b98dac85619a9a227d3a2d32757fab06766c8ef5,true
P22,8,EE01,Сүүлийн 14 хоногт стресстсэн үедээ өлсөөгүй байсан ч юм идсэн.,Сүүлийн 14 хоног,0–4 frequency,Огт байгаагүй | Ховор | Заримдаа | Олон удаа | Бараг үргэлж,true,2026075065,5b65d264dda6423fb2de68d8b98dac85619a9a227d3a2d32757fab06766c8ef5,true
P22,9,HA01,Тодорхой цаг эсвэл газар болоход бодолгүйгээр идэх зүйл рүү гараа сунгасан.,Сүүлийн 14 хоног,0–4 frequency,Огт байгаагүй | Ховор | Заримдаа | Олон удаа | Бараг үргэлж,false,2026075065,5b65d264dda6423fb2de68d8b98dac85619a9a227d3a2d32757fab06766c8ef5,true
P22,10,HA02,Нэг үйлдлийн дараа юм идэх нь автоматаар үргэлжилдэг дараалал болсон.,Сүүлийн 14 хоног,0–4 frequency,Огт байгаагүй | Ховор | Заримдаа | Олон удаа | Бараг үргэлж,false,2026075065,5b65d264dda6423fb2de68d8b98dac85619a9a227d3a2d32757fab06766c8ef5,true
P22,11,IM03,Завгүй өдөр хийх хамгийн жижиг хувилбар надад бэлэн байсан.,Сүүлийн 14 хоног,0–4 frequency,Огт байгаагүй | Ховор | Заримдаа | Олон удаа | Бараг үргэлж,false,2026075065,5b65d264dda6423fb2de68d8b98dac85619a9a227d3a2d32757fab06766c8ef5,true
P22,12,EC03,Идэх зүйл ойрхон бэлэн байснаас төлөвлөөгүй үедээ идсэн.,Сүүлийн 14 хоног,0–4 frequency,Огт байгаагүй | Ховор | Заримдаа | Олон удаа | Бараг үргэлж,false,2026075065,5b65d264dda6423fb2de68d8b98dac85619a9a227d3a2d32757fab06766c8ef5,true
P22,13,SE02,Зав багатай үед өөрт тохирох боломжит хоолны сонголт хийж чадна гэдэгтээ хэр итгэлтэй байсан бэ?,Сүүлийн 14 хоног,0–4 confidence,Огт итгэлгүй | Бага зэрэг итгэлтэй | Дунд зэрэг итгэлтэй | Их итгэлтэй | Маш их итгэлтэй,false,2026075065,5b65d264dda6423fb2de68d8b98dac85619a9a227d3a2d32757fab06766c8ef5,true
P22,14,SE04,Идэх зүйл ойрхон байсан ч идэх эсэхээ бодож сонгож чадна гэдэгтээ хэр итгэлтэй байсан бэ?,Сүүлийн 14 хоног,0–4 confidence,Огт итгэлгүй | Бага зэрэг итгэлтэй | Дунд зэрэг итгэлтэй | Их итгэлтэй | Маш их итгэлтэй,false,2026075065,5b65d264dda6423fb2de68d8b98dac85619a9a227d3a2d32757fab06766c8ef5,true
P23,1,BI02,Биеэ харах эвгүй санагдсанаас толиноос зайлсхийсэн.,Сүүлийн 14 хоног,0–4 frequency,Огт байгаагүй | Ховор | Заримдаа | Олон удаа | Бараг үргэлж,true,2026075065,48ff6286f94f9df33f468b8a2367c277fd8d0bd8bda4d74a00ba9660e4455645,true
P23,2,RR06,Төлөвлөснөөс өөр идсэн ч дараагийн хоолноос хэвийн хэмнэлдээ орсон.,Сүүлийн 14 хоног,0–4 frequency,Огт байгаагүй | Ховор | Заримдаа | Олон удаа | Бараг үргэлж,true,2026075065,48ff6286f94f9df33f468b8a2367c277fd8d0bd8bda4d74a00ba9660e4455645,true
P23,3,UC05,Багахан иднэ гэж эхэлсэн ч үргэлжлүүлээд идсэн.,Сүүлийн 14 хоног,0–4 frequency,Огт байгаагүй | Ховор | Заримдаа | Олон удаа | Бараг үргэлж,true,2026075065,48ff6286f94f9df33f468b8a2367c277fd8d0bd8bda4d74a00ba9660e4455645,true
P23,4,IM05,Нэг удаа алгассан ч дараагийн боломж дээрээ эргэн үргэлжлүүлсэн.,Сүүлийн 14 хоног,0–4 frequency,Огт байгаагүй | Ховор | Заримдаа | Олон удаа | Бараг үргэлж,false,2026075065,48ff6286f94f9df33f468b8a2367c277fd8d0bd8bda4d74a00ba9660e4455645,true
P23,5,SE02,Зав багатай үед өөрт тохирох боломжит хоолны сонголт хийж чадна гэдэгтээ хэр итгэлтэй байсан бэ?,Сүүлийн 14 хоног,0–4 confidence,Огт итгэлгүй | Бага зэрэг итгэлтэй | Дунд зэрэг итгэлтэй | Их итгэлтэй | Маш их итгэлтэй,false,2026075065,48ff6286f94f9df33f468b8a2367c277fd8d0bd8bda4d74a00ba9660e4455645,true
P23,6,RR02,Зарим хоолыг өөртөө бүрэн хориглох дүрэм тогтоосон.,Сүүлийн 14 хоног,0–4 frequency,Огт байгаагүй | Ховор | Заримдаа | Олон удаа | Бараг үргэлж,true,2026075065,48ff6286f94f9df33f468b8a2367c277fd8d0bd8bda4d74a00ba9660e4455645,true
P23,7,HS02,Идэх хүсэл төрөхөд өлссөн эсэхээ ялгаж чадсан.,Сүүлийн 14 хоног,0–4 frequency,Огт байгаагүй | Ховор | Заримдаа | Олон удаа | Бараг үргэлж,false,2026075065,48ff6286f94f9df33f468b8a2367c277fd8d0bd8bda4d74a00ba9660e4455645,true
P23,8,EC02,Хоолны үнэр анхаарлыг минь татаж идэхээр шийдэхэд нөлөөлсөн.,Сүүлийн 14 хоног,0–4 frequency,Огт байгаагүй | Ховор | Заримдаа | Олон удаа | Бараг үргэлж,false,2026075065,48ff6286f94f9df33f468b8a2367c277fd8d0bd8bda4d74a00ba9660e4455645,true
P23,9,EE06,Таагүй мэдрэмжээ хоол идэлгүй өнгөрөөж чадсан.,Сүүлийн 14 хоног,0–4 frequency,Огт байгаагүй | Ховор | Заримдаа | Олон удаа | Бараг үргэлж,true,2026075065,48ff6286f94f9df33f468b8a2367c277fd8d0bd8bda4d74a00ba9660e4455645,true
P23,10,BI04,Биеийн төрхдөө санаа зовсноос хүмүүстэй хийх үйл ажиллагаанаас татгалзсан.,Сүүлийн 14 хоног,0–4 frequency,Огт байгаагүй | Ховор | Заримдаа | Олон удаа | Бараг үргэлж,true,2026075065,48ff6286f94f9df33f468b8a2367c277fd8d0bd8bda4d74a00ba9660e4455645,true
P23,11,HA01,Тодорхой цаг эсвэл газар болоход бодолгүйгээр идэх зүйл рүү гараа сунгасан.,Сүүлийн 14 хоног,0–4 frequency,Огт байгаагүй | Ховор | Заримдаа | Олон удаа | Бараг үргэлж,false,2026075065,48ff6286f94f9df33f468b8a2367c277fd8d0bd8bda4d74a00ba9660e4455645,true
P23,12,UC04,Идэж байхдаа үйлдлээ өөрөө удирдаж чадахгүй мэт санагдсан.,Сүүлийн 14 хоног,0–4 frequency,Огт байгаагүй | Ховор | Заримдаа | Олон удаа | Бараг үргэлж,true,2026075065,48ff6286f94f9df33f468b8a2367c277fd8d0bd8bda4d74a00ba9660e4455645,true
P23,13,AC01,Энэ мөрөнд хариултын чанарыг шалгахын тулд «Заримдаа»-г сонгоно уу.,Одоогийн асуулт,0–4 frequency,Огт байгаагүй | Ховор | Заримдаа | Олон удаа | Бараг үргэлж,false,2026075065,48ff6286f94f9df33f468b8a2367c277fd8d0bd8bda4d74a00ba9660e4455645,true
P23,14,HA05,Зууш авахдаа үнэхээр хүсэж байгаа эсэхээ бодолгүй сонгосон.,Сүүлийн 14 хоног,0–4 frequency,Огт байгаагүй | Ховор | Заримдаа | Олон удаа | Бараг үргэлж,false,2026075065,48ff6286f94f9df33f468b8a2367c277fd8d0bd8bda4d74a00ba9660e4455645,true
P24,1,EC04,Хоолны апп эсвэл сурталчилгаа харсны дараа хоол бодогдсоор байсан.,Сүүлийн 14 хоног,0–4 frequency,Огт байгаагүй | Ховор | Заримдаа | Олон удаа | Бараг үргэлж,false,2026075065,72692f6542acb0be2689afa8d7ac9599d379cb15c803475c0eba9c83019b5013,true
P24,2,RR03,Төлөвлөгөөгөө яг дагаагүй бол тэр өдрийг бүтэлгүй гэж үзсэн.,Сүүлийн 14 хоног,0–4 frequency,Огт байгаагүй | Ховор | Заримдаа | Олон удаа | Бараг үргэлж,true,2026075065,72692f6542acb0be2689afa8d7ac9599d379cb15c803475c0eba9c83019b5013,true
P24,3,UC05,Багахан иднэ гэж эхэлсэн ч үргэлжлүүлээд идсэн.,Сүүлийн 14 хоног,0–4 frequency,Огт байгаагүй | Ховор | Заримдаа | Олон удаа | Бараг үргэлж,true,2026075065,72692f6542acb0be2689afa8d7ac9599d379cb15c803475c0eba9c83019b5013,true
P24,4,AC02,Сүүлийн 14 хоногт асуулт бүрт нэг ижил хариулт сонгох шаардлагатай мэт санагдсан.,Сүүлийн 14 хоног,0–4 frequency,Огт байгаагүй | Ховор | Заримдаа | Олон удаа | Бараг үргэлж,false,2026075065,72692f6542acb0be2689afa8d7ac9599d379cb15c803475c0eba9c83019b5013,true
P24,5,HS04,Тав тухтай цадсан мөчөө идэж байхдаа анзаарсан.,Сүүлийн 14 хоног,0–4 frequency,Огт байгаагүй | Ховор | Заримдаа | Олон удаа | Бараг үргэлж,false,2026075065,72692f6542acb0be2689afa8d7ac9599d379cb15c803475c0eba9c83019b5013,true
P24,6,EE01,Сүүлийн 14 хоногт стресстсэн үедээ өлсөөгүй байсан ч юм идсэн.,Сүүлийн 14 хоног,0–4 frequency,Огт байгаагүй | Ховор | Заримдаа | Олон удаа | Бараг үргэлж,true,2026075065,72692f6542acb0be2689afa8d7ac9599d379cb15c803475c0eba9c83019b5013,true
P24,7,UC01,Идэж эхэлсний дараа хүссэн үедээ зогсоох хэцүү байсан.,Сүүлийн 14 хоног,0–4 frequency,Огт байгаагүй | Ховор | Заримдаа | Олон удаа | Бараг үргэлж,true,2026075065,72692f6542acb0be2689afa8d7ac9599d379cb15c803475c0eba9c83019b5013,true
P24,8,HA01,Тодорхой цаг эсвэл газар болоход бодолгүйгээр идэх зүйл рүү гараа сунгасан.,Сүүлийн 14 хоног,0–4 frequency,Огт байгаагүй | Ховор | Заримдаа | Олон удаа | Бараг үргэлж,false,2026075065,72692f6542acb0be2689afa8d7ac9599d379cb15c803475c0eba9c83019b5013,true
P24,9,HA06,Давтагддаг нөхцөлд идэхээсээ өмнө сонголтоо зориуд хийсэн.,Сүүлийн 14 хоног,0–4 frequency,Огт байгаагүй | Ховор | Заримдаа | Олон удаа | Бараг үргэлж,false,2026075065,72692f6542acb0be2689afa8d7ac9599d379cb15c803475c0eba9c83019b5013,true
P24,10,EE05,Уурлаж эсвэл бухимдсаны дараа хоол руу хандсан.,Сүүлийн 14 хоног,0–4 frequency,Огт байгаагүй | Ховор | Заримдаа | Олон удаа | Бараг үргэлж,true,2026075065,72692f6542acb0be2689afa8d7ac9599d379cb15c803475c0eba9c83019b5013,true
P24,11,SE03,Бусадтай хамт хооллох үед өөрийн сонголтоо тайван хийж чадна гэдэгтээ хэр итгэлтэй байсан бэ?,Сүүлийн 14 хоног,0–4 confidence,Огт итгэлгүй | Бага зэрэг итгэлтэй | Дунд зэрэг итгэлтэй | Их итгэлтэй | Маш их итгэлтэй,true,2026075065,72692f6542acb0be2689afa8d7ac9599d379cb15c803475c0eba9c83019b5013,true
P24,12,BI04,Биеийн төрхдөө санаа зовсноос хүмүүстэй хийх үйл ажиллагаанаас татгалзсан.,Сүүлийн 14 хоног,0–4 frequency,Огт байгаагүй | Ховор | Заримдаа | Олон удаа | Бараг үргэлж,true,2026075065,72692f6542acb0be2689afa8d7ac9599d379cb15c803475c0eba9c83019b5013,true
P24,13,IM05,Нэг удаа алгассан ч дараагийн боломж дээрээ эргэн үргэлжлүүлсэн.,Сүүлийн 14 хоног,0–4 frequency,Огт байгаагүй | Ховор | Заримдаа | Олон удаа | Бараг үргэлж,false,2026075065,72692f6542acb0be2689afa8d7ac9599d379cb15c803475c0eba9c83019b5013,true
P24,14,HS06,Биеийн дохио тодорхой байсан ч хэзээ эхлэх эсвэл зогсохоо шийдэхэд ашиглаж чадаагүй.,Сүүлийн 14 хоног,0–4 frequency,Огт байгаагүй | Ховор | Заримдаа | Олон удаа | Бараг үргэлж,false,2026075065,72692f6542acb0be2689afa8d7ac9599d379cb15c803475c0eba9c83019b5013,true
